ISO-10303-21;
HEADER;
FILE_DESCRIPTION(('ViewDefinition[DesignTransferView]'),'2;1');
FILE_NAME('s03-discussion.ifc','2026-10-07T07:02:12+08:00',(''),(''),'IfcOpenShell 0.8.5-post1','Bonsai 0.8.5-post1','Nobody');
FILE_SCHEMA(('IFC4'));
ENDSEC;
DATA;
#1=IFCPROJECT('0i3jZaEcrCcO9YjM6A$6KX',$,'My Project',$,$,$,$,(#10,#22),#5);
#2=IFCSIUNIT(*,.LENGTHUNIT.,$,.METRE.);
#3=IFCSIUNIT(*,.AREAUNIT.,$,.SQUARE_METRE.);
#4=IFCSIUNIT(*,.VOLUMEUNIT.,$,.CUBIC_METRE.);
#5=IFCUNITASSIGNMENT((#4,#2,#3));
#6=IFCCARTESIANPOINT((0.,0.,0.));
#7=IFCDIRECTION((0.,0.,1.));
#8=IFCDIRECTION((1.,0.,0.));
#9=IFCAXIS2PLACEMENT3D(#6,#7,#8);
#10=IFCGEOMETRICREPRESENTATIONCONTEXT($,'Model',3,1.0000000000000001E-05,#9,$);
#11=IFCGEOMETRICREPRESENTATIONSUBCONTEXT('Body','Model',*,*,*,*,#10,$,.MODEL_VIEW.,$);
#12=IFCGEOMETRICREPRESENTATIONSUBCONTEXT('Axis','Model',*,*,*,*,#10,$,.GRAPH_VIEW.,$);
#13=IFCGEOMETRICREPRESENTATIONSUBCONTEXT('Box','Model',*,*,*,*,#10,$,.MODEL_VIEW.,$);
#14=IFCGEOMETRICREPRESENTATIONSUBCONTEXT('Annotation','Model',*,*,*,*,#10,$,.SECTION_VIEW.,$);
#15=IFCGEOMETRICREPRESENTATIONSUBCONTEXT('Annotation','Model',*,*,*,*,#10,$,.ELEVATION_VIEW.,$);
#16=IFCGEOMETRICREPRESENTATIONSUBCONTEXT('Annotation','Model',*,*,*,*,#10,$,.MODEL_VIEW.,$);
#17=IFCGEOMETRICREPRESENTATIONSUBCONTEXT('Annotation','Model',*,*,*,*,#10,$,.PLAN_VIEW.,$);
#18=IFCGEOMETRICREPRESENTATIONSUBCONTEXT('Profile','Model',*,*,*,*,#10,$,.ELEVATION_VIEW.,$);
#19=IFCCARTESIANPOINT((0.,0.));
#20=IFCDIRECTION((1.,0.));
#21=IFCAXIS2PLACEMENT2D(#19,#20);
#22=IFCGEOMETRICREPRESENTATIONCONTEXT($,'Plan',2,1.0000000000000001E-05,#21,$);
#23=IFCGEOMETRICREPRESENTATIONSUBCONTEXT('Axis','Plan',*,*,*,*,#22,$,.GRAPH_VIEW.,$);
#24=IFCGEOMETRICREPRESENTATIONSUBCONTEXT('Body','Plan',*,*,*,*,#22,$,.PLAN_VIEW.,$);
#25=IFCGEOMETRICREPRESENTATIONSUBCONTEXT('Annotation','Plan',*,*,*,*,#22,$,.PLAN_VIEW.,$);
#26=IFCGEOMETRICREPRESENTATIONSUBCONTEXT('Annotation','Plan',*,*,*,*,#22,$,.REFLECTED_PLAN_VIEW.,$);
#27=IFCSITE('2nGngZZQTCIA7CjLzEDrrS',$,'My Site',$,$,#50,$,$,$,$,$,$,$,$);
#33=IFCBUILDING('2gFqXt5SrBc86tzCKwMcii',$,'My Building',$,$,#56,$,$,$,$,$,$);
#39=IFCBUILDINGSTOREY('0$hmVFWQzBJPdQ69fPKiSF',$,'2F',$,$,#3835,$,$,$,$);
#45=IFCRELAGGREGATES('2bqVQjel9DdgW3vpYWYOxx',$,$,$,#1,(#27));
#46=IFCCARTESIANPOINT((0.,0.,0.));
#47=IFCDIRECTION((0.,0.,1.));
#48=IFCDIRECTION((1.,0.,0.));
#49=IFCAXIS2PLACEMENT3D(#46,#47,#48);
#50=IFCLOCALPLACEMENT($,#49);
#51=IFCRELAGGREGATES('00CvF_zirBze2QD$t7zImS',$,$,$,#27,(#33));
#52=IFCCARTESIANPOINT((0.,0.,0.));
#53=IFCDIRECTION((0.,0.,1.));
#54=IFCDIRECTION((1.,0.,0.));
#55=IFCAXIS2PLACEMENT3D(#52,#53,#54);
#56=IFCLOCALPLACEMENT(#50,#55);
#57=IFCRELAGGREGATES('0hRAZkmff4zAXW9xrxU1Aq',$,$,$,#33,(#9140,#39,#63));
#63=IFCBUILDINGSTOREY('3UHHvE5Hr6HgmA3JkUGQFf',$,'GF',$,$,#79,$,$,$,$);
#75=IFCCARTESIANPOINT((0.,0.,0.));
#76=IFCDIRECTION((0.,0.,1.));
#77=IFCDIRECTION((1.,0.,0.));
#78=IFCAXIS2PLACEMENT3D(#75,#76,#77);
#79=IFCLOCALPLACEMENT(#56,#78);
#80=IFCWALLTYPE('0zXMikY4vBYhPOQ02DmmJ1',$,'Wall',$,$,(#85),$,$,$,.SOLIDWALL.);
#81=IFCMATERIAL('Unknown',$,$);
#82=IFCMATERIALLAYERSET((#84),$,$);
#83=IFCRELASSOCIATESMATERIAL('14VUDs4Vz818GGX7Oc9fn3',$,$,$,(#80),#82);
#84=IFCMATERIALLAYER(#81,0.10000000000000001,$,$,$,$,$);
#85=IFCPROPERTYSET('1gfIMROcn2X9KqgoSmPtJJ',$,'EPset_Parametric',$,(#86));
#86=IFCPROPERTYSINGLEVALUE('LayerSetDirection',$,IFCLABEL('AXIS2'),$);
#87=IFCWALL('3or_4xuLbA58Ph90hDwTYW',$,'Wall',$,$,#625,#95,$,$);
#88=IFCRELCONTAINEDINSPATIALSTRUCTURE('29u$0aQkHAn8gyKQC6SAZs',$,$,$,(#664,#896,#139,#1555,#239,#264,#164,#2747,#3430,#87,#2139,#1263,#639,#189,#214,#114,#769,#2404,#871,#1132,#1847,#3175),#63);
#89=IFCRELDEFINESBYTYPE('3w7p$iWeT60gCQBv0cW97a',$,$,$,(#264,#769,#639,#664,#871,#87,#139,#239,#189,#114,#896,#164,#214),#80);
#90=IFCMATERIALLAYERSETUSAGE(#82,.AXIS2.,.POSITIVE.,0.,$);
#91=IFCRELASSOCIATESMATERIAL('2WPyj7r8T1R8QL5PZO9rLz',$,$,$,(#87),#90);
#95=IFCPRODUCTDEFINITIONSHAPE($,$,(#620,#617));
#111=IFCPROPERTYSET('3eJ9gylqbCK99req4Fitzm',$,'EPset_Parametric',$,(#113));
#112=IFCRELDEFINESBYPROPERTIES('391VDhrAHCogw5dNIKRkWa',$,$,$,(#87),#111);
#113=IFCPROPERTYSINGLEVALUE('Engine',$,IFCLABEL('Bonsai.DumbLayer2'),$);
#114=IFCWALL('0esJ0QuIX2f8_gUvR6zSd3',$,'Wall',$,$,#125,#120,$,$);
#115=IFCMATERIALLAYERSETUSAGE(#82,.AXIS2.,.POSITIVE.,0.,$);
#116=IFCRELASSOCIATESMATERIAL('3mr3330d13DxeYE0z_8qqj',$,$,$,(#114),#115);
#120=IFCPRODUCTDEFINITIONSHAPE($,$,(#451,#448));
#121=IFCCARTESIANPOINT((4.2266049385070801,-2.5901062488555908,0.));
#122=IFCDIRECTION((0.,0.,1.));
#123=IFCDIRECTION((7.5497901264043109E-08,0.99999999999999711,0.));
#124=IFCAXIS2PLACEMENT3D(#121,#122,#123);
#125=IFCLOCALPLACEMENT(#79,#124);
#136=IFCPROPERTYSET('10p0WTP_zF3etJ2rba_yk4',$,'EPset_Parametric',$,(#138));
#137=IFCRELDEFINESBYPROPERTIES('2hpu$alET89vFe0Z2bXP6q',$,$,$,(#114),#136);
#138=IFCPROPERTYSINGLEVALUE('Engine',$,IFCLABEL('Bonsai.DumbLayer2'),$);
#139=IFCWALL('1LKv1_aYn0fwt8sFYh_JKK',$,'Wall',$,$,#438,#145,$,$);
#140=IFCMATERIALLAYERSETUSAGE(#82,.AXIS2.,.POSITIVE.,0.,$);
#141=IFCRELASSOCIATESMATERIAL('1UfML6CwfDYe5mAzyP42ec',$,$,$,(#139),#140);
#145=IFCPRODUCTDEFINITIONSHAPE($,$,(#483,#480));
#161=IFCPROPERTYSET('2LNb5z8Gj7wehOs4ERr03v',$,'EPset_Parametric',$,(#163));
#162=IFCRELDEFINESBYPROPERTIES('38g_7kE1z1k9zPHdVacs6s',$,$,$,(#139),#161);
#163=IFCPROPERTYSINGLEVALUE('Engine',$,IFCLABEL('Bonsai.DumbLayer2'),$);
#164=IFCWALL('3A2DT86bT3HQoPmsN95VZl',$,'Wall',$,$,#470,#170,$,$);
#165=IFCMATERIALLAYERSETUSAGE(#82,.AXIS2.,.POSITIVE.,0.,$);
#166=IFCRELASSOCIATESMATERIAL('3yIX11WdfFxBTu01LnozVm',$,$,$,(#164),#165);
#170=IFCPRODUCTDEFINITIONSHAPE($,$,(#510,#507));
#186=IFCPROPERTYSET('07ai3dBv5CZ8DjkDWwX$Ks',$,'EPset_Parametric',$,(#188));
#187=IFCRELDEFINESBYPROPERTIES('0mP_vllXD178J8hiLZG78s',$,$,$,(#164),#186);
#188=IFCPROPERTYSINGLEVALUE('Engine',$,IFCLABEL('Bonsai.DumbLayer2'),$);
#189=IFCWALL('0Oo9jk5RL6BBDSAWK4e8kF',$,'Wall',$,$,#200,#195,$,$);
#190=IFCMATERIALLAYERSETUSAGE(#82,.AXIS2.,.POSITIVE.,0.,$);
#191=IFCRELASSOCIATESMATERIAL('2KfYJizV15ueRybDX3kY3m',$,$,$,(#189),#190);
#195=IFCPRODUCTDEFINITIONSHAPE($,$,(#1061,#1058));
#196=IFCCARTESIANPOINT((0.77660453319549561,5.0198936462402344,0.));
#197=IFCDIRECTION((0.,0.,1.));
#198=IFCDIRECTION((-0.99999999999992428,3.8941436741876494E-07,0.));
#199=IFCAXIS2PLACEMENT3D(#196,#197,#198);
#200=IFCLOCALPLACEMENT(#79,#199);
#211=IFCPROPERTYSET('1C$WDrv794GwzD$dVPR46v',$,'EPset_Parametric',$,(#213));
#212=IFCRELDEFINESBYPROPERTIES('1rilwC7P16nhc5iRSvV92_',$,$,$,(#189),#211);
#213=IFCPROPERTYSINGLEVALUE('Engine',$,IFCLABEL('Bonsai.DumbLayer2'),$);
#214=IFCWALL('1bHi$pRRDF08AxO6OYhWDz',$,'Wall',$,$,#529,#220,$,$);
#215=IFCMATERIALLAYERSETUSAGE(#82,.AXIS2.,.POSITIVE.,0.,$);
#216=IFCRELASSOCIATESMATERIAL('3Z2AA28$f9TuNO4C_Uogpq',$,$,$,(#214),#215);
#220=IFCPRODUCTDEFINITIONSHAPE($,$,(#768,#765));
#236=IFCPROPERTYSET('23h0ZwMO15WuKKEl1e$hmg',$,'EPset_Parametric',$,(#238));
#237=IFCRELDEFINESBYPROPERTIES('31YqxPQAH6IQCyP4K62tN1',$,$,$,(#214),#236);
#238=IFCPROPERTYSINGLEVALUE('Engine',$,IFCLABEL('Bonsai.DumbLayer2'),$);
#239=IFCWALL('2IWHwWhT95B8w6m1QLGpcp',$,'Wall',$,$,#561,#245,$,$);
#240=IFCMATERIALLAYERSETUSAGE(#82,.AXIS2.,.POSITIVE.,0.,$);
#241=IFCRELASSOCIATESMATERIAL('1QdBGtQCz7IPgjCY7FAGw0',$,$,$,(#239),#240);
#245=IFCPRODUCTDEFINITIONSHAPE($,$,(#606,#603));
#261=IFCPROPERTYSET('2wtolCwc9D38vVQDfY5aQf',$,'EPset_Parametric',$,(#263));
#262=IFCRELDEFINESBYPROPERTIES('2s6FgVRTHClxp9jZgKMqks',$,$,$,(#239),#261);
#263=IFCPROPERTYSINGLEVALUE('Engine',$,IFCLABEL('Bonsai.DumbLayer2'),$);
#264=IFCWALL('0WlAKsMIj8_xa5oSjpljLy',$,'Wall',$,$,#593,#270,$,$);
#265=IFCMATERIALLAYERSETUSAGE(#82,.AXIS2.,.POSITIVE.,0.,$);
#266=IFCRELASSOCIATESMATERIAL('35YoHUnHLFqQ4deTCk2JBp',$,$,$,(#264),#265);
#270=IFCPRODUCTDEFINITIONSHAPE($,$,(#638,#635));
#286=IFCPROPERTYSET('0yGuXzX3XCwB8$EbVsu4ZE',$,'EPset_Parametric',$,(#288));
#287=IFCRELDEFINESBYPROPERTIES('0CK_SJap13XxxVqm5VYOIU',$,$,$,(#264),#286);
#288=IFCPROPERTYSINGLEVALUE('Engine',$,IFCLABEL('Bonsai.DumbLayer2'),$);
#393=IFCRELCONNECTSPATHELEMENTS('36GCLO9995NgQzqUYjLC3p',$,$,$,$,#114,#87,(),(),.ATEND.,.ATSTART.);
#420=IFCRELCONNECTSPATHELEMENTS('2Wb25VGtD8BBLXyhMRE2Xk',$,$,$,$,#139,#114,(),(),.ATEND.,.ATSTART.);
#434=IFCCARTESIANPOINT((4.2266056247830326,6.4998941421510548,0.));
#435=IFCDIRECTION((0.,0.,1.));
#436=IFCDIRECTION((-0.99999999999998868,-1.5099580252808492E-07,0.));
#437=IFCAXIS2PLACEMENT3D(#434,#435,#436);
#438=IFCLOCALPLACEMENT(#79,#437);
#439=IFCCARTESIANPOINTLIST2D(((0.,0.),(0.099999992450210157,0.10000000000000001),(8.9900003683572969,0.10000000000000001),(9.0900003910066705,0.)));
#440=IFCINDEXEDPOLYCURVE(#439,(IFCLINEINDEX((1,2,3,4,1))),$);
#441=IFCARBITRARYCLOSEDPROFILEDEF(.AREA.,$,#440);
#442=IFCCARTESIANPOINT((0.,0.,0.));
#443=IFCDIRECTION((0.,0.,1.));
#444=IFCDIRECTION((1.,0.,0.));
#445=IFCAXIS2PLACEMENT3D(#442,#443,#444);
#446=IFCDIRECTION((0.,0.,1.));
#447=IFCEXTRUDEDAREASOLID(#441,#445,#446,3.);
#448=IFCSHAPEREPRESENTATION(#11,'Body','SweptSolid',(#447));
#449=IFCCARTESIANPOINTLIST2D(((0.,0.),(9.0900003910066705,0.)));
#450=IFCINDEXEDPOLYCURVE(#449,$,$);
#451=IFCSHAPEREPRESENTATION(#23,'Axis','Curve2D',(#450));
#452=IFCRELCONNECTSPATHELEMENTS('17MB40$wrDdOqGOOBWbl7M',$,$,$,$,#164,#139,(),(),.ATEND.,.ATSTART.);
#466=IFCCARTESIANPOINT((0.77660441398620939,6.499893621215354,0.));
#467=IFCDIRECTION((0.,0.,1.));
#468=IFCDIRECTION((7.5497901264043123E-08,-0.99999999999999722,0.));
#469=IFCAXIS2PLACEMENT3D(#466,#467,#468);
#470=IFCLOCALPLACEMENT(#79,#469);
#471=IFCCARTESIANPOINTLIST2D(((0.,0.),(0.10000002264937295,0.10000000000000001),(3.3500012183466525,0.10000000000000001),(3.4500012107968625,0.)));
#472=IFCINDEXEDPOLYCURVE(#471,(IFCLINEINDEX((1,2,3,4,1))),$);
#473=IFCARBITRARYCLOSEDPROFILEDEF(.AREA.,$,#472);
#474=IFCCARTESIANPOINT((0.,0.,0.));
#475=IFCDIRECTION((0.,0.,1.));
#476=IFCDIRECTION((1.,0.,0.));
#477=IFCAXIS2PLACEMENT3D(#474,#475,#476);
#478=IFCDIRECTION((0.,0.,1.));
#479=IFCEXTRUDEDAREASOLID(#473,#477,#478,3.);
#480=IFCSHAPEREPRESENTATION(#11,'Body','SweptSolid',(#479));
#481=IFCCARTESIANPOINTLIST2D(((0.,0.),(3.4500012107968625,0.)));
#482=IFCINDEXEDPOLYCURVE(#481,$,$);
#483=IFCSHAPEREPRESENTATION(#23,'Axis','Curve2D',(#482));
#484=IFCRELCONNECTSPATHELEMENTS('02b2pmGyjEQQBFqwT3it8u',$,$,$,$,#189,#164,(),(),.ATEND.,.ATSTART.);
#498=IFCCARTESIANPOINTLIST2D(((0.,0.),(0.099999992450210171,0.10000000000000001),(1.5800000214663574,0.10000000000000001),(1.4799999749751196,0.)));
#499=IFCINDEXEDPOLYCURVE(#498,(IFCLINEINDEX((1,2,3,4,1))),$);
#500=IFCARBITRARYCLOSEDPROFILEDEF(.AREA.,$,#499);
#501=IFCCARTESIANPOINT((0.,0.,0.));
#502=IFCDIRECTION((0.,0.,1.));
#503=IFCDIRECTION((1.,0.,0.));
#504=IFCAXIS2PLACEMENT3D(#501,#502,#503);
#505=IFCDIRECTION((0.,0.,1.));
#506=IFCEXTRUDEDAREASOLID(#500,#504,#505,3.);
#507=IFCSHAPEREPRESENTATION(#11,'Body','SweptSolid',(#506));
#508=IFCCARTESIANPOINTLIST2D(((0.,0.),(1.4799999749751196,0.)));
#509=IFCINDEXEDPOLYCURVE(#508,$,$);
#510=IFCSHAPEREPRESENTATION(#23,'Axis','Curve2D',(#509));
#511=IFCRELCONNECTSPATHELEMENTS('2fXJvCNgb9NeK36qT5HnhZ',$,$,$,$,#214,#189,(),(),.ATEND.,.ATSTART.);
#525=IFCCARTESIANPOINT((-2.7933955192566606,5.0198950364495465,0.));
#526=IFCDIRECTION((0.,0.,1.));
#527=IFCDIRECTION((7.5497901264043123E-08,-0.99999999999999722,0.));
#528=IFCAXIS2PLACEMENT3D(#525,#526,#527);
#529=IFCLOCALPLACEMENT(#79,#528);
#543=IFCRELCONNECTSPATHELEMENTS('1riXlluBf9wxKlqWjtL3EG',$,$,$,$,#239,#214,(),(),.ATEND.,.ATSTART.);
#557=IFCCARTESIANPOINT((-2.7933951319523493,-0.11010599136352539,0.));
#558=IFCDIRECTION((0.,0.,1.));
#559=IFCDIRECTION((1.,0.,0.));
#560=IFCAXIS2PLACEMENT3D(#557,#558,#559);
#561=IFCLOCALPLACEMENT(#79,#560);
#575=IFCRELCONNECTSPATHELEMENTS('3ZQ4Jd$lL2qflC$7wOT9iY',$,$,$,$,#264,#239,(),(),.ATEND.,.ATSTART.);
#589=IFCCARTESIANPOINT((0.22660493850709751,-0.11010599136352539,0.));
#590=IFCDIRECTION((0.,0.,1.));
#591=IFCDIRECTION((7.5497901264043123E-08,-0.99999999999999722,0.));
#592=IFCAXIS2PLACEMENT3D(#589,#590,#591);
#593=IFCLOCALPLACEMENT(#79,#592);
#594=IFCCARTESIANPOINTLIST2D(((0.,0.),(0.099999992450210171,0.10000000000000001),(3.1200000629096567,0.10000000000000001),(3.0200000704594467,0.)));
#595=IFCINDEXEDPOLYCURVE(#594,(IFCLINEINDEX((1,2,3,4,1))),$);
#596=IFCARBITRARYCLOSEDPROFILEDEF(.AREA.,$,#595);
#597=IFCCARTESIANPOINT((0.,0.,0.));
#598=IFCDIRECTION((0.,0.,1.));
#599=IFCDIRECTION((1.,0.,0.));
#600=IFCAXIS2PLACEMENT3D(#597,#598,#599);
#601=IFCDIRECTION((0.,0.,1.));
#602=IFCEXTRUDEDAREASOLID(#596,#600,#601,3.);
#603=IFCSHAPEREPRESENTATION(#11,'Body','SweptSolid',(#602));
#604=IFCCARTESIANPOINTLIST2D(((0.,0.),(3.0200000704594467,0.)));
#605=IFCINDEXEDPOLYCURVE(#604,$,$);
#606=IFCSHAPEREPRESENTATION(#23,'Axis','Curve2D',(#605));
#607=IFCRELCONNECTSPATHELEMENTS('3mYp73avH8V92tayWhV0PY',$,$,$,$,#87,#264,(),(),.ATEND.,.ATSTART.);
#608=IFCCARTESIANPOINTLIST2D(((0.,0.),(0.099999992450210171,0.10000000000000001),(3.899999820314958,0.10000000000000001),(3.9999998127651679,0.)));
#609=IFCINDEXEDPOLYCURVE(#608,(IFCLINEINDEX((1,2,3,4,1))),$);
#610=IFCARBITRARYCLOSEDPROFILEDEF(.AREA.,$,#609);
#611=IFCCARTESIANPOINT((0.,0.,0.));
#612=IFCDIRECTION((0.,0.,1.));
#613=IFCDIRECTION((1.,0.,0.));
#614=IFCAXIS2PLACEMENT3D(#611,#612,#613);
#615=IFCDIRECTION((0.,0.,1.));
#616=IFCEXTRUDEDAREASOLID(#610,#614,#615,3.);
#617=IFCSHAPEREPRESENTATION(#11,'Body','SweptSolid',(#616));
#618=IFCCARTESIANPOINTLIST2D(((0.,0.),(3.9999998127651679,0.)));
#619=IFCINDEXEDPOLYCURVE(#618,$,$);
#620=IFCSHAPEREPRESENTATION(#23,'Axis','Curve2D',(#619));
#621=IFCCARTESIANPOINT((0.22660512574191208,-2.5901062488555908,0.));
#622=IFCDIRECTION((0.,0.,1.));
#623=IFCDIRECTION((1.,0.,0.));
#624=IFCAXIS2PLACEMENT3D(#621,#622,#623);
#625=IFCLOCALPLACEMENT(#79,#624);
#626=IFCCARTESIANPOINTLIST2D(((0.,0.),(-0.099999992450210157,0.10000000000000001),(2.3800002650418621,0.10000000000000001),(2.4800002574920721,0.)));
#627=IFCINDEXEDPOLYCURVE(#626,(IFCLINEINDEX((1,2,3,4,1))),$);
#628=IFCARBITRARYCLOSEDPROFILEDEF(.AREA.,$,#627);
#629=IFCCARTESIANPOINT((0.,0.,0.));
#630=IFCDIRECTION((0.,0.,1.));
#631=IFCDIRECTION((1.,0.,0.));
#632=IFCAXIS2PLACEMENT3D(#629,#630,#631);
#633=IFCDIRECTION((0.,0.,1.));
#634=IFCEXTRUDEDAREASOLID(#628,#632,#633,3.);
#635=IFCSHAPEREPRESENTATION(#11,'Body','SweptSolid',(#634));
#636=IFCCARTESIANPOINTLIST2D(((0.,0.),(2.4800002574920721,0.)));
#637=IFCINDEXEDPOLYCURVE(#636,$,$);
#638=IFCSHAPEREPRESENTATION(#23,'Axis','Curve2D',(#637));
#639=IFCWALL('3Q9Rgns6f4ZQhwHFwA2klP',$,'Wall',$,$,#650,#645,$,$);
#640=IFCMATERIALLAYERSETUSAGE(#82,.AXIS2.,.POSITIVE.,0.,$);
#641=IFCRELASSOCIATESMATERIAL('2$Hfs0I8H7d8XVe3v$mkdC',$,$,$,(#639),#640);
#645=IFCPRODUCTDEFINITIONSHAPE($,$,(#741,#738));
#646=IFCCARTESIANPOINT((0.32502549886703491,-0.011685574427247047,0.));
#647=IFCDIRECTION((0.,0.,1.));
#648=IFCDIRECTION((7.5497901264043109E-08,0.99999999999999711,0.));
#649=IFCAXIS2PLACEMENT3D(#646,#647,#648);
#650=IFCLOCALPLACEMENT(#79,#649);
#661=IFCPROPERTYSET('0EeldPijTBHAZIlDq6K7x3',$,'EPset_Parametric',$,(#663));
#662=IFCRELDEFINESBYPROPERTIES('3k3r81Rtv6WRN9XlEayCqd',$,$,$,(#639),#661);
#663=IFCPROPERTYSINGLEVALUE('Engine',$,IFCLABEL('Bonsai.DumbLayer2'),$);
#664=IFCWALL('23fs$C4A1FzwPMW0BoTvWt',$,'Wall',$,$,#675,#670,$,$);
#665=IFCMATERIALLAYERSETUSAGE(#82,.AXIS2.,.POSITIVE.,0.,$);
#666=IFCRELASSOCIATESMATERIAL('3crSdcnb9BdhhAWqkZvHKE',$,$,$,(#664),#665);
#670=IFCPRODUCTDEFINITIONSHAPE($,$,(#870,#867));
#671=IFCCARTESIANPOINT((0.32502570748329163,2.6383144855499268,0.));
#672=IFCDIRECTION((0.,0.,1.));
#673=IFCDIRECTION((-0.99999999999998868,-1.5099580252808492E-07,0.));
#674=IFCAXIS2PLACEMENT3D(#671,#672,#673);
#675=IFCLOCALPLACEMENT(#79,#674);
#686=IFCPROPERTYSET('2EPU_a3PP2lOnMR2Cw2hdt',$,'EPset_Parametric',$,(#688));
#687=IFCRELDEFINESBYPROPERTIES('28$VJBJ8jFOfwJEi$rax$b',$,$,$,(#664),#686);
#688=IFCPROPERTYSINGLEVALUE('Engine',$,IFCLABEL('Bonsai.DumbLayer2'),$);
#715=IFCRELCONNECTSPATHELEMENTS('0NL8wGf_9BcOHhzKEjPojW',$,$,$,$,#664,#639,(),(),.ATEND.,.ATSTART.);
#729=IFCCARTESIANPOINTLIST2D(((0.,0.),(0.,0.10000000000000001),(2.5500000373278069,0.10000000000000001),(2.65000005997718,0.)));
#730=IFCINDEXEDPOLYCURVE(#729,(IFCLINEINDEX((1,2,3,4,1))),$);
#731=IFCARBITRARYCLOSEDPROFILEDEF(.AREA.,$,#730);
#732=IFCCARTESIANPOINT((0.,0.,0.));
#733=IFCDIRECTION((0.,0.,1.));
#734=IFCDIRECTION((1.,0.,0.));
#735=IFCAXIS2PLACEMENT3D(#732,#733,#734);
#736=IFCDIRECTION((0.,0.,1.));
#737=IFCEXTRUDEDAREASOLID(#731,#735,#736,3.);
#738=IFCSHAPEREPRESENTATION(#11,'Body','SweptSolid',(#737));
#739=IFCCARTESIANPOINTLIST2D(((0.,0.),(2.65000005997718,0.)));
#740=IFCINDEXEDPOLYCURVE(#739,$,$);
#741=IFCSHAPEREPRESENTATION(#23,'Axis','Curve2D',(#740));
#742=IFCRELCONNECTSPATHELEMENTS('1eRJUAox9BFh9zO2qum1Sj',$,$,$,$,#664,#214,(),(),.ATPATH.,.ATEND.);
#756=IFCCARTESIANPOINTLIST2D(((0.,0.),(0.1000000464912377,0.10000000000000001),(5.0300010353628766,0.10000000000000001),(5.130001027813087,0.)));
#757=IFCINDEXEDPOLYCURVE(#756,(IFCLINEINDEX((1,2,3,4,1))),$);
#758=IFCARBITRARYCLOSEDPROFILEDEF(.AREA.,$,#757);
#759=IFCCARTESIANPOINT((0.,0.,0.));
#760=IFCDIRECTION((0.,0.,1.));
#761=IFCDIRECTION((1.,0.,0.));
#762=IFCAXIS2PLACEMENT3D(#759,#760,#761);
#763=IFCDIRECTION((0.,0.,1.));
#764=IFCEXTRUDEDAREASOLID(#758,#762,#763,3.);
#765=IFCSHAPEREPRESENTATION(#11,'Body','SweptSolid',(#764));
#766=IFCCARTESIANPOINTLIST2D(((0.,0.),(5.130001027813087,0.)));
#767=IFCINDEXEDPOLYCURVE(#766,$,$);
#768=IFCSHAPEREPRESENTATION(#23,'Axis','Curve2D',(#767));
#769=IFCWALL('3PxTNWypv3KwW1_r8hyu0V',$,'Wall',$,$,#857,#775,$,$);
#770=IFCMATERIALLAYERSETUSAGE(#82,.AXIS2.,.POSITIVE.,0.,$);
#771=IFCRELASSOCIATESMATERIAL('2VKgXVUJrC7B3ygiRl6ksE',$,$,$,(#769),#770);
#775=IFCPRODUCTDEFINITIONSHAPE($,$,(#1098,#1095));
#791=IFCPROPERTYSET('3kRwEXUqr0$vB2kfwhsQOG',$,'EPset_Parametric',$,(#793));
#792=IFCRELDEFINESBYPROPERTIES('0cO31kZ9z4tOyJHXCgWxwB',$,$,$,(#769),#791);
#793=IFCPROPERTYSINGLEVALUE('Engine',$,IFCLABEL('Bonsai.DumbLayer2'),$);
#807=IFCRELCONNECTSPATHELEMENTS('1Y8ZTPB6n0tQ4EhDgSRdIu',$,$,$,$,#769,#189,(),(),.ATPATH.,.ATEND.);
#839=IFCRELCONNECTSPATHELEMENTS('3rNDvuXHr4oekCbRqOjxc4',$,$,$,$,#769,#664,(),(),.ATPATH.,.ATSTART.);
#853=IFCCARTESIANPOINT((-1.1727052919713181,2.6383142593988325,0.));
#854=IFCDIRECTION((0.,0.,1.));
#855=IFCDIRECTION((1.9470718370939353E-07,0.99999999999998113,0.));
#856=IFCAXIS2PLACEMENT3D(#853,#854,#855);
#857=IFCLOCALPLACEMENT(#79,#856);
#858=IFCCARTESIANPOINTLIST2D(((0.,0.),(0.10000002264937295,0.10000000000000001),(3.0184210459385952,0.10000000000000001),(3.018421038388805,0.)));
#859=IFCINDEXEDPOLYCURVE(#858,(IFCLINEINDEX((1,2,3,4,1))),$);
#860=IFCARBITRARYCLOSEDPROFILEDEF(.AREA.,$,#859);
#861=IFCCARTESIANPOINT((0.,0.,0.));
#862=IFCDIRECTION((0.,0.,1.));
#863=IFCDIRECTION((1.,0.,0.));
#864=IFCAXIS2PLACEMENT3D(#861,#862,#863);
#865=IFCDIRECTION((0.,0.,1.));
#866=IFCEXTRUDEDAREASOLID(#860,#864,#865,3.);
#867=IFCSHAPEREPRESENTATION(#11,'Body','SweptSolid',(#866));
#868=IFCCARTESIANPOINTLIST2D(((0.,0.),(3.1184210383888051,0.)));
#869=IFCINDEXEDPOLYCURVE(#868,$,$);
#870=IFCSHAPEREPRESENTATION(#23,'Axis','Curve2D',(#869));
#871=IFCWALL('0lDVhkM5P38QO82FOyrVz6',$,'Wall',$,$,#1048,#877,$,$);
#872=IFCMATERIALLAYERSETUSAGE(#82,.AXIS2.,.POSITIVE.,0.,$);
#873=IFCRELASSOCIATESMATERIAL('0PipLQHCf4uf890r_PmHkg',$,$,$,(#871),#872);
#877=IFCPRODUCTDEFINITIONSHAPE($,$,(#1112,#1109));
#893=IFCPROPERTYSET('0LeHQEQZj8L9lOFYpBPOwq',$,'EPset_Parametric',$,(#895));
#894=IFCRELDEFINESBYPROPERTIES('32tYCAhtHDjww3Nl_iWju4',$,$,$,(#871),#893);
#895=IFCPROPERTYSINGLEVALUE('Engine',$,IFCLABEL('Bonsai.DumbLayer2'),$);
#896=IFCWALL('1devFiVB92OuS_GykWnWbY',$,'Wall',$,$,#1085,#902,$,$);
#897=IFCMATERIALLAYERSETUSAGE(#82,.AXIS2.,.POSITIVE.,0.,$);
#898=IFCRELASSOCIATESMATERIAL('00htk57BXDdws4ADvkxK0h',$,$,$,(#896),#897);
#902=IFCPRODUCTDEFINITIONSHAPE($,$,(#1125,#1122));
#918=IFCPROPERTYSET('0XzVCS1192iQwCeQZjCraf',$,'EPset_Parametric',$,(#920));
#919=IFCRELDEFINESBYPROPERTIES('0mNitOuv93pRodXyJeFM2M',$,$,$,(#896),#918);
#920=IFCPROPERTYSINGLEVALUE('Engine',$,IFCLABEL('Bonsai.DumbLayer2'),$);
#1030=IFCRELCONNECTSPATHELEMENTS('3y8jvXcz9FwRmvyhvbH9DC',$,$,$,$,#871,#189,(),(),.ATPATH.,.ATSTART.);
#1044=IFCCARTESIANPOINT((0.77660453070895774,5.0198936462402362,0.));
#1045=IFCDIRECTION((0.,0.,1.));
#1046=IFCDIRECTION((1.9470718370939353E-07,-0.99999999999998113,0.));
#1047=IFCAXIS2PLACEMENT3D(#1044,#1045,#1046);
#1048=IFCLOCALPLACEMENT(#79,#1047);
#1049=IFCCARTESIANPOINTLIST2D(((0.,0.),(-0.10000004649123767,0.10000000000000001),(3.4699999984887944,0.10000000000000001),(3.570000044980032,0.)));
#1050=IFCINDEXEDPOLYCURVE(#1049,(IFCLINEINDEX((1,2,3,4,1))),$);
#1051=IFCARBITRARYCLOSEDPROFILEDEF(.AREA.,$,#1050);
#1052=IFCCARTESIANPOINT((0.,0.,0.));
#1053=IFCDIRECTION((0.,0.,1.));
#1054=IFCDIRECTION((1.,0.,0.));
#1055=IFCAXIS2PLACEMENT3D(#1052,#1053,#1054);
#1056=IFCDIRECTION((0.,0.,1.));
#1057=IFCEXTRUDEDAREASOLID(#1051,#1055,#1056,3.);
#1058=IFCSHAPEREPRESENTATION(#11,'Body','SweptSolid',(#1057));
#1059=IFCCARTESIANPOINTLIST2D(((0.,0.),(3.570000044980032,0.)));
#1060=IFCINDEXEDPOLYCURVE(#1059,$,$);
#1061=IFCSHAPEREPRESENTATION(#23,'Axis','Curve2D',(#1060));
#1067=IFCRELCONNECTSPATHELEMENTS('2knYZYjuD6o95on_ph9Irk',$,$,$,$,#896,#769,(),(),.ATPATH.,.ATEND.);
#1081=IFCCARTESIANPOINT((0.7766048155209212,3.557122945785459,0.));
#1082=IFCDIRECTION((0.,0.,1.));
#1083=IFCDIRECTION((-0.99999999999992428,3.8941436741876494E-07,0.));
#1084=IFCAXIS2PLACEMENT3D(#1081,#1082,#1083);
#1085=IFCLOCALPLACEMENT(#79,#1084);
#1086=IFCCARTESIANPOINTLIST2D(((0.,0.),(-3.4570298623749338E-08,0.10000000000000001),(2.2815801654012358,0.10000000000000001),(2.2815801459305174,0.)));
#1087=IFCINDEXEDPOLYCURVE(#1086,(IFCLINEINDEX((1,2,3,4,1))),$);
#1088=IFCARBITRARYCLOSEDPROFILEDEF(.AREA.,$,#1087);
#1089=IFCCARTESIANPOINT((0.,0.,0.));
#1090=IFCDIRECTION((0.,0.,1.));
#1091=IFCDIRECTION((1.,0.,0.));
#1092=IFCAXIS2PLACEMENT3D(#1089,#1090,#1091);
#1093=IFCDIRECTION((0.,0.,1.));
#1094=IFCEXTRUDEDAREASOLID(#1088,#1092,#1093,3.);
#1095=IFCSHAPEREPRESENTATION(#11,'Body','SweptSolid',(#1094));
#1096=IFCCARTESIANPOINTLIST2D(((0.,0.),(2.3815801459305193,0.)));
#1097=IFCINDEXEDPOLYCURVE(#1096,$,$);
#1098=IFCSHAPEREPRESENTATION(#23,'Axis','Curve2D',(#1097));
#1099=IFCRELCONNECTSPATHELEMENTS('1uqWieCAbB0PFW9mKG$HfI',$,$,$,$,#871,#896,(),(),.ATSTART.,.ATEND.);
#1100=IFCCARTESIANPOINTLIST2D(((0.10000000000001708,0.),(0.10000005841217219,0.10000000000000001),(1.5627707588669768,0.10000000000000001),(1.4627707004548045,0.)));
#1101=IFCINDEXEDPOLYCURVE(#1100,(IFCLINEINDEX((1,2,3,4,1))),$);
#1102=IFCARBITRARYCLOSEDPROFILEDEF(.AREA.,$,#1101);
#1103=IFCCARTESIANPOINT((0.,0.,0.));
#1104=IFCDIRECTION((0.,0.,1.));
#1105=IFCDIRECTION((1.,0.,0.));
#1106=IFCAXIS2PLACEMENT3D(#1103,#1104,#1105);
#1107=IFCDIRECTION((0.,0.,1.));
#1108=IFCEXTRUDEDAREASOLID(#1102,#1106,#1107,3.);
#1109=IFCSHAPEREPRESENTATION(#11,'Body','SweptSolid',(#1108));
#1110=IFCCARTESIANPOINTLIST2D(((0.,0.),(1.4627707004548045,0.)));
#1111=IFCINDEXEDPOLYCURVE(#1110,$,$);
#1112=IFCSHAPEREPRESENTATION(#23,'Axis','Curve2D',(#1111));
#1113=IFCCARTESIANPOINTLIST2D(((0.,0.),(-0.10000005841217217,0.10000000000000001),(1.9493099091228692,0.10000000000000001),(1.9493099285935875,0.)));
#1114=IFCINDEXEDPOLYCURVE(#1113,(IFCLINEINDEX((1,2,3,4,1))),$);
#1115=IFCARBITRARYCLOSEDPROFILEDEF(.AREA.,$,#1114);
#1116=IFCCARTESIANPOINT((0.,0.,0.));
#1117=IFCDIRECTION((0.,0.,1.));
#1118=IFCDIRECTION((1.,0.,0.));
#1119=IFCAXIS2PLACEMENT3D(#1116,#1117,#1118);
#1120=IFCDIRECTION((0.,0.,1.));
#1121=IFCEXTRUDEDAREASOLID(#1115,#1119,#1120,3.);
#1122=IFCSHAPEREPRESENTATION(#11,'Body','SweptSolid',(#1121));
#1123=IFCCARTESIANPOINTLIST2D(((0.,0.),(1.9493099285935875,0.)));
#1124=IFCINDEXEDPOLYCURVE(#1123,$,$);
#1125=IFCSHAPEREPRESENTATION(#23,'Axis','Curve2D',(#1124));
#1126=IFCSLABTYPE('28zBRGMC16WRxpv1SMfwuI',$,'Slab',$,$,(#1130),$,$,$,.FLOOR.);
#1127=IFCMATERIALLAYERSET((#1129),$,$);
#1128=IFCRELASSOCIATESMATERIAL('0BWB630df4wwRPald6u2HR',$,$,$,(#1126),#1127);
#1129=IFCMATERIALLAYER(#81,0.10000000000000001,$,$,$,$,$);
#1130=IFCPROPERTYSET('3BI2I1ZDzA8upxXeZ8_bmY',$,'EPset_Parametric',$,(#1131));
#1131=IFCPROPERTYSINGLEVALUE('LayerSetDirection',$,IFCLABEL('AXIS3'),$);
#1132=IFCSLAB('0i$eWOa_L0Mu3iJGYGDwss',$,'Slab',$,$,#1140,#1147,$,$);
#1133=IFCRELDEFINESBYTYPE('3sgRsJWSD1WPg5cB5Ggwfo',$,$,$,(#1132),#1126);
#1134=IFCMATERIALLAYERSETUSAGE(#1127,.AXIS3.,.POSITIVE.,-0.10000000149011612,$);
#1135=IFCRELASSOCIATESMATERIAL('36QHmgetHA7fmx1wrSXFzJ',$,$,$,(#1132),#1134);
#1136=IFCCARTESIANPOINT((4.2266049385070801,-2.5901062488555908,0.));
#1137=IFCDIRECTION((0.,0.,1.));
#1138=IFCDIRECTION((1.,0.,0.));
#1139=IFCAXIS2PLACEMENT3D(#1136,#1137,#1138);
#1140=IFCLOCALPLACEMENT(#79,#1139);
#1141=IFCCARTESIANPOINTLIST2D(((0.,0.),(4.76837158203125E-07,9.0900001525878906),(-3.450000524520874,9.0900001525878906),(-3.4500002861022949,7.6099996566772461),(-7.0200004577636719,7.6100015640258789),(-7.0199999809265137,2.4800002574920654),(-4.,2.4800002574920654),(-3.9999997615814209,0.),(0.,0.)));
#1142=IFCINDEXEDPOLYCURVE(#1141,$,$);
#1143=IFCDIRECTION((0.,0.,1.));
#1144=IFCARBITRARYCLOSEDPROFILEDEF(.AREA.,$,#1142);
#1145=IFCEXTRUDEDAREASOLID(#1144,#1154,#1143,0.10000000000000001);
#1146=IFCSHAPEREPRESENTATION(#11,'Body','SweptSolid',(#1145));
#1147=IFCPRODUCTDEFINITIONSHAPE($,$,(#1146));
#1148=IFCPROPERTYSET('2SanXOwlH1Eu1U658sDWOB',$,'EPset_Parametric',$,(#1150));
#1149=IFCRELDEFINESBYPROPERTIES('3aZLWf3vvAZ8KTd0nFRq6G',$,$,$,(#1132),#1148);
#1150=IFCPROPERTYSINGLEVALUE('Engine',$,IFCLABEL('Bonsai.DumbLayer3'),$);
#1151=IFCCARTESIANPOINT((-0.,-0.,-0.10000000149011612));
#1152=IFCDIRECTION((0.,0.,1.));
#1153=IFCDIRECTION((1.,0.,0.));
#1154=IFCAXIS2PLACEMENT3D(#1151,#1152,#1153);
#1155=IFCDOORTYPE('1UcfmkSmHDiQMzi2g5rAId',$,'Main FF',$,$,(#1156),(#1165,#1243,#1262),$,$,.DOOR.,.SINGLE_SWING_LEFT.,$,$);
#1156=IFCPROPERTYSET('3KJ9kxtMXBihP3bUxJJK_$',$,'BBIM_Door',$,(#1157));
#1157=IFCPROPERTYSINGLEVALUE('Data',$,IFCTEXT('{"door_type": "SINGLE_SWING_LEFT", "overall_height": 2.0, "overall_width": 0.8053467273712158, "lining_properties": {"lining_depth": 0.05000000074505806, "lining_thickness": 0.05000000074505806, "lining_offset": 0.0, "lining_to_panel_offset_x": 0.02500000037252903, "lining_to_panel_offset_y": 0.02500000037252903, "transom_thickness": 0.0, "casing_thickness": 0.07500000298023224, "casing_depth": 0.004999999888241291, "threshold_thickness": 0.02500000037252903, "threshold_depth": 0.10000000149011612, "threshold_offset": 0.0}, "panel_properties": {"panel_depth": 0.03500000014901161, "panel_width_ratio": 1.0}}'),$);
#1161=IFCCARTESIANPOINT((0.,0.,0.));
#1162=IFCDIRECTION((1.,0.,0.));
#1163=IFCDIRECTION((0.,0.,1.));
#1164=IFCAXIS2PLACEMENT3D(#1161,#1163,#1162);
#1165=IFCREPRESENTATIONMAP(#1164,#1330);
#1239=IFCCARTESIANPOINT((0.,0.,0.));
#1240=IFCDIRECTION((1.,0.,0.));
#1241=IFCDIRECTION((0.,0.,1.));
#1242=IFCAXIS2PLACEMENT3D(#1239,#1241,#1240);
#1243=IFCREPRESENTATIONMAP(#1242,#1403);
#1258=IFCCARTESIANPOINT((0.,0.,0.));
#1259=IFCDIRECTION((1.,0.,0.));
#1260=IFCDIRECTION((0.,0.,1.));
#1261=IFCAXIS2PLACEMENT3D(#1258,#1260,#1259);
#1262=IFCREPRESENTATIONMAP(#1261,#1421);
#1263=IFCDOOR('2kyTxouOD2wgEt7TTvizy3',$,'Door',$,$,#1446,#1272,$,2.,0.80534672737121582,$,.SINGLE_SWING_LEFT.,$);
#1264=IFCRELDEFINESBYTYPE('0ExJJOMkP3GfQBjvASfb6$',$,$,$,(#1263),#1155);
#1265=IFCCARTESIANPOINT((0.,0.,0.));
#1266=IFCDIRECTION((1.,0.,0.));
#1267=IFCDIRECTION((0.,1.,0.));
#1268=IFCDIRECTION((0.,0.,1.));
#1269=IFCCARTESIANTRANSFORMATIONOPERATOR3D(#1266,#1267,#1265,1.,#1268);
#1270=IFCMAPPEDITEM(#1165,#1269);
#1271=IFCSHAPEREPRESENTATION(#18,'Profile','MappedRepresentation',(#1270));
#1272=IFCPRODUCTDEFINITIONSHAPE($,$,(#1271,#1279,#1286));
#1273=IFCCARTESIANPOINT((0.,0.,0.));
#1274=IFCDIRECTION((1.,0.,0.));
#1275=IFCDIRECTION((0.,1.,0.));
#1276=IFCDIRECTION((0.,0.,1.));
#1277=IFCCARTESIANTRANSFORMATIONOPERATOR3D(#1274,#1275,#1273,1.,#1276);
#1278=IFCMAPPEDITEM(#1243,#1277);
#1279=IFCSHAPEREPRESENTATION(#11,'Body','MappedRepresentation',(#1278));
#1280=IFCCARTESIANPOINT((0.,0.,0.));
#1281=IFCDIRECTION((1.,0.,0.));
#1282=IFCDIRECTION((0.,1.,0.));
#1283=IFCDIRECTION((0.,0.,1.));
#1284=IFCCARTESIANTRANSFORMATIONOPERATOR3D(#1281,#1282,#1280,1.,#1283);
#1285=IFCMAPPEDITEM(#1262,#1284);
#1286=IFCSHAPEREPRESENTATION(#24,'Body','MappedRepresentation',(#1285));
#1287=IFCOPENINGELEMENT('0LuXnVY0v2CA4acq0BOWPA',$,'Opening',$,$,#1441,#1315,$,.OPENING.);
#1303=IFCCARTESIANPOINT((0.,0.,0.));
#1304=IFCDIRECTION((1.,0.,0.));
#1305=IFCDIRECTION((0.,0.,1.));
#1306=IFCAXIS2PLACEMENT3D(#1303,#1305,#1304);
#1307=IFCREPRESENTATIONMAP(#1306,#1431);
#1308=IFCCARTESIANPOINT((0.,0.,0.));
#1309=IFCDIRECTION((1.,0.,0.));
#1310=IFCDIRECTION((0.,1.,0.));
#1311=IFCDIRECTION((0.,0.,1.));
#1312=IFCCARTESIANTRANSFORMATIONOPERATOR3D(#1309,#1310,#1308,1.,#1311);
#1313=IFCMAPPEDITEM(#1307,#1312);
#1314=IFCSHAPEREPRESENTATION(#11,'Body','MappedRepresentation',(#1313));
#1315=IFCPRODUCTDEFINITIONSHAPE($,$,(#1314));
#1316=IFCRELVOIDSELEMENT('2eB6GI7aXDowlY1ADIv9L6',$,$,$,#87,#1287);
#1322=IFCRELFILLSELEMENT('0cP8F4E4f0Kw9dPazBp0ad',$,$,$,#1287,#1263);
#1328=IFCCARTESIANPOINTLIST3D(((0.,0.,0.),(0.80534672737121582,0.,0.),(0.80534672737121582,0.,2.),(0.,0.,2.)));
#1329=IFCINDEXEDPOLYCURVE(#1328,(IFCLINEINDEX((1,2,3,4,1))),$);
#1330=IFCSHAPEREPRESENTATION(#18,'Profile','Curve3D',(#1329));
#1331=IFCCARTESIANPOINTLIST2D(((0.,0.),(0.,2.),(0.80534672737121582,2.),(0.80534672737121582,0.),(0.78034672699868679,0.),(0.78034672699868679,1.974999999627471),(0.02500000037252903,1.974999999627471),(0.02500000037252903,0.)));
#1332=IFCINDEXEDPOLYCURVE(#1331,(IFCLINEINDEX((1,2,3,4,5,6,7,8,1))),$);
#1333=IFCARBITRARYCLOSEDPROFILEDEF(.AREA.,$,#1332);
#1334=IFCCARTESIANPOINT((0.,0.02500000037252903,0.));
#1335=IFCDIRECTION((0.,-1.,0.));
#1336=IFCDIRECTION((1.,0.,0.));
#1337=IFCAXIS2PLACEMENT3D(#1334,#1335,#1336);
#1338=IFCDIRECTION((0.,0.,-1.));
#1339=IFCEXTRUDEDAREASOLID(#1333,#1337,#1338,0.02500000037252903);
#1340=IFCCARTESIANPOINTLIST2D(((0.,0.),(0.,2.),(0.80534672737121582,2.),(0.80534672737121582,0.),(0.75534672662615776,0.),(0.75534672662615776,1.9499999992549419),(0.05000000074505806,1.9499999992549419),(0.05000000074505806,0.)));
#1341=IFCINDEXEDPOLYCURVE(#1340,(IFCLINEINDEX((1,2,3,4,5,6,7,8,1))),$);
#1342=IFCARBITRARYCLOSEDPROFILEDEF(.AREA.,$,#1341);
#1343=IFCCARTESIANPOINT((0.,0.,0.));
#1344=IFCDIRECTION((0.,-1.,0.));
#1345=IFCDIRECTION((1.,0.,0.));
#1346=IFCAXIS2PLACEMENT3D(#1343,#1344,#1345);
#1347=IFCDIRECTION((0.,0.,-1.));
#1348=IFCEXTRUDEDAREASOLID(#1342,#1346,#1347,0.02500000037252903);
#1349=IFCCARTESIANPOINTLIST2D(((0.,0.),(0.7053467258810997,0.),(0.7053467258810997,0.10000000149011612),(0.,0.10000000149011612)));
#1350=IFCINDEXEDPOLYCURVE(#1349,(IFCLINEINDEX((1,2,3,4,1))),$);
#1351=IFCARBITRARYCLOSEDPROFILEDEF(.AREA.,$,#1350);
#1352=IFCCARTESIANPOINT((0.05000000074505806,0.,0.));
#1353=IFCDIRECTION((0.,0.,1.));
#1354=IFCDIRECTION((1.,0.,0.));
#1355=IFCAXIS2PLACEMENT3D(#1352,#1353,#1354);
#1356=IFCDIRECTION((0.,0.,1.));
#1357=IFCEXTRUDEDAREASOLID(#1351,#1355,#1356,0.02500000037252903);
#1358=IFCCARTESIANPOINTLIST2D(((0.,0.),(0.,2.0250000022351742),(0.85534673184156418,2.0250000022351742),(0.85534673184156418,0.),(0.78034672886133194,0.),(0.78034672886133194,1.9499999992549419),(0.075000002980232239,1.9499999992549419),(0.075000002980232239,0.)));
#1359=IFCINDEXEDPOLYCURVE(#1358,(IFCLINEINDEX((1,2,3,4,5,6,7,8,1))),$);
#1360=IFCARBITRARYCLOSEDPROFILEDEF(.AREA.,$,#1359);
#1361=IFCCARTESIANPOINT((-0.025000002235174179,-0.004999999888241291,0.));
#1362=IFCDIRECTION((0.,-1.,0.));
#1363=IFCDIRECTION((1.,0.,0.));
#1364=IFCAXIS2PLACEMENT3D(#1361,#1362,#1363);
#1365=IFCDIRECTION((0.,0.,-1.));
#1366=IFCEXTRUDEDAREASOLID(#1360,#1364,#1365,0.004999999888241291);
#1367=IFCCARTESIANPOINTLIST2D(((0.,0.),(0.,2.0250000022351742),(0.85534673184156418,2.0250000022351742),(0.85534673184156418,0.),(0.80534672923386097,0.),(0.80534672923386097,1.974999999627471),(0.050000002607703209,1.974999999627471),(0.050000002607703209,0.)));
#1368=IFCINDEXEDPOLYCURVE(#1367,(IFCLINEINDEX((1,2,3,4,5,6,7,8,1))),$);
#1369=IFCARBITRARYCLOSEDPROFILEDEF(.AREA.,$,#1368);
#1370=IFCCARTESIANPOINT((-0.025000002235174179,0.05000000074505806,0.));
#1371=IFCDIRECTION((0.,-1.,0.));
#1372=IFCDIRECTION((1.,0.,0.));
#1373=IFCAXIS2PLACEMENT3D(#1370,#1371,#1372);
#1374=IFCDIRECTION((0.,0.,-1.));
#1375=IFCEXTRUDEDAREASOLID(#1369,#1373,#1374,0.004999999888241291);
#1376=IFCCARTESIANPOINTLIST2D(((0.,0.),(0.75534672662615776,0.),(0.75534672662615776,0.035000000149011612),(0.,0.035000000149011612)));
#1377=IFCINDEXEDPOLYCURVE(#1376,(IFCLINEINDEX((1,2,3,4,1))),$);
#1378=IFCARBITRARYCLOSEDPROFILEDEF(.AREA.,$,#1377);
#1379=IFCCARTESIANPOINT((0.02500000037252903,0.02500000037252903,0.02500000037252903));
#1380=IFCDIRECTION((0.,0.,1.));
#1381=IFCDIRECTION((1.,0.,0.));
#1382=IFCAXIS2PLACEMENT3D(#1379,#1380,#1381);
#1383=IFCDIRECTION((0.,0.,1.));
#1384=IFCEXTRUDEDAREASOLID(#1378,#1382,#1383,1.9499999992549419);
#1385=IFCCARTESIANPOINTLIST2D(((0.,0.),(0.,-0.040000000000000001),(-0.11999999999999988,-0.040000000000000001),(-0.11999999999999988,-0.02),(-0.020000000000000018,-0.02),(-0.020000000000000018,0.)));
#1386=IFCINDEXEDPOLYCURVE(#1385,(IFCLINEINDEX((1,2,3,4,5,6,1))),$);
#1387=IFCARBITRARYCLOSEDPROFILEDEF(.AREA.,$,#1386);
#1388=IFCCARTESIANPOINT((0.73034672699868675,0.02500000037252903,1.015000000372529));
#1389=IFCDIRECTION((0.,0.,1.));
#1390=IFCDIRECTION((1.,0.,0.));
#1391=IFCAXIS2PLACEMENT3D(#1388,#1389,#1390);
#1392=IFCDIRECTION((0.,0.,1.));
#1393=IFCEXTRUDEDAREASOLID(#1387,#1391,#1392,0.02);
#1394=IFCEXTRUDEDAREASOLID(#1395,#1398,#1402,0.02);
#1395=IFCARBITRARYCLOSEDPROFILEDEF(.AREA.,$,#1396);
#1396=IFCINDEXEDPOLYCURVE(#1397,(IFCLINEINDEX((1,2,3,4,5,6,1))),$);
#1397=IFCCARTESIANPOINTLIST2D(((0.,0.),(0.,0.040000000000000008),(-0.11999999999999988,0.040000000000000008),(-0.11999999999999988,0.020000000000000004),(-0.020000000000000018,0.020000000000000004),(-0.020000000000000018,0.)));
#1398=IFCAXIS2PLACEMENT3D(#1399,#1400,#1401);
#1399=IFCCARTESIANPOINT((0.73034672699868675,0.060000000521540642,1.015000000372529));
#1400=IFCDIRECTION((0.,0.,1.));
#1401=IFCDIRECTION((1.,0.,0.));
#1402=IFCDIRECTION((0.,0.,1.));
#1403=IFCSHAPEREPRESENTATION(#11,'Body','SweptSolid',(#1339,#1348,#1384,#1393,#1394,#1357,#1366,#1375));
#1404=IFCSHAPEREPRESENTATION(#11,'Body','SweptSolid',(#1339,#1348,#1357,#1366,#1375));
#1405=IFCSHAPEASPECT((#1404),'Lining',$,.T.,#1272);
#1406=IFCSHAPEREPRESENTATION(#11,'Body','SweptSolid',(#1384,#1393,#1394));
#1407=IFCSHAPEASPECT((#1406),'Framing',$,.T.,#1272);
#1408=IFCCARTESIANPOINTLIST2D(((0.,0.),(0.,0.05000000074505806),(0.02500000037252903,0.05000000074505806),(0.02500000037252903,0.02500000037252903),(0.05000000074505806,0.02500000037252903),(0.05000000074505806,0.)));
#1409=IFCINDEXEDPOLYCURVE(#1408,(IFCLINEINDEX((1,2,3,4,5,6,1))),$);
#1410=IFCINDEXEDPOLYCURVE(#1411,(IFCLINEINDEX((1,2,3,4,5,6,1))),$);
#1411=IFCCARTESIANPOINTLIST2D(((0.80534672737121582,0.),(0.80534672737121582,0.05000000074505806),(0.78034672699868679,0.05000000074505806),(0.78034672699868679,0.02500000037252903),(0.75534672662615776,0.02500000037252903),(0.75534672662615776,0.)));
#1412=IFCDIRECTION((1.,0.));
#1413=IFCCARTESIANPOINT((0.060000000521540642,0.05000000074505806));
#1414=IFCAXIS2PLACEMENT2D(#1413,#1412);
#1415=IFCELLIPSE(#1414,0.72034672647714615,0.75534672662615776);
#1416=IFCCARTESIANPOINT((0.78034672699868679,0.05000000074505806));
#1417=IFCCARTESIANPOINT((0.060000000521540642,0.80534672737121582));
#1418=IFCTRIMMEDCURVE(#1415,(#1416),(#1417),.T.,.CARTESIAN.);
#1419=IFCCARTESIANPOINTLIST2D(((0.02500000037252903,0.05000000074505806),(0.060000000521540642,0.05000000074505806),(0.060000000521540642,0.80534672737121582),(0.02500000037252903,0.80534672737121582)));
#1420=IFCINDEXEDPOLYCURVE(#1419,(IFCLINEINDEX((1,2,3,4,1))),$);
#1421=IFCSHAPEREPRESENTATION(#24,'Body','Curve2D',(#1409,#1410,#1418,#1420));
#1422=IFCCARTESIANPOINTLIST2D(((0.,0.),(0.80534672737121582,0.),(0.80534672737121582,2.),(0.,2.)));
#1423=IFCINDEXEDPOLYCURVE(#1422,(IFCLINEINDEX((1,2,3,4,1))),$);
#1424=IFCARBITRARYCLOSEDPROFILEDEF(.AREA.,$,#1423);
#1425=IFCCARTESIANPOINT((0.,-0.60000002384185791,0.));
#1426=IFCDIRECTION((0.,-1.,0.));
#1427=IFCDIRECTION((1.,0.,0.));
#1428=IFCAXIS2PLACEMENT3D(#1425,#1426,#1427);
#1429=IFCDIRECTION((0.,0.,-1.));
#1430=IFCEXTRUDEDAREASOLID(#1424,#1428,#1429,1.2);
#1431=IFCSHAPEREPRESENTATION(#11,'Body','SweptSolid',(#1430));
#1437=IFCCARTESIANPOINT((0.35176198832516559,0.015000104904174805,0.));
#1438=IFCDIRECTION((0.,0.,1.));
#1439=IFCDIRECTION((0.99999999999997158,-2.3841857910155572E-07,0.));
#1440=IFCAXIS2PLACEMENT3D(#1437,#1438,#1439);
#1441=IFCLOCALPLACEMENT(#625,#1440);
#1442=IFCCARTESIANPOINT((0.,-4.4408920985006262E-16,0.));
#1443=IFCDIRECTION((0.,0.,1.));
#1444=IFCDIRECTION((1.,2.6469779601696886E-23,0.));
#1445=IFCAXIS2PLACEMENT3D(#1442,#1443,#1444);
#1446=IFCLOCALPLACEMENT(#1441,#1445);
#1447=IFCDOORTYPE('2unb0o5ovBw8a3ofBVF_Jx',$,'Guest FF',$,$,(#1448),(#1450,#1458,#1536),$,$,.DOOR.,.SINGLE_SWING_LEFT.,$,$);
#1448=IFCPROPERTYSET('1EejwGLdr3WBFCOEzkrN$a',$,'BBIM_Door',$,(#1449));
#1449=IFCPROPERTYSINGLEVALUE('Data',$,IFCTEXT('{"door_type": "SINGLE_SWING_RIGHT", "overall_height": 2.0, "overall_width": 0.87245774269104, "lining_properties": {"lining_depth": 0.05000000074505806, "lining_thickness": 0.05000000074505806, "lining_offset": 0.0, "lining_to_panel_offset_x": 0.02500000037252903, "lining_to_panel_offset_y": 0.02500000037252903, "transom_thickness": 0.0, "casing_thickness": 0.07500000298023224, "casing_depth": 0.004999999888241291, "threshold_thickness": 0.02500000037252903, "threshold_depth": 0.10000000149011612, "threshold_offset": 0.0}, "panel_properties": {"panel_depth": 0.03500000014901161, "panel_width_ratio": 1.0}}'),$);
#1450=IFCREPRESENTATIONMAP(#1451,#1622);
#1451=IFCAXIS2PLACEMENT3D(#1452,#1453,#1454);
#1452=IFCCARTESIANPOINT((0.,0.,0.));
#1453=IFCDIRECTION((0.,0.,1.));
#1454=IFCDIRECTION((1.,0.,0.));
#1458=IFCREPRESENTATIONMAP(#1459,#1695);
#1459=IFCAXIS2PLACEMENT3D(#1460,#1461,#1462);
#1460=IFCCARTESIANPOINT((0.,0.,0.));
#1461=IFCDIRECTION((0.,0.,1.));
#1462=IFCDIRECTION((1.,0.,0.));
#1536=IFCREPRESENTATIONMAP(#1537,#1713);
#1537=IFCAXIS2PLACEMENT3D(#1538,#1539,#1540);
#1538=IFCCARTESIANPOINT((0.,0.,0.));
#1539=IFCDIRECTION((0.,0.,1.));
#1540=IFCDIRECTION((1.,0.,0.));
#1555=IFCDOOR('3mMlyIUhz3Cxw_ZoG24oUU',$,'Door',$,$,#1738,#1564,$,2.,0.87245774269104004,$,.SINGLE_SWING_RIGHT.,$);
#1556=IFCRELDEFINESBYTYPE('3WZwcs9NnErQ_eWzd93aLw',$,$,$,(#1555),#1447);
#1557=IFCCARTESIANPOINT((0.,0.,0.));
#1558=IFCDIRECTION((1.,0.,0.));
#1559=IFCDIRECTION((0.,1.,0.));
#1560=IFCDIRECTION((0.,0.,1.));
#1561=IFCCARTESIANTRANSFORMATIONOPERATOR3D(#1558,#1559,#1557,1.,#1560);
#1562=IFCMAPPEDITEM(#1450,#1561);
#1563=IFCSHAPEREPRESENTATION(#18,'Profile','MappedRepresentation',(#1562));
#1564=IFCPRODUCTDEFINITIONSHAPE($,$,(#1563,#1571,#1578));
#1565=IFCCARTESIANPOINT((0.,0.,0.));
#1566=IFCDIRECTION((1.,0.,0.));
#1567=IFCDIRECTION((0.,1.,0.));
#1568=IFCDIRECTION((0.,0.,1.));
#1569=IFCCARTESIANTRANSFORMATIONOPERATOR3D(#1566,#1567,#1565,1.,#1568);
#1570=IFCMAPPEDITEM(#1458,#1569);
#1571=IFCSHAPEREPRESENTATION(#11,'Body','MappedRepresentation',(#1570));
#1572=IFCCARTESIANPOINT((0.,0.,0.));
#1573=IFCDIRECTION((1.,0.,0.));
#1574=IFCDIRECTION((0.,1.,0.));
#1575=IFCDIRECTION((0.,0.,1.));
#1576=IFCCARTESIANTRANSFORMATIONOPERATOR3D(#1573,#1574,#1572,1.,#1575);
#1577=IFCMAPPEDITEM(#1536,#1576);
#1578=IFCSHAPEREPRESENTATION(#24,'Body','MappedRepresentation',(#1577));
#1579=IFCOPENINGELEMENT('2ooNS7hfPDaeSuHXXB_f3c',$,'Opening',$,$,#1733,#1607,$,.OPENING.);
#1595=IFCCARTESIANPOINT((0.,0.,0.));
#1596=IFCDIRECTION((1.,0.,0.));
#1597=IFCDIRECTION((0.,0.,1.));
#1598=IFCAXIS2PLACEMENT3D(#1595,#1597,#1596);
#1599=IFCREPRESENTATIONMAP(#1598,#1723);
#1600=IFCCARTESIANPOINT((0.,0.,0.));
#1601=IFCDIRECTION((1.,0.,0.));
#1602=IFCDIRECTION((0.,1.,0.));
#1603=IFCDIRECTION((0.,0.,1.));
#1604=IFCCARTESIANTRANSFORMATIONOPERATOR3D(#1601,#1602,#1600,1.,#1603);
#1605=IFCMAPPEDITEM(#1599,#1604);
#1606=IFCSHAPEREPRESENTATION(#11,'Body','MappedRepresentation',(#1605));
#1607=IFCPRODUCTDEFINITIONSHAPE($,$,(#1606));
#1608=IFCRELVOIDSELEMENT('0x8QJicFz2XvuyndVV9SL2',$,$,$,#639,#1579);
#1614=IFCRELFILLSELEMENT('3dsXQ4aPn8G94i5RkOE9LO',$,$,$,#1579,#1555);
#1620=IFCCARTESIANPOINTLIST3D(((0.,0.,0.),(0.87245774269104004,0.,0.),(0.87245774269104004,0.,2.),(0.,0.,2.)));
#1621=IFCINDEXEDPOLYCURVE(#1620,(IFCLINEINDEX((1,2,3,4,1))),$);
#1622=IFCSHAPEREPRESENTATION(#18,'Profile','Curve3D',(#1621));
#1623=IFCCARTESIANPOINTLIST2D(((0.,0.),(0.,2.),(0.87245774269104004,2.),(0.87245774269104004,0.),(0.84745774231851101,0.),(0.84745774231851101,1.974999999627471),(0.02500000037252903,1.974999999627471),(0.02500000037252903,0.)));
#1624=IFCINDEXEDPOLYCURVE(#1623,(IFCLINEINDEX((1,2,3,4,5,6,7,8,1))),$);
#1625=IFCARBITRARYCLOSEDPROFILEDEF(.AREA.,$,#1624);
#1626=IFCCARTESIANPOINT((0.,0.02500000037252903,0.));
#1627=IFCDIRECTION((0.,-1.,0.));
#1628=IFCDIRECTION((1.,0.,0.));
#1629=IFCAXIS2PLACEMENT3D(#1626,#1627,#1628);
#1630=IFCDIRECTION((0.,0.,-1.));
#1631=IFCEXTRUDEDAREASOLID(#1625,#1629,#1630,0.02500000037252903);
#1632=IFCCARTESIANPOINTLIST2D(((0.,0.),(0.,2.),(0.87245774269104004,2.),(0.87245774269104004,0.),(0.82245774194598198,0.),(0.82245774194598198,1.9499999992549419),(0.05000000074505806,1.9499999992549419),(0.05000000074505806,0.)));
#1633=IFCINDEXEDPOLYCURVE(#1632,(IFCLINEINDEX((1,2,3,4,5,6,7,8,1))),$);
#1634=IFCARBITRARYCLOSEDPROFILEDEF(.AREA.,$,#1633);
#1635=IFCCARTESIANPOINT((0.,0.,0.));
#1636=IFCDIRECTION((0.,-1.,0.));
#1637=IFCDIRECTION((1.,0.,0.));
#1638=IFCAXIS2PLACEMENT3D(#1635,#1636,#1637);
#1639=IFCDIRECTION((0.,0.,-1.));
#1640=IFCEXTRUDEDAREASOLID(#1634,#1638,#1639,0.02500000037252903);
#1641=IFCCARTESIANPOINTLIST2D(((0.,0.),(0.77245774120092392,0.),(0.77245774120092392,0.10000000149011612),(0.,0.10000000149011612)));
#1642=IFCINDEXEDPOLYCURVE(#1641,(IFCLINEINDEX((1,2,3,4,1))),$);
#1643=IFCARBITRARYCLOSEDPROFILEDEF(.AREA.,$,#1642);
#1644=IFCCARTESIANPOINT((0.05000000074505806,0.,0.));
#1645=IFCDIRECTION((0.,0.,1.));
#1646=IFCDIRECTION((1.,0.,0.));
#1647=IFCAXIS2PLACEMENT3D(#1644,#1645,#1646);
#1648=IFCDIRECTION((0.,0.,1.));
#1649=IFCEXTRUDEDAREASOLID(#1643,#1647,#1648,0.02500000037252903);
#1650=IFCCARTESIANPOINTLIST2D(((0.,0.),(0.,2.0250000022351742),(0.9224577471613884,2.0250000022351742),(0.9224577471613884,0.),(0.84745774418115616,0.),(0.84745774418115616,1.9499999992549419),(0.075000002980232239,1.9499999992549419),(0.075000002980232239,0.)));
#1651=IFCINDEXEDPOLYCURVE(#1650,(IFCLINEINDEX((1,2,3,4,5,6,7,8,1))),$);
#1652=IFCARBITRARYCLOSEDPROFILEDEF(.AREA.,$,#1651);
#1653=IFCCARTESIANPOINT((-0.025000002235174179,-0.004999999888241291,0.));
#1654=IFCDIRECTION((0.,-1.,0.));
#1655=IFCDIRECTION((1.,0.,0.));
#1656=IFCAXIS2PLACEMENT3D(#1653,#1654,#1655);
#1657=IFCDIRECTION((0.,0.,-1.));
#1658=IFCEXTRUDEDAREASOLID(#1652,#1656,#1657,0.004999999888241291);
#1659=IFCCARTESIANPOINTLIST2D(((0.,0.),(0.,2.0250000022351742),(0.9224577471613884,2.0250000022351742),(0.9224577471613884,0.),(0.87245774455368519,0.),(0.87245774455368519,1.974999999627471),(0.050000002607703209,1.974999999627471),(0.050000002607703209,0.)));
#1660=IFCINDEXEDPOLYCURVE(#1659,(IFCLINEINDEX((1,2,3,4,5,6,7,8,1))),$);
#1661=IFCARBITRARYCLOSEDPROFILEDEF(.AREA.,$,#1660);
#1662=IFCCARTESIANPOINT((-0.025000002235174179,0.05000000074505806,0.));
#1663=IFCDIRECTION((0.,-1.,0.));
#1664=IFCDIRECTION((1.,0.,0.));
#1665=IFCAXIS2PLACEMENT3D(#1662,#1663,#1664);
#1666=IFCDIRECTION((0.,0.,-1.));
#1667=IFCEXTRUDEDAREASOLID(#1661,#1665,#1666,0.004999999888241291);
#1668=IFCCARTESIANPOINTLIST2D(((0.,0.),(0.82245774194598198,0.),(0.82245774194598198,0.035000000149011612),(0.,0.035000000149011612)));
#1669=IFCINDEXEDPOLYCURVE(#1668,(IFCLINEINDEX((1,2,3,4,1))),$);
#1670=IFCARBITRARYCLOSEDPROFILEDEF(.AREA.,$,#1669);
#1671=IFCCARTESIANPOINT((0.02500000037252903,0.02500000037252903,0.02500000037252903));
#1672=IFCDIRECTION((0.,0.,1.));
#1673=IFCDIRECTION((1.,0.,0.));
#1674=IFCAXIS2PLACEMENT3D(#1671,#1672,#1673);
#1675=IFCDIRECTION((0.,0.,1.));
#1676=IFCEXTRUDEDAREASOLID(#1670,#1674,#1675,1.9499999992549419);
#1677=IFCCARTESIANPOINTLIST2D(((0.,0.),(0.,-0.040000000000000001),(0.12,-0.040000000000000001),(0.12,-0.02),(0.02,-0.02),(0.02,0.)));
#1678=IFCINDEXEDPOLYCURVE(#1677,(IFCLINEINDEX((1,2,3,4,5,6,1))),$);
#1679=IFCARBITRARYCLOSEDPROFILEDEF(.AREA.,$,#1678);
#1680=IFCCARTESIANPOINT((0.075000000372529033,0.02500000037252903,1.015000000372529));
#1681=IFCDIRECTION((0.,0.,1.));
#1682=IFCDIRECTION((1.,0.,0.));
#1683=IFCAXIS2PLACEMENT3D(#1680,#1681,#1682);
#1684=IFCDIRECTION((0.,0.,1.));
#1685=IFCEXTRUDEDAREASOLID(#1679,#1683,#1684,0.02);
#1686=IFCEXTRUDEDAREASOLID(#1687,#1690,#1694,0.02);
#1687=IFCARBITRARYCLOSEDPROFILEDEF(.AREA.,$,#1688);
#1688=IFCINDEXEDPOLYCURVE(#1689,(IFCLINEINDEX((1,2,3,4,5,6,1))),$);
#1689=IFCCARTESIANPOINTLIST2D(((0.,0.),(0.,0.040000000000000008),(0.11999999999999998,0.040000000000000008),(0.11999999999999998,0.020000000000000004),(0.020000000000000004,0.020000000000000004),(0.020000000000000004,0.)));
#1690=IFCAXIS2PLACEMENT3D(#1691,#1692,#1693);
#1691=IFCCARTESIANPOINT((0.075000000372529033,0.060000000521540642,1.015000000372529));
#1692=IFCDIRECTION((0.,0.,1.));
#1693=IFCDIRECTION((1.,0.,0.));
#1694=IFCDIRECTION((0.,0.,1.));
#1695=IFCSHAPEREPRESENTATION(#11,'Body','SweptSolid',(#1631,#1640,#1676,#1685,#1686,#1649,#1658,#1667));
#1696=IFCSHAPEREPRESENTATION(#11,'Body','SweptSolid',(#1631,#1640,#1649,#1658,#1667));
#1697=IFCSHAPEASPECT((#1696),'Lining',$,.T.,#1564);
#1698=IFCSHAPEREPRESENTATION(#11,'Body','SweptSolid',(#1676,#1685,#1686));
#1699=IFCSHAPEASPECT((#1698),'Framing',$,.T.,#1564);
#1700=IFCCARTESIANPOINTLIST2D(((0.,0.),(0.,0.05000000074505806),(0.02500000037252903,0.05000000074505806),(0.02500000037252903,0.02500000037252903),(0.05000000074505806,0.02500000037252903),(0.05000000074505806,0.)));
#1701=IFCINDEXEDPOLYCURVE(#1700,(IFCLINEINDEX((1,2,3,4,5,6,1))),$);
#1702=IFCINDEXEDPOLYCURVE(#1703,(IFCLINEINDEX((1,2,3,4,5,6,1))),$);
#1703=IFCCARTESIANPOINTLIST2D(((0.87245774269104004,0.),(0.87245774269104004,0.05000000074505806),(0.84745774231851101,0.05000000074505806),(0.84745774231851101,0.02500000037252903),(0.82245774194598198,0.02500000037252903),(0.82245774194598198,0.)));
#1704=IFCDIRECTION((1.,0.));
#1705=IFCCARTESIANPOINT((0.8124577421694994,0.05000000074505806));
#1706=IFCAXIS2PLACEMENT2D(#1705,#1704);
#1707=IFCELLIPSE(#1706,0.78745774179697037,0.82245774194598198);
#1708=IFCCARTESIANPOINT((0.8124577421694994,0.87245774269104004));
#1709=IFCCARTESIANPOINT((0.02500000037252903,0.05000000074505806));
#1710=IFCTRIMMEDCURVE(#1707,(#1708),(#1709),.T.,.CARTESIAN.);
#1711=IFCCARTESIANPOINTLIST2D(((0.84745774231851101,0.05000000074505806),(0.8124577421694994,0.05000000074505806),(0.8124577421694994,0.87245774269104004),(0.84745774231851101,0.87245774269104004)));
#1712=IFCINDEXEDPOLYCURVE(#1711,(IFCLINEINDEX((1,2,3,4,1))),$);
#1713=IFCSHAPEREPRESENTATION(#24,'Body','Curve2D',(#1701,#1702,#1710,#1712));
#1714=IFCCARTESIANPOINTLIST2D(((0.,0.),(0.87245774269104004,0.),(0.87245774269104004,2.),(0.,2.)));
#1715=IFCINDEXEDPOLYCURVE(#1714,(IFCLINEINDEX((1,2,3,4,1))),$);
#1716=IFCARBITRARYCLOSEDPROFILEDEF(.AREA.,$,#1715);
#1717=IFCCARTESIANPOINT((0.,-0.60000002384185791,0.));
#1718=IFCDIRECTION((0.,-1.,0.));
#1719=IFCDIRECTION((1.,0.,0.));
#1720=IFCAXIS2PLACEMENT3D(#1717,#1718,#1719);
#1721=IFCDIRECTION((0.,0.,-1.));
#1722=IFCEXTRUDEDAREASOLID(#1716,#1720,#1721,1.2);
#1723=IFCSHAPEREPRESENTATION(#11,'Body','SweptSolid',(#1722));
#1729=IFCCARTESIANPOINT((1.5678720109015958,0.014999984856642001,0.));
#1730=IFCDIRECTION((0.,0.,1.));
#1731=IFCDIRECTION((0.99999999999997147,-2.384185719961227E-07,0.));
#1732=IFCAXIS2PLACEMENT3D(#1729,#1730,#1731);
#1733=IFCLOCALPLACEMENT(#650,#1732);
#1734=IFCCARTESIANPOINT((-2.2204460492503131E-16,0.,0.));
#1735=IFCDIRECTION((0.,0.,1.));
#1736=IFCDIRECTION((1.,0.,0.));
#1737=IFCAXIS2PLACEMENT3D(#1734,#1735,#1736);
#1738=IFCLOCALPLACEMENT(#1733,#1737);
#1739=IFCDOORTYPE('1ozDMfqS93TPcNgKIadBav',$,'Bathroom FF',$,$,(#1740),(#1742,#1750,#1828),$,$,.DOOR.,.SINGLE_SWING_LEFT.,$,$);
#1740=IFCPROPERTYSET('1FGPxWCAz3Iha6z3xboyEN',$,'BBIM_Door',$,(#1741));
#1741=IFCPROPERTYSINGLEVALUE('Data',$,IFCTEXT('{"door_type": "SINGLE_SWING_LEFT", "overall_height": 2.0, "overall_width": 0.7308471202850342, "lining_properties": {"lining_depth": 0.05000000074505806, "lining_thickness": 0.05000000074505806, "lining_offset": 0.0, "lining_to_panel_offset_x": 0.02500000037252903, "lining_to_panel_offset_y": 0.02500000037252903, "transom_thickness": 0.0, "casing_thickness": 0.07500000298023224, "casing_depth": 0.004999999888241291, "threshold_thickness": 0.02500000037252903, "threshold_depth": 0.10000000149011612, "threshold_offset": 0.0}, "panel_properties": {"panel_depth": 0.03500000014901161, "panel_width_ratio": 1.0}}'),$);
#1742=IFCREPRESENTATIONMAP(#1743,#1914);
#1743=IFCAXIS2PLACEMENT3D(#1744,#1745,#1746);
#1744=IFCCARTESIANPOINT((0.,0.,0.));
#1745=IFCDIRECTION((0.,0.,1.));
#1746=IFCDIRECTION((1.,0.,0.));
#1750=IFCREPRESENTATIONMAP(#1751,#1987);
#1751=IFCAXIS2PLACEMENT3D(#1752,#1753,#1754);
#1752=IFCCARTESIANPOINT((0.,0.,0.));
#1753=IFCDIRECTION((0.,0.,1.));
#1754=IFCDIRECTION((1.,0.,0.));
#1828=IFCREPRESENTATIONMAP(#1829,#2005);
#1829=IFCAXIS2PLACEMENT3D(#1830,#1831,#1832);
#1830=IFCCARTESIANPOINT((0.,0.,0.));
#1831=IFCDIRECTION((0.,0.,1.));
#1832=IFCDIRECTION((1.,0.,0.));
#1847=IFCDOOR('13i2Px591EpAtf5Gcls2Jn',$,'Door',$,$,#2030,#1856,$,2.,0.73084712028503418,$,.SINGLE_SWING_LEFT.,$);
#1848=IFCRELDEFINESBYTYPE('36qlb9eXXCnONUO0zXnI5t',$,$,$,(#1847),#1739);
#1849=IFCCARTESIANPOINT((0.,0.,0.));
#1850=IFCDIRECTION((1.,0.,0.));
#1851=IFCDIRECTION((0.,1.,0.));
#1852=IFCDIRECTION((0.,0.,1.));
#1853=IFCCARTESIANTRANSFORMATIONOPERATOR3D(#1850,#1851,#1849,1.,#1852);
#1854=IFCMAPPEDITEM(#1742,#1853);
#1855=IFCSHAPEREPRESENTATION(#18,'Profile','MappedRepresentation',(#1854));
#1856=IFCPRODUCTDEFINITIONSHAPE($,$,(#1855,#1863,#1870));
#1857=IFCCARTESIANPOINT((0.,0.,0.));
#1858=IFCDIRECTION((1.,0.,0.));
#1859=IFCDIRECTION((0.,1.,0.));
#1860=IFCDIRECTION((0.,0.,1.));
#1861=IFCCARTESIANTRANSFORMATIONOPERATOR3D(#1858,#1859,#1857,1.,#1860);
#1862=IFCMAPPEDITEM(#1750,#1861);
#1863=IFCSHAPEREPRESENTATION(#11,'Body','MappedRepresentation',(#1862));
#1864=IFCCARTESIANPOINT((0.,0.,0.));
#1865=IFCDIRECTION((1.,0.,0.));
#1866=IFCDIRECTION((0.,1.,0.));
#1867=IFCDIRECTION((0.,0.,1.));
#1868=IFCCARTESIANTRANSFORMATIONOPERATOR3D(#1865,#1866,#1864,1.,#1867);
#1869=IFCMAPPEDITEM(#1828,#1868);
#1870=IFCSHAPEREPRESENTATION(#24,'Body','MappedRepresentation',(#1869));
#1871=IFCOPENINGELEMENT('0r5XaXnGP7Zx$gACej_8Sl',$,'Opening',$,$,#2025,#1899,$,.OPENING.);
#1887=IFCCARTESIANPOINT((0.,0.,0.));
#1888=IFCDIRECTION((1.,0.,0.));
#1889=IFCDIRECTION((0.,0.,1.));
#1890=IFCAXIS2PLACEMENT3D(#1887,#1889,#1888);
#1891=IFCREPRESENTATIONMAP(#1890,#2015);
#1892=IFCCARTESIANPOINT((0.,0.,0.));
#1893=IFCDIRECTION((1.,0.,0.));
#1894=IFCDIRECTION((0.,1.,0.));
#1895=IFCDIRECTION((0.,0.,1.));
#1896=IFCCARTESIANTRANSFORMATIONOPERATOR3D(#1893,#1894,#1892,1.,#1895);
#1897=IFCMAPPEDITEM(#1891,#1896);
#1898=IFCSHAPEREPRESENTATION(#11,'Body','MappedRepresentation',(#1897));
#1899=IFCPRODUCTDEFINITIONSHAPE($,$,(#1898));
#1900=IFCRELVOIDSELEMENT('3drjlR5cfBux6yBdgWTWyT',$,$,$,#769,#1871);
#1906=IFCRELFILLSELEMENT('1mMbPPaib1dAEwPjh7rbfR',$,$,$,#1871,#1847);
#1912=IFCCARTESIANPOINTLIST3D(((0.,0.,0.),(0.73084712028503418,0.,0.),(0.73084712028503418,0.,2.),(0.,0.,2.)));
#1913=IFCINDEXEDPOLYCURVE(#1912,(IFCLINEINDEX((1,2,3,4,1))),$);
#1914=IFCSHAPEREPRESENTATION(#18,'Profile','Curve3D',(#1913));
#1915=IFCCARTESIANPOINTLIST2D(((0.,0.),(0.,2.),(0.73084712028503418,2.),(0.73084712028503418,0.),(0.70584711991250515,0.),(0.70584711991250515,1.974999999627471),(0.02500000037252903,1.974999999627471),(0.02500000037252903,0.)));
#1916=IFCINDEXEDPOLYCURVE(#1915,(IFCLINEINDEX((1,2,3,4,5,6,7,8,1))),$);
#1917=IFCARBITRARYCLOSEDPROFILEDEF(.AREA.,$,#1916);
#1918=IFCCARTESIANPOINT((0.,0.02500000037252903,0.));
#1919=IFCDIRECTION((0.,-1.,0.));
#1920=IFCDIRECTION((1.,0.,0.));
#1921=IFCAXIS2PLACEMENT3D(#1918,#1919,#1920);
#1922=IFCDIRECTION((0.,0.,-1.));
#1923=IFCEXTRUDEDAREASOLID(#1917,#1921,#1922,0.02500000037252903);
#1924=IFCCARTESIANPOINTLIST2D(((0.,0.),(0.,2.),(0.73084712028503418,2.),(0.73084712028503418,0.),(0.68084711953997612,0.),(0.68084711953997612,1.9499999992549419),(0.05000000074505806,1.9499999992549419),(0.05000000074505806,0.)));
#1925=IFCINDEXEDPOLYCURVE(#1924,(IFCLINEINDEX((1,2,3,4,5,6,7,8,1))),$);
#1926=IFCARBITRARYCLOSEDPROFILEDEF(.AREA.,$,#1925);
#1927=IFCCARTESIANPOINT((0.,0.,0.));
#1928=IFCDIRECTION((0.,-1.,0.));
#1929=IFCDIRECTION((1.,0.,0.));
#1930=IFCAXIS2PLACEMENT3D(#1927,#1928,#1929);
#1931=IFCDIRECTION((0.,0.,-1.));
#1932=IFCEXTRUDEDAREASOLID(#1926,#1930,#1931,0.02500000037252903);
#1933=IFCCARTESIANPOINTLIST2D(((0.,0.),(0.63084711879491806,0.),(0.63084711879491806,0.10000000149011612),(0.,0.10000000149011612)));
#1934=IFCINDEXEDPOLYCURVE(#1933,(IFCLINEINDEX((1,2,3,4,1))),$);
#1935=IFCARBITRARYCLOSEDPROFILEDEF(.AREA.,$,#1934);
#1936=IFCCARTESIANPOINT((0.05000000074505806,0.,0.));
#1937=IFCDIRECTION((0.,0.,1.));
#1938=IFCDIRECTION((1.,0.,0.));
#1939=IFCAXIS2PLACEMENT3D(#1936,#1937,#1938);
#1940=IFCDIRECTION((0.,0.,1.));
#1941=IFCEXTRUDEDAREASOLID(#1935,#1939,#1940,0.02500000037252903);
#1942=IFCCARTESIANPOINTLIST2D(((0.,0.),(0.,2.0250000022351742),(0.78084712475538254,2.0250000022351742),(0.78084712475538254,0.),(0.7058471217751503,0.),(0.7058471217751503,1.9499999992549419),(0.075000002980232239,1.9499999992549419),(0.075000002980232239,0.)));
#1943=IFCINDEXEDPOLYCURVE(#1942,(IFCLINEINDEX((1,2,3,4,5,6,7,8,1))),$);
#1944=IFCARBITRARYCLOSEDPROFILEDEF(.AREA.,$,#1943);
#1945=IFCCARTESIANPOINT((-0.025000002235174179,-0.004999999888241291,0.));
#1946=IFCDIRECTION((0.,-1.,0.));
#1947=IFCDIRECTION((1.,0.,0.));
#1948=IFCAXIS2PLACEMENT3D(#1945,#1946,#1947);
#1949=IFCDIRECTION((0.,0.,-1.));
#1950=IFCEXTRUDEDAREASOLID(#1944,#1948,#1949,0.004999999888241291);
#1951=IFCCARTESIANPOINTLIST2D(((0.,0.),(0.,2.0250000022351742),(0.78084712475538254,2.0250000022351742),(0.78084712475538254,0.),(0.73084712214767933,0.),(0.73084712214767933,1.974999999627471),(0.050000002607703209,1.974999999627471),(0.050000002607703209,0.)));
#1952=IFCINDEXEDPOLYCURVE(#1951,(IFCLINEINDEX((1,2,3,4,5,6,7,8,1))),$);
#1953=IFCARBITRARYCLOSEDPROFILEDEF(.AREA.,$,#1952);
#1954=IFCCARTESIANPOINT((-0.025000002235174179,0.05000000074505806,0.));
#1955=IFCDIRECTION((0.,-1.,0.));
#1956=IFCDIRECTION((1.,0.,0.));
#1957=IFCAXIS2PLACEMENT3D(#1954,#1955,#1956);
#1958=IFCDIRECTION((0.,0.,-1.));
#1959=IFCEXTRUDEDAREASOLID(#1953,#1957,#1958,0.004999999888241291);
#1960=IFCCARTESIANPOINTLIST2D(((0.,0.),(0.68084711953997612,0.),(0.68084711953997612,0.035000000149011612),(0.,0.035000000149011612)));
#1961=IFCINDEXEDPOLYCURVE(#1960,(IFCLINEINDEX((1,2,3,4,1))),$);
#1962=IFCARBITRARYCLOSEDPROFILEDEF(.AREA.,$,#1961);
#1963=IFCCARTESIANPOINT((0.02500000037252903,0.02500000037252903,0.02500000037252903));
#1964=IFCDIRECTION((0.,0.,1.));
#1965=IFCDIRECTION((1.,0.,0.));
#1966=IFCAXIS2PLACEMENT3D(#1963,#1964,#1965);
#1967=IFCDIRECTION((0.,0.,1.));
#1968=IFCEXTRUDEDAREASOLID(#1962,#1966,#1967,1.9499999992549419);
#1969=IFCCARTESIANPOINTLIST2D(((0.,0.),(0.,-0.040000000000000001),(-0.11999999999999988,-0.040000000000000001),(-0.11999999999999988,-0.02),(-0.020000000000000018,-0.02),(-0.020000000000000018,0.)));
#1970=IFCINDEXEDPOLYCURVE(#1969,(IFCLINEINDEX((1,2,3,4,5,6,1))),$);
#1971=IFCARBITRARYCLOSEDPROFILEDEF(.AREA.,$,#1970);
#1972=IFCCARTESIANPOINT((0.65584711991250511,0.02500000037252903,1.015000000372529));
#1973=IFCDIRECTION((0.,0.,1.));
#1974=IFCDIRECTION((1.,0.,0.));
#1975=IFCAXIS2PLACEMENT3D(#1972,#1973,#1974);
#1976=IFCDIRECTION((0.,0.,1.));
#1977=IFCEXTRUDEDAREASOLID(#1971,#1975,#1976,0.02);
#1978=IFCEXTRUDEDAREASOLID(#1979,#1982,#1986,0.02);
#1979=IFCARBITRARYCLOSEDPROFILEDEF(.AREA.,$,#1980);
#1980=IFCINDEXEDPOLYCURVE(#1981,(IFCLINEINDEX((1,2,3,4,5,6,1))),$);
#1981=IFCCARTESIANPOINTLIST2D(((0.,0.),(0.,0.040000000000000008),(-0.11999999999999988,0.040000000000000008),(-0.11999999999999988,0.020000000000000004),(-0.020000000000000018,0.020000000000000004),(-0.020000000000000018,0.)));
#1982=IFCAXIS2PLACEMENT3D(#1983,#1984,#1985);
#1983=IFCCARTESIANPOINT((0.65584711991250511,0.060000000521540642,1.015000000372529));
#1984=IFCDIRECTION((0.,0.,1.));
#1985=IFCDIRECTION((1.,0.,0.));
#1986=IFCDIRECTION((0.,0.,1.));
#1987=IFCSHAPEREPRESENTATION(#11,'Body','SweptSolid',(#1923,#1932,#1968,#1977,#1978,#1941,#1950,#1959));
#1988=IFCSHAPEREPRESENTATION(#11,'Body','SweptSolid',(#1923,#1932,#1941,#1950,#1959));
#1989=IFCSHAPEASPECT((#1988),'Lining',$,.T.,#1856);
#1990=IFCSHAPEREPRESENTATION(#11,'Body','SweptSolid',(#1968,#1977,#1978));
#1991=IFCSHAPEASPECT((#1990),'Framing',$,.T.,#1856);
#1992=IFCCARTESIANPOINTLIST2D(((0.,0.),(0.,0.05000000074505806),(0.02500000037252903,0.05000000074505806),(0.02500000037252903,0.02500000037252903),(0.05000000074505806,0.02500000037252903),(0.05000000074505806,0.)));
#1993=IFCINDEXEDPOLYCURVE(#1992,(IFCLINEINDEX((1,2,3,4,5,6,1))),$);
#1994=IFCINDEXEDPOLYCURVE(#1995,(IFCLINEINDEX((1,2,3,4,5,6,1))),$);
#1995=IFCCARTESIANPOINTLIST2D(((0.73084712028503418,0.),(0.73084712028503418,0.05000000074505806),(0.70584711991250515,0.05000000074505806),(0.70584711991250515,0.02500000037252903),(0.68084711953997612,0.02500000037252903),(0.68084711953997612,0.)));
#1996=IFCDIRECTION((1.,0.));
#1997=IFCCARTESIANPOINT((0.060000000521540642,0.05000000074505806));
#1998=IFCAXIS2PLACEMENT2D(#1997,#1996);
#1999=IFCELLIPSE(#1998,0.64584711939096451,0.68084711953997612);
#2000=IFCCARTESIANPOINT((0.70584711991250515,0.05000000074505806));
#2001=IFCCARTESIANPOINT((0.060000000521540642,0.73084712028503418));
#2002=IFCTRIMMEDCURVE(#1999,(#2000),(#2001),.T.,.CARTESIAN.);
#2003=IFCCARTESIANPOINTLIST2D(((0.02500000037252903,0.05000000074505806),(0.060000000521540642,0.05000000074505806),(0.060000000521540642,0.73084712028503418),(0.02500000037252903,0.73084712028503418)));
#2004=IFCINDEXEDPOLYCURVE(#2003,(IFCLINEINDEX((1,2,3,4,1))),$);
#2005=IFCSHAPEREPRESENTATION(#24,'Body','Curve2D',(#1993,#1994,#2002,#2004));
#2006=IFCCARTESIANPOINTLIST2D(((0.,0.),(0.73084712028503418,0.),(0.73084712028503418,2.),(0.,2.)));
#2007=IFCINDEXEDPOLYCURVE(#2006,(IFCLINEINDEX((1,2,3,4,1))),$);
#2008=IFCARBITRARYCLOSEDPROFILEDEF(.AREA.,$,#2007);
#2009=IFCCARTESIANPOINT((0.,-0.60000002384185791,0.));
#2010=IFCDIRECTION((0.,-1.,0.));
#2011=IFCDIRECTION((1.,0.,0.));
#2012=IFCAXIS2PLACEMENT3D(#2009,#2010,#2011);
#2013=IFCDIRECTION((0.,0.,-1.));
#2014=IFCEXTRUDEDAREASOLID(#2008,#2012,#2013,1.2);
#2015=IFCSHAPEREPRESENTATION(#11,'Body','SweptSolid',(#2014));
#2021=IFCCARTESIANPOINT((0.050668462823971083,0.015000115500092059,0.));
#2022=IFCDIRECTION((0.,0.,1.));
#2023=IFCDIRECTION((0.99999999999999289,-1.1920928955077312E-07,0.));
#2024=IFCAXIS2PLACEMENT3D(#2021,#2022,#2023);
#2025=IFCLOCALPLACEMENT(#857,#2024);
#2026=IFCCARTESIANPOINT((0.,-4.4408920985006262E-16,0.));
#2027=IFCDIRECTION((0.,0.,1.));
#2028=IFCDIRECTION((0.99999999999999989,0.,0.));
#2029=IFCAXIS2PLACEMENT3D(#2026,#2027,#2028);
#2030=IFCLOCALPLACEMENT(#2025,#2029);
#2031=IFCDOORTYPE('2ch4FdSyvACA_pt9xbCMtF',$,'Maid FF',$,$,(#2032),(#2034,#2042,#2120,#9297),$,$,.DOOR.,.SINGLE_SWING_LEFT.,$,$);
#2032=IFCPROPERTYSET('3rn9AXiA50tfpB8G65Zh6n',$,'BBIM_Door',$,(#2033));
#2033=IFCPROPERTYSINGLEVALUE('Data',$,IFCTEXT('{"door_type": "SLIDING_TO_LEFT", "overall_height": 2.0, "overall_width": 1.440572738647461, "lining_properties": {"lining_depth": 0.05000000074505806, "lining_thickness": 0.05000000074505806, "lining_offset": 0.0, "transom_thickness": 0.0, "casing_thickness": 0.07500000298023224, "casing_depth": 0.004999999888241291, "threshold_thickness": 0.02500000037252903, "threshold_depth": 0.10000000149011612, "threshold_offset": 0.0}, "panel_properties": {"panel_depth": 0.03500000014901161, "panel_width_ratio": 1.0}}'),$);
#2034=IFCREPRESENTATIONMAP(#2035,#9471);
#2035=IFCAXIS2PLACEMENT3D(#2036,#2037,#2038);
#2036=IFCCARTESIANPOINT((0.,0.,0.));
#2037=IFCDIRECTION((0.,0.,1.));
#2038=IFCDIRECTION((1.,0.,0.));
#2042=IFCREPRESENTATIONMAP(#2043,#9535);
#2043=IFCAXIS2PLACEMENT3D(#2044,#2045,#2046);
#2044=IFCCARTESIANPOINT((0.,0.,0.));
#2045=IFCDIRECTION((0.,0.,1.));
#2046=IFCDIRECTION((1.,0.,0.));
#2120=IFCREPRESENTATIONMAP(#2121,#9542);
#2121=IFCAXIS2PLACEMENT3D(#2122,#2123,#2124);
#2122=IFCCARTESIANPOINT((0.,0.,0.));
#2123=IFCDIRECTION((0.,0.,1.));
#2124=IFCDIRECTION((1.,0.,0.));
#2139=IFCDOOR('0hVSqp6BfBRAP7MS3fSZGY',$,'Door',$,$,#9572,#2148,$,2.,1.4405727386474609,$,.SLIDING_TO_LEFT.,$);
#2140=IFCRELDEFINESBYTYPE('1DOcAs_sbASPDlAof1HWdl',$,$,$,(#2139),#2031);
#2141=IFCCARTESIANPOINT((0.,0.,0.));
#2142=IFCDIRECTION((1.,0.,0.));
#2143=IFCDIRECTION((0.,1.,0.));
#2144=IFCDIRECTION((0.,0.,1.));
#2145=IFCCARTESIANTRANSFORMATIONOPERATOR3D(#2142,#2143,#2141,1.,#2144);
#2146=IFCMAPPEDITEM(#2034,#2145);
#2147=IFCSHAPEREPRESENTATION(#18,'Profile','MappedRepresentation',(#2146));
#2148=IFCPRODUCTDEFINITIONSHAPE($,$,(#2147,#2155,#2162,#9304));
#2149=IFCCARTESIANPOINT((0.,0.,0.));
#2150=IFCDIRECTION((1.,0.,0.));
#2151=IFCDIRECTION((0.,1.,0.));
#2152=IFCDIRECTION((0.,0.,1.));
#2153=IFCCARTESIANTRANSFORMATIONOPERATOR3D(#2150,#2151,#2149,1.,#2152);
#2154=IFCMAPPEDITEM(#2042,#2153);
#2155=IFCSHAPEREPRESENTATION(#11,'Body','MappedRepresentation',(#2154));
#2156=IFCCARTESIANPOINT((0.,0.,0.));
#2157=IFCDIRECTION((1.,0.,0.));
#2158=IFCDIRECTION((0.,1.,0.));
#2159=IFCDIRECTION((0.,0.,1.));
#2160=IFCCARTESIANTRANSFORMATIONOPERATOR3D(#2157,#2158,#2156,1.,#2159);
#2161=IFCMAPPEDITEM(#2120,#2160);
#2162=IFCSHAPEREPRESENTATION(#24,'Body','MappedRepresentation',(#2161));
#2163=IFCOPENINGELEMENT('1cr4EupeH1kfLeGx6Ad$31',$,'Opening',$,$,#9567,#2191,$,.OPENING.);
#2179=IFCCARTESIANPOINT((0.,0.,0.));
#2180=IFCDIRECTION((1.,0.,0.));
#2181=IFCDIRECTION((0.,0.,1.));
#2182=IFCAXIS2PLACEMENT3D(#2179,#2181,#2180);
#2183=IFCREPRESENTATIONMAP(#2182,#9557);
#2184=IFCCARTESIANPOINT((0.,0.,0.));
#2185=IFCDIRECTION((1.,0.,0.));
#2186=IFCDIRECTION((0.,1.,0.));
#2187=IFCDIRECTION((0.,0.,1.));
#2188=IFCCARTESIANTRANSFORMATIONOPERATOR3D(#2185,#2186,#2184,1.,#2187);
#2189=IFCMAPPEDITEM(#2183,#2188);
#2190=IFCSHAPEREPRESENTATION(#11,'Body','MappedRepresentation',(#2189));
#2191=IFCPRODUCTDEFINITIONSHAPE($,$,(#2190));
#2192=IFCRELVOIDSELEMENT('3N8N4pfNL4kvOZlT8wRl8_',$,$,$,#896,#2163);
#2198=IFCRELFILLSELEMENT('0OscdXzbrEovQh0QF4X9Vs',$,$,$,#2163,#2139);
#2207=IFCCARTESIANPOINTLIST2D(((0.,0.),(0.,2.),(0.764140784740448,2.),(0.764140784740448,0.),(0.73914078436791897,0.),(0.73914078436791897,1.974999999627471),(0.02500000037252903,1.974999999627471),(0.02500000037252903,0.)));
#2208=IFCINDEXEDPOLYCURVE(#2207,(IFCLINEINDEX((1,2,3,4,5,6,7,8,1))),$);
#2209=IFCARBITRARYCLOSEDPROFILEDEF(.AREA.,$,#2208);
#2210=IFCCARTESIANPOINT((0.,0.02500000037252903,0.));
#2211=IFCDIRECTION((0.,-1.,0.));
#2212=IFCDIRECTION((1.,0.,0.));
#2213=IFCAXIS2PLACEMENT3D(#2210,#2211,#2212);
#2214=IFCDIRECTION((0.,0.,-1.));
#2215=IFCEXTRUDEDAREASOLID(#2209,#2213,#2214,0.02500000037252903);
#2216=IFCCARTESIANPOINTLIST2D(((0.,0.),(0.,2.),(0.764140784740448,2.),(0.764140784740448,0.),(0.71414078399538994,0.),(0.71414078399538994,1.9499999992549419),(0.05000000074505806,1.9499999992549419),(0.05000000074505806,0.)));
#2217=IFCINDEXEDPOLYCURVE(#2216,(IFCLINEINDEX((1,2,3,4,5,6,7,8,1))),$);
#2218=IFCARBITRARYCLOSEDPROFILEDEF(.AREA.,$,#2217);
#2219=IFCCARTESIANPOINT((0.,0.,0.));
#2220=IFCDIRECTION((0.,-1.,0.));
#2221=IFCDIRECTION((1.,0.,0.));
#2222=IFCAXIS2PLACEMENT3D(#2219,#2220,#2221);
#2223=IFCDIRECTION((0.,0.,-1.));
#2224=IFCEXTRUDEDAREASOLID(#2218,#2222,#2223,0.02500000037252903);
#2225=IFCCARTESIANPOINTLIST2D(((0.,0.),(0.66414078325033188,0.),(0.66414078325033188,0.10000000149011612),(0.,0.10000000149011612)));
#2226=IFCINDEXEDPOLYCURVE(#2225,(IFCLINEINDEX((1,2,3,4,1))),$);
#2227=IFCARBITRARYCLOSEDPROFILEDEF(.AREA.,$,#2226);
#2228=IFCCARTESIANPOINT((0.05000000074505806,0.,0.));
#2229=IFCDIRECTION((0.,0.,1.));
#2230=IFCDIRECTION((1.,0.,0.));
#2231=IFCAXIS2PLACEMENT3D(#2228,#2229,#2230);
#2232=IFCDIRECTION((0.,0.,1.));
#2233=IFCEXTRUDEDAREASOLID(#2227,#2231,#2232,0.02500000037252903);
#2234=IFCCARTESIANPOINTLIST2D(((0.,0.),(0.,2.0250000022351742),(0.81414078921079636,2.0250000022351742),(0.81414078921079636,0.),(0.73914078623056412,0.),(0.73914078623056412,1.9499999992549419),(0.075000002980232239,1.9499999992549419),(0.075000002980232239,0.)));
#2235=IFCINDEXEDPOLYCURVE(#2234,(IFCLINEINDEX((1,2,3,4,5,6,7,8,1))),$);
#2236=IFCARBITRARYCLOSEDPROFILEDEF(.AREA.,$,#2235);
#2237=IFCCARTESIANPOINT((-0.025000002235174179,-0.004999999888241291,0.));
#2238=IFCDIRECTION((0.,-1.,0.));
#2239=IFCDIRECTION((1.,0.,0.));
#2240=IFCAXIS2PLACEMENT3D(#2237,#2238,#2239);
#2241=IFCDIRECTION((0.,0.,-1.));
#2242=IFCEXTRUDEDAREASOLID(#2236,#2240,#2241,0.004999999888241291);
#2243=IFCCARTESIANPOINTLIST2D(((0.,0.),(0.,2.0250000022351742),(0.81414078921079636,2.0250000022351742),(0.81414078921079636,0.),(0.76414078660309315,0.),(0.76414078660309315,1.974999999627471),(0.050000002607703209,1.974999999627471),(0.050000002607703209,0.)));
#2244=IFCINDEXEDPOLYCURVE(#2243,(IFCLINEINDEX((1,2,3,4,5,6,7,8,1))),$);
#2245=IFCARBITRARYCLOSEDPROFILEDEF(.AREA.,$,#2244);
#2246=IFCCARTESIANPOINT((-0.025000002235174179,0.05000000074505806,0.));
#2247=IFCDIRECTION((0.,-1.,0.));
#2248=IFCDIRECTION((1.,0.,0.));
#2249=IFCAXIS2PLACEMENT3D(#2246,#2247,#2248);
#2250=IFCDIRECTION((0.,0.,-1.));
#2251=IFCEXTRUDEDAREASOLID(#2245,#2249,#2250,0.004999999888241291);
#2252=IFCCARTESIANPOINTLIST2D(((0.,0.),(0.71414078399538994,0.),(0.71414078399538994,0.035000000149011612),(0.,0.035000000149011612)));
#2253=IFCINDEXEDPOLYCURVE(#2252,(IFCLINEINDEX((1,2,3,4,1))),$);
#2254=IFCARBITRARYCLOSEDPROFILEDEF(.AREA.,$,#2253);
#2255=IFCCARTESIANPOINT((0.02500000037252903,0.02500000037252903,0.02500000037252903));
#2256=IFCDIRECTION((0.,0.,1.));
#2257=IFCDIRECTION((1.,0.,0.));
#2258=IFCAXIS2PLACEMENT3D(#2255,#2256,#2257);
#2259=IFCDIRECTION((0.,0.,1.));
#2260=IFCEXTRUDEDAREASOLID(#2254,#2258,#2259,1.9499999992549419);
#2261=IFCCARTESIANPOINTLIST2D(((0.,0.),(0.,-0.040000000000000001),(-0.11999999999999988,-0.040000000000000001),(-0.11999999999999988,-0.02),(-0.020000000000000018,-0.02),(-0.020000000000000018,0.)));
#2262=IFCINDEXEDPOLYCURVE(#2261,(IFCLINEINDEX((1,2,3,4,5,6,1))),$);
#2263=IFCARBITRARYCLOSEDPROFILEDEF(.AREA.,$,#2262);
#2264=IFCCARTESIANPOINT((0.68914078436791892,0.02500000037252903,1.015000000372529));
#2265=IFCDIRECTION((0.,0.,1.));
#2266=IFCDIRECTION((1.,0.,0.));
#2267=IFCAXIS2PLACEMENT3D(#2264,#2265,#2266);
#2268=IFCDIRECTION((0.,0.,1.));
#2269=IFCEXTRUDEDAREASOLID(#2263,#2267,#2268,0.02);
#2270=IFCEXTRUDEDAREASOLID(#2271,#2274,#2278,0.02);
#2271=IFCARBITRARYCLOSEDPROFILEDEF(.AREA.,$,#2272);
#2272=IFCINDEXEDPOLYCURVE(#2273,(IFCLINEINDEX((1,2,3,4,5,6,1))),$);
#2273=IFCCARTESIANPOINTLIST2D(((0.,0.),(0.,0.040000000000000008),(-0.11999999999999988,0.040000000000000008),(-0.11999999999999988,0.020000000000000004),(-0.020000000000000018,0.020000000000000004),(-0.020000000000000018,0.)));
#2274=IFCAXIS2PLACEMENT3D(#2275,#2276,#2277);
#2275=IFCCARTESIANPOINT((0.68914078436791892,0.060000000521540642,1.015000000372529));
#2276=IFCDIRECTION((0.,0.,1.));
#2277=IFCDIRECTION((1.,0.,0.));
#2278=IFCDIRECTION((0.,0.,1.));
#2280=IFCSHAPEREPRESENTATION(#11,'Body','SweptSolid',(#9243,#2215,#9489,#2251,#2224,#9480,#2242,#9225,#2233,#9507,#9252,#9234,#9498));
#2281=IFCSHAPEASPECT((#2280),'Lining',$,.T.,#2148);
#2282=IFCSHAPEREPRESENTATION(#11,'Body','SweptSolid',(#2269,#2270,#2260,#9525,#9526,#9271,#9516,#9261,#9270));
#2283=IFCSHAPEASPECT((#2282),'Framing',$,.T.,#2148);
#2323=IFCWINDOWTYPE('18K0R3vUf4jRUOkV$ftqcJ',$,'Living FF',$,$,(#2324),(#2333,#2381,#2403),$,$,.WINDOW.,.SINGLE_PANEL.,$,$);
#2324=IFCPROPERTYSET('07Qs7bM5f8P8sPqTAE03Wf',$,'BBIM_Window',$,(#2325));
#2325=IFCPROPERTYSINGLEVALUE('Data',$,IFCTEXT('{"window_type": "SINGLE_PANEL", "overall_height": 0.8999999761581421, "overall_width": 0.7821341753005981, "lining_properties": {"lining_depth": 0.05000000074505806, "lining_thickness": 0.05000000074505806, "lining_offset": 0.05000000074505806, "lining_to_panel_offset_x": 0.02500000037252903, "lining_to_panel_offset_y": 0.02500000037252903}, "panel_properties": {"frame_depth": [0.03500000014901161, 0.03500000014901161, 0.03500000014901161], "frame_thickness": [0.03500000014901161, 0.03500000014901161, 0.03500000014901161]}}'),$);
#2329=IFCCARTESIANPOINT((0.,0.,0.));
#2330=IFCDIRECTION((1.,0.,0.));
#2331=IFCDIRECTION((0.,0.,1.));
#2332=IFCAXIS2PLACEMENT3D(#2329,#2331,#2330);
#2333=IFCREPRESENTATIONMAP(#2332,#2565);
#2377=IFCCARTESIANPOINT((0.,0.,0.));
#2378=IFCDIRECTION((1.,0.,0.));
#2379=IFCDIRECTION((0.,0.,1.));
#2380=IFCAXIS2PLACEMENT3D(#2377,#2379,#2378);
#2381=IFCREPRESENTATIONMAP(#2380,#2608);
#2399=IFCCARTESIANPOINT((0.,0.,0.));
#2400=IFCDIRECTION((1.,0.,0.));
#2401=IFCDIRECTION((0.,0.,1.));
#2402=IFCAXIS2PLACEMENT3D(#2399,#2401,#2400);
#2403=IFCREPRESENTATIONMAP(#2402,#2625);
#2404=IFCWINDOW('13P5Whi598ghCtULqVQ5w_',$,'Window',$,$,#3830,#2413,$,0.89999997615814209,0.78213417530059814,$,.SINGLE_PANEL.,$);
#2405=IFCRELDEFINESBYTYPE('0W5hlWbj9D59504oGjAHCa',$,$,$,(#2404),#2323);
#2406=IFCCARTESIANPOINT((0.,0.,0.));
#2407=IFCDIRECTION((1.,0.,0.));
#2408=IFCDIRECTION((0.,1.,0.));
#2409=IFCDIRECTION((0.,0.,1.));
#2410=IFCCARTESIANTRANSFORMATIONOPERATOR3D(#2407,#2408,#2406,1.,#2409);
#2411=IFCMAPPEDITEM(#2333,#2410);
#2412=IFCSHAPEREPRESENTATION(#18,'Profile','MappedRepresentation',(#2411));
#2413=IFCPRODUCTDEFINITIONSHAPE($,$,(#2412,#2420,#2427));
#2414=IFCCARTESIANPOINT((0.,0.,0.));
#2415=IFCDIRECTION((1.,0.,0.));
#2416=IFCDIRECTION((0.,1.,0.));
#2417=IFCDIRECTION((0.,0.,1.));
#2418=IFCCARTESIANTRANSFORMATIONOPERATOR3D(#2415,#2416,#2414,1.,#2417);
#2419=IFCMAPPEDITEM(#2381,#2418);
#2420=IFCSHAPEREPRESENTATION(#11,'Body','MappedRepresentation',(#2419));
#2421=IFCCARTESIANPOINT((0.,0.,0.));
#2422=IFCDIRECTION((1.,0.,0.));
#2423=IFCDIRECTION((0.,1.,0.));
#2424=IFCDIRECTION((0.,0.,1.));
#2425=IFCCARTESIANTRANSFORMATIONOPERATOR3D(#2422,#2423,#2421,1.,#2424);
#2426=IFCMAPPEDITEM(#2403,#2425);
#2427=IFCSHAPEREPRESENTATION(#24,'Body','MappedRepresentation',(#2426));
#2428=IFCOPENINGELEMENT('2oxMyGGVrBlwdZNQ7RIw4w',$,'Opening',$,$,#2660,#2456,$,.OPENING.);
#2444=IFCCARTESIANPOINT((0.,0.,0.));
#2445=IFCDIRECTION((1.,0.,0.));
#2446=IFCDIRECTION((0.,0.,1.));
#2447=IFCAXIS2PLACEMENT3D(#2444,#2446,#2445);
#2448=IFCREPRESENTATIONMAP(#2447,#2635);
#2449=IFCCARTESIANPOINT((0.,0.,0.));
#2450=IFCDIRECTION((1.,0.,0.));
#2451=IFCDIRECTION((0.,1.,0.));
#2452=IFCDIRECTION((0.,0.,1.));
#2453=IFCCARTESIANTRANSFORMATIONOPERATOR3D(#2450,#2451,#2449,1.,#2452);
#2454=IFCMAPPEDITEM(#2448,#2453);
#2455=IFCSHAPEREPRESENTATION(#11,'Body','MappedRepresentation',(#2454));
#2456=IFCPRODUCTDEFINITIONSHAPE($,$,(#2455));
#2457=IFCRELVOIDSELEMENT('0a8peBPs5BZ8NAv3QWnzQe',$,$,$,#87,#2428);
#2463=IFCRELFILLSELEMENT('0UwWbpBFjEnRSHLbhyzZDY',$,$,$,#2428,#2404);
#2472=IFCCARTESIANPOINTLIST2D(((0.,0.),(0.78213417530059814,0.),(0.78213417530059814,0.89999997615814209),(0.,0.89999997615814209)));
#2473=IFCINDEXEDPOLYCURVE(#2472,(IFCLINEINDEX((1,2,3,4,1))),$);
#2474=IFCCARTESIANPOINTLIST2D(((0.02500000037252903,0.02500000037252903),(0.75713417492806911,0.02500000037252903),(0.75713417492806911,0.87499997578561306),(0.02500000037252903,0.87499997578561306)));
#2475=IFCINDEXEDPOLYCURVE(#2474,(IFCLINEINDEX((1,2,3,4,1))),$);
#2476=IFCARBITRARYPROFILEDEFWITHVOIDS(.AREA.,$,#2473,(#2475));
#2477=IFCCARTESIANPOINT((0.,0.090000001713633537,0.));
#2478=IFCDIRECTION((0.,-1.,0.));
#2479=IFCDIRECTION((1.,0.,0.));
#2480=IFCAXIS2PLACEMENT3D(#2477,#2478,#2479);
#2481=IFCDIRECTION((0.,0.,-1.));
#2482=IFCEXTRUDEDAREASOLID(#2476,#2480,#2481,0.0099999997764825821);
#2483=IFCCARTESIANPOINTLIST2D(((0.,0.),(0.78213417530059814,0.),(0.78213417530059814,0.89999997615814209),(0.,0.89999997615814209)));
#2484=IFCINDEXEDPOLYCURVE(#2483,(IFCLINEINDEX((1,2,3,4,1))),$);
#2485=IFCCARTESIANPOINTLIST2D(((0.05000000074505806,0.05000000074505806),(0.73213417455554008,0.05000000074505806),(0.73213417455554008,0.84999997541308403),(0.05000000074505806,0.84999997541308403)));
#2486=IFCINDEXEDPOLYCURVE(#2485,(IFCLINEINDEX((1,2,3,4,1))),$);
#2487=IFCARBITRARYPROFILEDEFWITHVOIDS(.AREA.,$,#2484,(#2486));
#2488=IFCCARTESIANPOINT((0.,0.05000000074505806,0.));
#2489=IFCDIRECTION((0.,-1.,0.));
#2490=IFCDIRECTION((1.,0.,0.));
#2491=IFCAXIS2PLACEMENT3D(#2488,#2489,#2490);
#2492=IFCDIRECTION((0.,0.,-1.));
#2493=IFCEXTRUDEDAREASOLID(#2487,#2491,#2492,0.040000000968575478);
#2494=IFCCARTESIANPOINTLIST2D(((0.,0.),(0.73213417455554008,0.),(0.73213417455554008,0.84999997541308403),(0.,0.84999997541308403)));
#2495=IFCINDEXEDPOLYCURVE(#2494,(IFCLINEINDEX((1,2,3,4,1))),$);
#2496=IFCCARTESIANPOINTLIST2D(((0.035000000149011612,0.035000000149011612),(0.69713417440652847,0.035000000149011612),(0.69713417440652847,0.81499997526407242),(0.035000000149011612,0.81499997526407242)));
#2497=IFCINDEXEDPOLYCURVE(#2496,(IFCLINEINDEX((1,2,3,4,1))),$);
#2498=IFCARBITRARYPROFILEDEFWITHVOIDS(.AREA.,$,#2495,(#2497));
#2499=IFCCARTESIANPOINT((0.02500000037252903,0.090000001713633537,0.02500000037252903));
#2500=IFCDIRECTION((0.,-1.,0.));
#2501=IFCDIRECTION((1.,0.,0.));
#2502=IFCAXIS2PLACEMENT3D(#2499,#2500,#2501);
#2503=IFCDIRECTION((0.,0.,-1.));
#2504=IFCEXTRUDEDAREASOLID(#2498,#2502,#2503,0.035000000149011612);
#2505=IFCINDEXEDPOLYCURVE(#2506,(IFCLINEINDEX((1,2,3,4,1))),$);
#2506=IFCCARTESIANPOINTLIST2D(((0.035000000149011612,0.035000000149011612),(0.69713417440652847,0.035000000149011612),(0.69713417440652847,0.81499997526407242),(0.035000000149011612,0.81499997526407242)));
#2507=IFCARBITRARYCLOSEDPROFILEDEF(.AREA.,$,#2505);
#2508=IFCCARTESIANPOINT((0.02500000037252903,0.10250000178813934,0.02500000037252903));
#2509=IFCDIRECTION((0.,-1.,0.));
#2510=IFCDIRECTION((1.,0.,0.));
#2511=IFCAXIS2PLACEMENT3D(#2508,#2509,#2510);
#2512=IFCDIRECTION((0.,0.,-1.));
#2513=IFCEXTRUDEDAREASOLID(#2507,#2511,#2512,0.01);
#2515=IFCSHAPEREPRESENTATION(#11,'Body','SweptSolid',(#2587,#2576,#2482,#2493));
#2516=IFCSHAPEASPECT((#2515),'Lining',$,.T.,#2413);
#2517=IFCSHAPEREPRESENTATION(#11,'Body','SweptSolid',(#2598,#2504));
#2518=IFCSHAPEASPECT((#2517),'Framing',$,.T.,#2413);
#2519=IFCSHAPEREPRESENTATION(#11,'Body','SweptSolid',(#2513,#2607));
#2520=IFCSHAPEASPECT((#2519),'Glazing',$,.T.,#2413);
#2563=IFCCARTESIANPOINTLIST3D(((0.,0.,0.),(0.78213417530059814,0.,0.),(0.78213417530059814,0.,0.89999997615814209),(0.,0.,0.89999997615814209)));
#2564=IFCINDEXEDPOLYCURVE(#2563,(IFCLINEINDEX((1,2,3,4,1))),$);
#2565=IFCSHAPEREPRESENTATION(#18,'Profile','Curve3D',(#2564));
#2566=IFCCARTESIANPOINTLIST2D(((0.,0.),(0.78213417530059814,0.),(0.78213417530059814,0.89999997615814209),(0.,0.89999997615814209)));
#2567=IFCINDEXEDPOLYCURVE(#2566,(IFCLINEINDEX((1,2,3,4,1))),$);
#2568=IFCCARTESIANPOINTLIST2D(((0.02500000037252903,0.02500000037252903),(0.75713417492806911,0.02500000037252903),(0.75713417492806911,0.87499997578561306),(0.02500000037252903,0.87499997578561306)));
#2569=IFCINDEXEDPOLYCURVE(#2568,(IFCLINEINDEX((1,2,3,4,1))),$);
#2570=IFCARBITRARYPROFILEDEFWITHVOIDS(.AREA.,$,#2567,(#2569));
#2571=IFCCARTESIANPOINT((0.,0.090000001713633537,0.));
#2572=IFCDIRECTION((0.,-1.,0.));
#2573=IFCDIRECTION((1.,0.,0.));
#2574=IFCAXIS2PLACEMENT3D(#2571,#2572,#2573);
#2575=IFCDIRECTION((0.,0.,-1.));
#2576=IFCEXTRUDEDAREASOLID(#2570,#2574,#2575,0.0099999997764825821);
#2577=IFCCARTESIANPOINTLIST2D(((0.,0.),(0.78213417530059814,0.),(0.78213417530059814,0.89999997615814209),(0.,0.89999997615814209)));
#2578=IFCINDEXEDPOLYCURVE(#2577,(IFCLINEINDEX((1,2,3,4,1))),$);
#2579=IFCCARTESIANPOINTLIST2D(((0.05000000074505806,0.05000000074505806),(0.73213417455554008,0.05000000074505806),(0.73213417455554008,0.84999997541308403),(0.05000000074505806,0.84999997541308403)));
#2580=IFCINDEXEDPOLYCURVE(#2579,(IFCLINEINDEX((1,2,3,4,1))),$);
#2581=IFCARBITRARYPROFILEDEFWITHVOIDS(.AREA.,$,#2578,(#2580));
#2582=IFCCARTESIANPOINT((0.,0.05000000074505806,0.));
#2583=IFCDIRECTION((0.,-1.,0.));
#2584=IFCDIRECTION((1.,0.,0.));
#2585=IFCAXIS2PLACEMENT3D(#2582,#2583,#2584);
#2586=IFCDIRECTION((0.,0.,-1.));
#2587=IFCEXTRUDEDAREASOLID(#2581,#2585,#2586,0.040000000968575478);
#2588=IFCCARTESIANPOINTLIST2D(((0.,0.),(0.73213417455554008,0.),(0.73213417455554008,0.84999997541308403),(0.,0.84999997541308403)));
#2589=IFCINDEXEDPOLYCURVE(#2588,(IFCLINEINDEX((1,2,3,4,1))),$);
#2590=IFCCARTESIANPOINTLIST2D(((0.035000000149011612,0.035000000149011612),(0.69713417440652847,0.035000000149011612),(0.69713417440652847,0.81499997526407242),(0.035000000149011612,0.81499997526407242)));
#2591=IFCINDEXEDPOLYCURVE(#2590,(IFCLINEINDEX((1,2,3,4,1))),$);
#2592=IFCARBITRARYPROFILEDEFWITHVOIDS(.AREA.,$,#2589,(#2591));
#2593=IFCCARTESIANPOINT((0.02500000037252903,0.090000001713633537,0.02500000037252903));
#2594=IFCDIRECTION((0.,-1.,0.));
#2595=IFCDIRECTION((1.,0.,0.));
#2596=IFCAXIS2PLACEMENT3D(#2593,#2594,#2595);
#2597=IFCDIRECTION((0.,0.,-1.));
#2598=IFCEXTRUDEDAREASOLID(#2592,#2596,#2597,0.035000000149011612);
#2599=IFCINDEXEDPOLYCURVE(#2600,(IFCLINEINDEX((1,2,3,4,1))),$);
#2600=IFCCARTESIANPOINTLIST2D(((0.035000000149011612,0.035000000149011612),(0.69713417440652847,0.035000000149011612),(0.69713417440652847,0.81499997526407242),(0.035000000149011612,0.81499997526407242)));
#2601=IFCARBITRARYCLOSEDPROFILEDEF(.AREA.,$,#2599);
#2602=IFCCARTESIANPOINT((0.02500000037252903,0.10250000178813934,0.02500000037252903));
#2603=IFCDIRECTION((0.,-1.,0.));
#2604=IFCDIRECTION((1.,0.,0.));
#2605=IFCAXIS2PLACEMENT3D(#2602,#2603,#2604);
#2606=IFCDIRECTION((0.,0.,-1.));
#2607=IFCEXTRUDEDAREASOLID(#2601,#2605,#2606,0.01);
#2608=IFCSHAPEREPRESENTATION(#11,'Body','SweptSolid',(#2576,#2587,#2598,#2607));
#2609=IFCCARTESIANPOINTLIST2D(((0.05000000074505806,0.05000000074505806),(0.73213417455554008,0.05000000074505806)));
#2610=IFCINDEXEDPOLYCURVE(#2609,$,$);
#2611=IFCCARTESIANPOINTLIST2D(((0.,0.10000000149011612),(0.02500000037252903,0.10000000149011612),(0.02500000037252903,0.090000001713633537),(0.05000000074505806,0.090000001713633537),(0.05000000074505806,0.05000000074505806),(0.,0.05000000074505806)));
#2612=IFCINDEXEDPOLYCURVE(#2611,(IFCLINEINDEX((1,2,3,4,5,6,1))),$);
#2613=IFCCARTESIANPOINTLIST2D(((0.78213417530059814,0.10000000149011612),(0.75713417492806911,0.10000000149011612),(0.75713417492806911,0.090000001713633537),(0.73213417455554008,0.090000001713633537),(0.73213417455554008,0.05000000074505806),(0.78213417530059814,0.05000000074505806)));
#2614=IFCINDEXEDPOLYCURVE(#2613,(IFCLINEINDEX((1,2,3,4,5,6,1))),$);
#2615=IFCCARTESIANPOINTLIST2D(((0.02500000037252903,0.090000001713633537),(0.060000000521540642,0.090000001713633537),(0.060000000521540642,0.12500000186264515),(0.02500000037252903,0.12500000186264515)));
#2616=IFCINDEXEDPOLYCURVE(#2615,(IFCLINEINDEX((1,2,3,4,1))),$);
#2617=IFCINDEXEDPOLYCURVE(#2618,(IFCLINEINDEX((1,2,3,4,1))),$);
#2618=IFCCARTESIANPOINTLIST2D(((0.75713417492806911,0.090000001713633537),(0.7221341747790575,0.090000001713633537),(0.7221341747790575,0.12500000186264515),(0.75713417492806911,0.12500000186264515)));
#2619=IFCCARTESIANPOINTLIST2D(((0.060000000521540642,0.090000001713633537),(0.7221341747790575,0.090000001713633537)));
#2620=IFCINDEXEDPOLYCURVE(#2619,$,$);
#2621=IFCINDEXEDPOLYCURVE(#2622,$,$);
#2622=IFCCARTESIANPOINTLIST2D(((0.060000000521540642,0.12500000186264515),(0.7221341747790575,0.12500000186264515)));
#2623=IFCINDEXEDPOLYCURVE(#2624,$,$);
#2624=IFCCARTESIANPOINTLIST2D(((0.060000000521540642,0.10750000178813934),(0.7221341747790575,0.10750000178813934)));
#2625=IFCSHAPEREPRESENTATION(#24,'Body','Curve2D',(#2610,#2612,#2614,#2616,#2617,#2620,#2621,#2623));
#2626=IFCCARTESIANPOINTLIST2D(((0.,0.),(0.78213417530059814,0.),(0.78213417530059814,0.89999997615814209),(0.,0.89999997615814209)));
#2627=IFCINDEXEDPOLYCURVE(#2626,(IFCLINEINDEX((1,2,3,4,1))),$);
#2628=IFCARBITRARYCLOSEDPROFILEDEF(.AREA.,$,#2627);
#2629=IFCCARTESIANPOINT((0.,-0.60000002384185791,0.));
#2630=IFCDIRECTION((0.,-1.,0.));
#2631=IFCDIRECTION((1.,0.,0.));
#2632=IFCAXIS2PLACEMENT3D(#2629,#2630,#2631);
#2633=IFCDIRECTION((0.,0.,-1.));
#2634=IFCEXTRUDEDAREASOLID(#2628,#2632,#2633,1.2);
#2635=IFCSHAPEREPRESENTATION(#11,'Body','SweptSolid',(#2634));
#2656=IFCCARTESIANPOINT((1.746419957799958,2.384185791015625E-07,1.));
#2657=IFCDIRECTION((0.,0.,1.));
#2658=IFCDIRECTION((0.99999999999997158,-2.3841857910155572E-07,0.));
#2659=IFCAXIS2PLACEMENT3D(#2656,#2657,#2658);
#2660=IFCLOCALPLACEMENT(#625,#2659);
#2666=IFCWINDOWTYPE('3aA0YnQvb8KO0WyY82uAY0',$,'Guest1 FF',$,$,(#2667),(#2669,#2677,#2725),$,$,.WINDOW.,.SINGLE_PANEL.,$,$);
#2667=IFCPROPERTYSET('25eyDowP90k9LBEBtVqlbU',$,'BBIM_Window',$,(#2668));
#2668=IFCPROPERTYSINGLEVALUE('Data',$,IFCTEXT('{"window_type": "DOUBLE_PANEL_VERTICAL", "overall_height": 0.8999999761581421, "overall_width": 1.064604640007019, "lining_properties": {"lining_depth": 0.05000000074505806, "lining_thickness": 0.05000000074505806, "lining_offset": 0.05000000074505806, "lining_to_panel_offset_x": 0.02500000037252903, "lining_to_panel_offset_y": 0.02500000037252903, "mullion_thickness": 0.05000000074505806, "first_mullion_offset": 0.5392914414405823}, "panel_properties": {"frame_depth": [0.03500000014901161, 0.03500000014901161, 0.03500000014901161], "frame_thickness": [0.03500000014901161, 0.03500000014901161, 0.03500000014901161]}}'),$);
#2669=IFCREPRESENTATIONMAP(#2670,#2829);
#2670=IFCAXIS2PLACEMENT3D(#2671,#2672,#2673);
#2671=IFCCARTESIANPOINT((0.,0.,0.));
#2672=IFCDIRECTION((0.,0.,1.));
#2673=IFCDIRECTION((1.,0.,0.));
#2677=IFCREPRESENTATIONMAP(#2678,#2910);
#2678=IFCAXIS2PLACEMENT3D(#2679,#2680,#2681);
#2679=IFCCARTESIANPOINT((0.,0.,0.));
#2680=IFCDIRECTION((0.,0.,1.));
#2681=IFCDIRECTION((1.,0.,0.));
#2725=IFCREPRESENTATIONMAP(#2726,#2949);
#2726=IFCAXIS2PLACEMENT3D(#2727,#2728,#2729);
#2727=IFCCARTESIANPOINT((0.,0.,0.));
#2728=IFCDIRECTION((0.,0.,1.));
#2729=IFCDIRECTION((1.,0.,0.));
#2747=IFCWINDOW('2G0ryfyxz9PvApM_pLac4i',$,'Window',$,$,#2974,#2756,$,0.89999997615814209,1.064604640007019,$,.DOUBLE_PANEL_VERTICAL.,$);
#2748=IFCRELDEFINESBYTYPE('3tuXlQnxH37Rpc9fm1KnId',$,$,$,(#2747),#2666);
#2749=IFCCARTESIANPOINT((0.,0.,0.));
#2750=IFCDIRECTION((1.,0.,0.));
#2751=IFCDIRECTION((0.,1.,0.));
#2752=IFCDIRECTION((0.,0.,1.));
#2753=IFCCARTESIANTRANSFORMATIONOPERATOR3D(#2750,#2751,#2749,1.,#2752);
#2754=IFCMAPPEDITEM(#2669,#2753);
#2755=IFCSHAPEREPRESENTATION(#18,'Profile','MappedRepresentation',(#2754));
#2756=IFCPRODUCTDEFINITIONSHAPE($,$,(#2755,#2763,#2770));
#2757=IFCCARTESIANPOINT((0.,0.,0.));
#2758=IFCDIRECTION((1.,0.,0.));
#2759=IFCDIRECTION((0.,1.,0.));
#2760=IFCDIRECTION((0.,0.,1.));
#2761=IFCCARTESIANTRANSFORMATIONOPERATOR3D(#2758,#2759,#2757,1.,#2760);
#2762=IFCMAPPEDITEM(#2677,#2761);
#2763=IFCSHAPEREPRESENTATION(#11,'Body','MappedRepresentation',(#2762));
#2764=IFCCARTESIANPOINT((0.,0.,0.));
#2765=IFCDIRECTION((1.,0.,0.));
#2766=IFCDIRECTION((0.,1.,0.));
#2767=IFCDIRECTION((0.,0.,1.));
#2768=IFCCARTESIANTRANSFORMATIONOPERATOR3D(#2765,#2766,#2764,1.,#2767);
#2769=IFCMAPPEDITEM(#2725,#2768);
#2770=IFCSHAPEREPRESENTATION(#24,'Body','MappedRepresentation',(#2769));
#2771=IFCOPENINGELEMENT('19f2K4WRj1$vNSlKOYcakV',$,'Opening',$,$,#2969,#2799,$,.OPENING.);
#2787=IFCCARTESIANPOINT((0.,0.,0.));
#2788=IFCDIRECTION((1.,0.,0.));
#2789=IFCDIRECTION((0.,0.,1.));
#2790=IFCAXIS2PLACEMENT3D(#2787,#2789,#2788);
#2791=IFCREPRESENTATIONMAP(#2790,#2959);
#2792=IFCCARTESIANPOINT((0.,0.,0.));
#2793=IFCDIRECTION((1.,0.,0.));
#2794=IFCDIRECTION((0.,1.,0.));
#2795=IFCDIRECTION((0.,0.,1.));
#2796=IFCCARTESIANTRANSFORMATIONOPERATOR3D(#2793,#2794,#2792,1.,#2795);
#2797=IFCMAPPEDITEM(#2791,#2796);
#2798=IFCSHAPEREPRESENTATION(#11,'Body','MappedRepresentation',(#2797));
#2799=IFCPRODUCTDEFINITIONSHAPE($,$,(#2798));
#2800=IFCRELVOIDSELEMENT('2tNMjhH2X1RPA4ycpDbzLj',$,$,$,#239,#2771);
#2806=IFCRELFILLSELEMENT('0ih5qOIdb4wBO6LsJff3kT',$,$,$,#2771,#2747);
#2827=IFCCARTESIANPOINTLIST3D(((0.,0.,0.),(1.064604640007019,0.,0.),(1.064604640007019,0.,0.89999997615814209),(0.,0.,0.89999997615814209)));
#2828=IFCINDEXEDPOLYCURVE(#2827,(IFCLINEINDEX((1,2,3,4,1))),$);
#2829=IFCSHAPEREPRESENTATION(#18,'Profile','Curve3D',(#2828));
#2830=IFCCARTESIANPOINTLIST2D(((0.53929144144058228,0.),(0.,0.),(0.,0.89999997615814209),(0.53929144144058228,0.89999997615814209),(0.53929144144058228,0.87499997578561306),(0.02500000037252903,0.87499997578561306),(0.02500000037252903,0.02500000037252903),(0.53929144144058228,0.02500000037252903)));
#2831=IFCINDEXEDPOLYCURVE(#2830,(IFCLINEINDEX((1,2,3,4,5,6,7,8,1))),$);
#2832=IFCARBITRARYCLOSEDPROFILEDEF(.AREA.,$,#2831);
#2833=IFCCARTESIANPOINT((0.,0.090000001713633537,0.));
#2834=IFCDIRECTION((0.,-1.,0.));
#2835=IFCDIRECTION((1.,0.,0.));
#2836=IFCAXIS2PLACEMENT3D(#2833,#2834,#2835);
#2837=IFCDIRECTION((0.,0.,-1.));
#2838=IFCEXTRUDEDAREASOLID(#2832,#2836,#2837,0.0099999997764825821);
#2839=IFCCARTESIANPOINTLIST2D(((0.,0.),(0.53929144144058228,0.),(0.53929144144058228,0.89999997615814209),(0.,0.89999997615814209)));
#2840=IFCINDEXEDPOLYCURVE(#2839,(IFCLINEINDEX((1,2,3,4,1))),$);
#2841=IFCCARTESIANPOINTLIST2D(((0.05000000074505806,0.05000000074505806),(0.51429144106805325,0.05000000074505806),(0.51429144106805325,0.84999997541308403),(0.05000000074505806,0.84999997541308403)));
#2842=IFCINDEXEDPOLYCURVE(#2841,(IFCLINEINDEX((1,2,3,4,1))),$);
#2843=IFCARBITRARYPROFILEDEFWITHVOIDS(.AREA.,$,#2840,(#2842));
#2844=IFCCARTESIANPOINT((0.,0.05000000074505806,0.));
#2845=IFCDIRECTION((0.,-1.,0.));
#2846=IFCDIRECTION((1.,0.,0.));
#2847=IFCAXIS2PLACEMENT3D(#2844,#2845,#2846);
#2848=IFCDIRECTION((0.,0.,-1.));
#2849=IFCEXTRUDEDAREASOLID(#2843,#2847,#2848,0.040000000968575478);
#2850=IFCCARTESIANPOINTLIST2D(((0.,0.),(0.51429144106805325,0.),(0.51429144106805325,0.84999997541308403),(0.,0.84999997541308403)));
#2851=IFCINDEXEDPOLYCURVE(#2850,(IFCLINEINDEX((1,2,3,4,1))),$);
#2852=IFCCARTESIANPOINTLIST2D(((0.035000000149011612,0.035000000149011612),(0.47929144091904163,0.035000000149011612),(0.47929144091904163,0.81499997526407242),(0.035000000149011612,0.81499997526407242)));
#2853=IFCINDEXEDPOLYCURVE(#2852,(IFCLINEINDEX((1,2,3,4,1))),$);
#2854=IFCARBITRARYPROFILEDEFWITHVOIDS(.AREA.,$,#2851,(#2853));
#2855=IFCCARTESIANPOINT((0.02500000037252903,0.090000001713633537,0.02500000037252903));
#2856=IFCDIRECTION((0.,-1.,0.));
#2857=IFCDIRECTION((1.,0.,0.));
#2858=IFCAXIS2PLACEMENT3D(#2855,#2856,#2857);
#2859=IFCDIRECTION((0.,0.,-1.));
#2860=IFCEXTRUDEDAREASOLID(#2854,#2858,#2859,0.035000000149011612);
#2861=IFCINDEXEDPOLYCURVE(#2862,(IFCLINEINDEX((1,2,3,4,1))),$);
#2862=IFCCARTESIANPOINTLIST2D(((0.035000000149011612,0.035000000149011612),(0.47929144091904163,0.035000000149011612),(0.47929144091904163,0.81499997526407242),(0.035000000149011612,0.81499997526407242)));
#2863=IFCARBITRARYCLOSEDPROFILEDEF(.AREA.,$,#2861);
#2864=IFCCARTESIANPOINT((0.02500000037252903,0.10250000178813934,0.02500000037252903));
#2865=IFCDIRECTION((0.,-1.,0.));
#2866=IFCDIRECTION((1.,0.,0.));
#2867=IFCAXIS2PLACEMENT3D(#2864,#2865,#2866);
#2868=IFCDIRECTION((0.,0.,-1.));
#2869=IFCEXTRUDEDAREASOLID(#2863,#2867,#2868,0.01);
#2870=IFCCARTESIANPOINTLIST2D(((0.,0.89999997615814209),(0.52531319856643677,0.89999997615814209),(0.52531319856643677,0.),(0.,0.),(0.,0.02500000037252903),(0.50031319819390774,0.02500000037252903),(0.50031319819390774,0.87499997578561306),(0.,0.87499997578561306)));
#2871=IFCINDEXEDPOLYCURVE(#2870,(IFCLINEINDEX((1,2,3,4,5,6,7,8,1))),$);
#2872=IFCARBITRARYCLOSEDPROFILEDEF(.AREA.,$,#2871);
#2873=IFCCARTESIANPOINT((0.53929144144058228,0.090000001713633537,0.));
#2874=IFCDIRECTION((0.,-1.,0.));
#2875=IFCDIRECTION((1.,0.,0.));
#2876=IFCAXIS2PLACEMENT3D(#2873,#2874,#2875);
#2877=IFCDIRECTION((0.,0.,-1.));
#2878=IFCEXTRUDEDAREASOLID(#2872,#2876,#2877,0.0099999997764825821);
#2879=IFCCARTESIANPOINTLIST2D(((0.,0.),(0.52531319856643677,0.),(0.52531319856643677,0.89999997615814209),(0.,0.89999997615814209)));
#2880=IFCINDEXEDPOLYCURVE(#2879,(IFCLINEINDEX((1,2,3,4,1))),$);
#2881=IFCCARTESIANPOINTLIST2D(((0.02500000037252903,0.05000000074505806),(0.47531319782137871,0.05000000074505806),(0.47531319782137871,0.84999997541308403),(0.02500000037252903,0.84999997541308403)));
#2882=IFCINDEXEDPOLYCURVE(#2881,(IFCLINEINDEX((1,2,3,4,1))),$);
#2883=IFCARBITRARYPROFILEDEFWITHVOIDS(.AREA.,$,#2880,(#2882));
#2884=IFCCARTESIANPOINT((0.53929144144058228,0.05000000074505806,0.));
#2885=IFCDIRECTION((0.,-1.,0.));
#2886=IFCDIRECTION((1.,0.,0.));
#2887=IFCAXIS2PLACEMENT3D(#2884,#2885,#2886);
#2888=IFCDIRECTION((0.,0.,-1.));
#2889=IFCEXTRUDEDAREASOLID(#2883,#2887,#2888,0.040000000968575478);
#2890=IFCCARTESIANPOINTLIST2D(((0.,0.),(0.50031319819390774,0.),(0.50031319819390774,0.84999997541308403),(0.,0.84999997541308403)));
#2891=IFCINDEXEDPOLYCURVE(#2890,(IFCLINEINDEX((1,2,3,4,1))),$);
#2892=IFCCARTESIANPOINTLIST2D(((0.035000000149011612,0.035000000149011612),(0.46531319804489613,0.035000000149011612),(0.46531319804489613,0.81499997526407242),(0.035000000149011612,0.81499997526407242)));
#2893=IFCINDEXEDPOLYCURVE(#2892,(IFCLINEINDEX((1,2,3,4,1))),$);
#2894=IFCARBITRARYPROFILEDEFWITHVOIDS(.AREA.,$,#2891,(#2893));
#2895=IFCCARTESIANPOINT((0.53929144144058228,0.090000001713633537,0.02500000037252903));
#2896=IFCDIRECTION((0.,-1.,0.));
#2897=IFCDIRECTION((1.,0.,0.));
#2898=IFCAXIS2PLACEMENT3D(#2895,#2896,#2897);
#2899=IFCDIRECTION((0.,0.,-1.));
#2900=IFCEXTRUDEDAREASOLID(#2894,#2898,#2899,0.035000000149011612);
#2901=IFCINDEXEDPOLYCURVE(#2902,(IFCLINEINDEX((1,2,3,4,1))),$);
#2902=IFCCARTESIANPOINTLIST2D(((0.035000000149011612,0.035000000149011612),(0.46531319804489613,0.035000000149011612),(0.46531319804489613,0.81499997526407242),(0.035000000149011612,0.81499997526407242)));
#2903=IFCARBITRARYCLOSEDPROFILEDEF(.AREA.,$,#2901);
#2904=IFCCARTESIANPOINT((0.53929144144058228,0.10250000178813934,0.02500000037252903));
#2905=IFCDIRECTION((0.,-1.,0.));
#2906=IFCDIRECTION((1.,0.,0.));
#2907=IFCAXIS2PLACEMENT3D(#2904,#2905,#2906);
#2908=IFCDIRECTION((0.,0.,-1.));
#2909=IFCEXTRUDEDAREASOLID(#2903,#2907,#2908,0.01);
#2910=IFCSHAPEREPRESENTATION(#11,'Body','SweptSolid',(#2838,#2849,#2860,#2869,#2878,#2889,#2900,#2909));
#2911=IFCSHAPEREPRESENTATION(#11,'Body','SweptSolid',(#2838,#2849,#2878,#2889));
#2912=IFCSHAPEASPECT((#2911),'Lining',$,.T.,#2756);
#2913=IFCSHAPEREPRESENTATION(#11,'Body','SweptSolid',(#2860,#2900));
#2914=IFCSHAPEASPECT((#2913),'Framing',$,.T.,#2756);
#2915=IFCSHAPEREPRESENTATION(#11,'Body','SweptSolid',(#2869,#2909));
#2916=IFCSHAPEASPECT((#2915),'Glazing',$,.T.,#2756);
#2917=IFCCARTESIANPOINTLIST2D(((0.05000000074505806,0.05000000074505806),(0.51429144106805325,0.05000000074505806)));
#2918=IFCINDEXEDPOLYCURVE(#2917,$,$);
#2919=IFCCARTESIANPOINTLIST2D(((0.,0.10000000149011612),(0.02500000037252903,0.10000000149011612),(0.02500000037252903,0.090000001713633537),(0.05000000074505806,0.090000001713633537),(0.05000000074505806,0.05000000074505806),(0.,0.05000000074505806)));
#2920=IFCINDEXEDPOLYCURVE(#2919,(IFCLINEINDEX((1,2,3,4,5,6,1))),$);
#2921=IFCCARTESIANPOINTLIST2D(((0.53929144144058228,0.10000000149011612),(0.53929144144058228,0.10000000149011612),(0.53929144144058228,0.090000001713633537),(0.51429144106805325,0.090000001713633537),(0.51429144106805325,0.05000000074505806),(0.53929144144058228,0.05000000074505806)));
#2922=IFCINDEXEDPOLYCURVE(#2921,$,$);
#2923=IFCCARTESIANPOINTLIST2D(((0.02500000037252903,0.090000001713633537),(0.060000000521540642,0.090000001713633537),(0.060000000521540642,0.12500000186264515),(0.02500000037252903,0.12500000186264515)));
#2924=IFCINDEXEDPOLYCURVE(#2923,(IFCLINEINDEX((1,2,3,4,1))),$);
#2925=IFCINDEXEDPOLYCURVE(#2926,(IFCLINEINDEX((1,2,3,4,1))),$);
#2926=IFCCARTESIANPOINTLIST2D(((0.53929144144058228,0.090000001713633537),(0.50429144129157066,0.090000001713633537),(0.50429144129157066,0.12500000186264515),(0.53929144144058228,0.12500000186264515)));
#2927=IFCCARTESIANPOINTLIST2D(((0.060000000521540642,0.090000001713633537),(0.50429144129157066,0.090000001713633537)));
#2928=IFCINDEXEDPOLYCURVE(#2927,$,$);
#2929=IFCINDEXEDPOLYCURVE(#2930,$,$);
#2930=IFCCARTESIANPOINTLIST2D(((0.060000000521540642,0.12500000186264515),(0.50429144129157066,0.12500000186264515)));
#2931=IFCINDEXEDPOLYCURVE(#2932,$,$);
#2932=IFCCARTESIANPOINTLIST2D(((0.060000000521540642,0.10750000178813934),(0.50429144129157066,0.10750000178813934)));
#2933=IFCCARTESIANPOINTLIST2D(((0.56429144181311131,0.05000000074505806),(1.014604639261961,0.05000000074505806)));
#2934=IFCINDEXEDPOLYCURVE(#2933,$,$);
#2935=IFCCARTESIANPOINTLIST2D(((0.53929144144058228,0.10000000149011612),(0.53929144144058228,0.10000000149011612),(0.53929144144058228,0.090000001713633537),(0.56429144181311131,0.090000001713633537),(0.56429144181311131,0.05000000074505806),(0.53929144144058228,0.05000000074505806)));
#2936=IFCINDEXEDPOLYCURVE(#2935,$,$);
#2937=IFCCARTESIANPOINTLIST2D(((1.064604640007019,0.10000000149011612),(1.03960463963449,0.10000000149011612),(1.03960463963449,0.090000001713633537),(1.014604639261961,0.090000001713633537),(1.014604639261961,0.05000000074505806),(1.064604640007019,0.05000000074505806)));
#2938=IFCINDEXEDPOLYCURVE(#2937,(IFCLINEINDEX((1,2,3,4,5,6,1))),$);
#2939=IFCCARTESIANPOINTLIST2D(((0.53929144144058228,0.090000001713633537),(0.57429144158959389,0.090000001713633537),(0.57429144158959389,0.12500000186264515),(0.53929144144058228,0.12500000186264515)));
#2940=IFCINDEXEDPOLYCURVE(#2939,(IFCLINEINDEX((1,2,3,4,1))),$);
#2941=IFCINDEXEDPOLYCURVE(#2942,(IFCLINEINDEX((1,2,3,4,1))),$);
#2942=IFCCARTESIANPOINTLIST2D(((1.03960463963449,0.090000001713633537),(1.0046046394854784,0.090000001713633537),(1.0046046394854784,0.12500000186264515),(1.03960463963449,0.12500000186264515)));
#2943=IFCCARTESIANPOINTLIST2D(((0.57429144158959389,0.090000001713633537),(1.0046046394854784,0.090000001713633537)));
#2944=IFCINDEXEDPOLYCURVE(#2943,$,$);
#2945=IFCINDEXEDPOLYCURVE(#2946,$,$);
#2946=IFCCARTESIANPOINTLIST2D(((0.57429144158959389,0.12500000186264515),(1.0046046394854784,0.12500000186264515)));
#2947=IFCINDEXEDPOLYCURVE(#2948,$,$);
#2948=IFCCARTESIANPOINTLIST2D(((0.57429144158959389,0.10750000178813934),(1.0046046394854784,0.10750000178813934)));
#2949=IFCSHAPEREPRESENTATION(#24,'Body','Curve2D',(#2918,#2920,#2922,#2924,#2925,#2928,#2929,#2931,#2934,#2936,#2938,#2940,#2941,#2944,#2945,#2947));
#2950=IFCCARTESIANPOINTLIST2D(((0.,0.),(1.064604640007019,0.),(1.064604640007019,0.89999997615814209),(0.,0.89999997615814209)));
#2951=IFCINDEXEDPOLYCURVE(#2950,(IFCLINEINDEX((1,2,3,4,1))),$);
#2952=IFCARBITRARYCLOSEDPROFILEDEF(.AREA.,$,#2951);
#2953=IFCCARTESIANPOINT((0.,-0.60000002384185791,0.));
#2954=IFCDIRECTION((0.,-1.,0.));
#2955=IFCDIRECTION((1.,0.,0.));
#2956=IFCAXIS2PLACEMENT3D(#2953,#2954,#2955);
#2957=IFCDIRECTION((0.,0.,-1.));
#2958=IFCEXTRUDEDAREASOLID(#2952,#2956,#2957,1.2);
#2959=IFCSHAPEREPRESENTATION(#11,'Body','SweptSolid',(#2958));
#2965=IFCCARTESIANPOINT((1.0987256468601863,2.8312206268310547E-07,1.));
#2966=IFCDIRECTION((0.,0.,1.));
#2967=IFCDIRECTION((0.99999999999997158,-2.3841857910155572E-07,0.));
#2968=IFCAXIS2PLACEMENT3D(#2965,#2966,#2967);
#2969=IFCLOCALPLACEMENT(#561,#2968);
#2970=IFCCARTESIANPOINT((0.,0.,0.));
#2971=IFCDIRECTION((0.,0.,1.));
#2972=IFCDIRECTION((1.,0.,0.));
#2973=IFCAXIS2PLACEMENT3D(#2970,#2971,#2972);
#2974=IFCLOCALPLACEMENT(#2969,#2973);
#2975=IFCWINDOWTYPE('1VnS9HUub4ewE4jNMVtVaC',$,'Guest2 FF',$,$,(#2976),(#2978,#2986,#3072),$,$,.WINDOW.,.SINGLE_PANEL.,$,$);
#2976=IFCPROPERTYSET('22uEI3AEj2UepS$aKUCtET',$,'BBIM_Window',$,(#2977));
#2977=IFCPROPERTYSINGLEVALUE('Data',$,IFCTEXT('{"window_type": "SINGLE_PANEL", "overall_height": 0.8999999761581421, "overall_width": 0.6905517578125, "lining_properties": {"lining_depth": 0.05000000074505806, "lining_thickness": 0.05000000074505806, "lining_offset": 0.05000000074505806, "lining_to_panel_offset_x": 0.02500000037252903, "lining_to_panel_offset_y": 0.02500000037252903}, "panel_properties": {"frame_depth": [0.03500000014901161, 0.03500000014901161, 0.03500000014901161], "frame_thickness": [0.03500000014901161, 0.03500000014901161, 0.03500000014901161]}}'),$);
#2978=IFCREPRESENTATIONMAP(#2979,#3257);
#2979=IFCAXIS2PLACEMENT3D(#2980,#2981,#2982);
#2980=IFCCARTESIANPOINT((0.,0.,0.));
#2981=IFCDIRECTION((0.,0.,1.));
#2982=IFCDIRECTION((1.,0.,0.));
#2986=IFCREPRESENTATIONMAP(#2987,#3300);
#2987=IFCAXIS2PLACEMENT3D(#2988,#2989,#2990);
#2988=IFCCARTESIANPOINT((0.,0.,0.));
#2989=IFCDIRECTION((0.,0.,1.));
#2990=IFCDIRECTION((1.,0.,0.));
#3072=IFCREPRESENTATIONMAP(#3073,#3323);
#3073=IFCAXIS2PLACEMENT3D(#3074,#3075,#3076);
#3074=IFCCARTESIANPOINT((0.,0.,0.));
#3075=IFCDIRECTION((0.,0.,1.));
#3076=IFCDIRECTION((1.,0.,0.));
#3175=IFCWINDOW('0K7cC5pr1CL8YpLnYHTejW',$,'Window',$,$,#3348,#3184,$,0.89999997615814209,0.6905517578125,$,.SINGLE_PANEL.,$);
#3176=IFCRELDEFINESBYTYPE('3Xlg8BVi15CBu332j1Jt4C',$,$,$,(#3175),#2975);
#3177=IFCCARTESIANPOINT((0.,0.,0.));
#3178=IFCDIRECTION((1.,0.,0.));
#3179=IFCDIRECTION((0.,1.,0.));
#3180=IFCDIRECTION((0.,0.,1.));
#3181=IFCCARTESIANTRANSFORMATIONOPERATOR3D(#3178,#3179,#3177,1.,#3180);
#3182=IFCMAPPEDITEM(#2978,#3181);
#3183=IFCSHAPEREPRESENTATION(#18,'Profile','MappedRepresentation',(#3182));
#3184=IFCPRODUCTDEFINITIONSHAPE($,$,(#3183,#3191,#3198));
#3185=IFCCARTESIANPOINT((0.,0.,0.));
#3186=IFCDIRECTION((1.,0.,0.));
#3187=IFCDIRECTION((0.,1.,0.));
#3188=IFCDIRECTION((0.,0.,1.));
#3189=IFCCARTESIANTRANSFORMATIONOPERATOR3D(#3186,#3187,#3185,1.,#3188);
#3190=IFCMAPPEDITEM(#2986,#3189);
#3191=IFCSHAPEREPRESENTATION(#11,'Body','MappedRepresentation',(#3190));
#3192=IFCCARTESIANPOINT((0.,0.,0.));
#3193=IFCDIRECTION((1.,0.,0.));
#3194=IFCDIRECTION((0.,1.,0.));
#3195=IFCDIRECTION((0.,0.,1.));
#3196=IFCCARTESIANTRANSFORMATIONOPERATOR3D(#3193,#3194,#3192,1.,#3195);
#3197=IFCMAPPEDITEM(#3072,#3196);
#3198=IFCSHAPEREPRESENTATION(#24,'Body','MappedRepresentation',(#3197));
#3199=IFCOPENINGELEMENT('3ozOGtaCr3GwtQkV$IwtH7',$,'Opening',$,$,#3343,#3227,$,.OPENING.);
#3215=IFCCARTESIANPOINT((0.,0.,0.));
#3216=IFCDIRECTION((1.,0.,0.));
#3217=IFCDIRECTION((0.,0.,1.));
#3218=IFCAXIS2PLACEMENT3D(#3215,#3217,#3216);
#3219=IFCREPRESENTATIONMAP(#3218,#3333);
#3220=IFCCARTESIANPOINT((0.,0.,0.));
#3221=IFCDIRECTION((1.,0.,0.));
#3222=IFCDIRECTION((0.,1.,0.));
#3223=IFCDIRECTION((0.,0.,1.));
#3224=IFCCARTESIANTRANSFORMATIONOPERATOR3D(#3221,#3222,#3220,1.,#3223);
#3225=IFCMAPPEDITEM(#3219,#3224);
#3226=IFCSHAPEREPRESENTATION(#11,'Body','MappedRepresentation',(#3225));
#3227=IFCPRODUCTDEFINITIONSHAPE($,$,(#3226));
#3228=IFCRELVOIDSELEMENT('3hxUzrASr7bReRtpCmRSQ4',$,$,$,#214,#3199);
#3234=IFCRELFILLSELEMENT('1C9Wn$xg11bw9soWGHpD4f',$,$,$,#3199,#3175);
#3255=IFCCARTESIANPOINTLIST3D(((0.,0.,0.),(0.6905517578125,0.,0.),(0.6905517578125,0.,0.89999997615814209),(0.,0.,0.89999997615814209)));
#3256=IFCINDEXEDPOLYCURVE(#3255,(IFCLINEINDEX((1,2,3,4,1))),$);
#3257=IFCSHAPEREPRESENTATION(#18,'Profile','Curve3D',(#3256));
#3258=IFCCARTESIANPOINTLIST2D(((0.,0.),(0.6905517578125,0.),(0.6905517578125,0.89999997615814209),(0.,0.89999997615814209)));
#3259=IFCINDEXEDPOLYCURVE(#3258,(IFCLINEINDEX((1,2,3,4,1))),$);
#3260=IFCCARTESIANPOINTLIST2D(((0.02500000037252903,0.02500000037252903),(0.66555175743997097,0.02500000037252903),(0.66555175743997097,0.87499997578561306),(0.02500000037252903,0.87499997578561306)));
#3261=IFCINDEXEDPOLYCURVE(#3260,(IFCLINEINDEX((1,2,3,4,1))),$);
#3262=IFCARBITRARYPROFILEDEFWITHVOIDS(.AREA.,$,#3259,(#3261));
#3263=IFCCARTESIANPOINT((0.,0.090000001713633537,0.));
#3264=IFCDIRECTION((0.,-1.,0.));
#3265=IFCDIRECTION((1.,0.,0.));
#3266=IFCAXIS2PLACEMENT3D(#3263,#3264,#3265);
#3267=IFCDIRECTION((0.,0.,-1.));
#3268=IFCEXTRUDEDAREASOLID(#3262,#3266,#3267,0.0099999997764825821);
#3269=IFCCARTESIANPOINTLIST2D(((0.,0.),(0.6905517578125,0.),(0.6905517578125,0.89999997615814209),(0.,0.89999997615814209)));
#3270=IFCINDEXEDPOLYCURVE(#3269,(IFCLINEINDEX((1,2,3,4,1))),$);
#3271=IFCCARTESIANPOINTLIST2D(((0.05000000074505806,0.05000000074505806),(0.64055175706744194,0.05000000074505806),(0.64055175706744194,0.84999997541308403),(0.05000000074505806,0.84999997541308403)));
#3272=IFCINDEXEDPOLYCURVE(#3271,(IFCLINEINDEX((1,2,3,4,1))),$);
#3273=IFCARBITRARYPROFILEDEFWITHVOIDS(.AREA.,$,#3270,(#3272));
#3274=IFCCARTESIANPOINT((0.,0.05000000074505806,0.));
#3275=IFCDIRECTION((0.,-1.,0.));
#3276=IFCDIRECTION((1.,0.,0.));
#3277=IFCAXIS2PLACEMENT3D(#3274,#3275,#3276);
#3278=IFCDIRECTION((0.,0.,-1.));
#3279=IFCEXTRUDEDAREASOLID(#3273,#3277,#3278,0.040000000968575478);
#3280=IFCCARTESIANPOINTLIST2D(((0.,0.),(0.64055175706744194,0.),(0.64055175706744194,0.84999997541308403),(0.,0.84999997541308403)));
#3281=IFCINDEXEDPOLYCURVE(#3280,(IFCLINEINDEX((1,2,3,4,1))),$);
#3282=IFCCARTESIANPOINTLIST2D(((0.035000000149011612,0.035000000149011612),(0.60555175691843033,0.035000000149011612),(0.60555175691843033,0.81499997526407242),(0.035000000149011612,0.81499997526407242)));
#3283=IFCINDEXEDPOLYCURVE(#3282,(IFCLINEINDEX((1,2,3,4,1))),$);
#3284=IFCARBITRARYPROFILEDEFWITHVOIDS(.AREA.,$,#3281,(#3283));
#3285=IFCCARTESIANPOINT((0.02500000037252903,0.090000001713633537,0.02500000037252903));
#3286=IFCDIRECTION((0.,-1.,0.));
#3287=IFCDIRECTION((1.,0.,0.));
#3288=IFCAXIS2PLACEMENT3D(#3285,#3286,#3287);
#3289=IFCDIRECTION((0.,0.,-1.));
#3290=IFCEXTRUDEDAREASOLID(#3284,#3288,#3289,0.035000000149011612);
#3291=IFCINDEXEDPOLYCURVE(#3292,(IFCLINEINDEX((1,2,3,4,1))),$);
#3292=IFCCARTESIANPOINTLIST2D(((0.035000000149011612,0.035000000149011612),(0.60555175691843033,0.035000000149011612),(0.60555175691843033,0.81499997526407242),(0.035000000149011612,0.81499997526407242)));
#3293=IFCARBITRARYCLOSEDPROFILEDEF(.AREA.,$,#3291);
#3294=IFCCARTESIANPOINT((0.02500000037252903,0.10250000178813934,0.02500000037252903));
#3295=IFCDIRECTION((0.,-1.,0.));
#3296=IFCDIRECTION((1.,0.,0.));
#3297=IFCAXIS2PLACEMENT3D(#3294,#3295,#3296);
#3298=IFCDIRECTION((0.,0.,-1.));
#3299=IFCEXTRUDEDAREASOLID(#3293,#3297,#3298,0.01);
#3300=IFCSHAPEREPRESENTATION(#11,'Body','SweptSolid',(#3268,#3279,#3290,#3299));
#3301=IFCSHAPEREPRESENTATION(#11,'Body','SweptSolid',(#3268,#3279));
#3302=IFCSHAPEASPECT((#3301),'Lining',$,.T.,#3184);
#3303=IFCSHAPEREPRESENTATION(#11,'Body','SweptSolid',(#3290));
#3304=IFCSHAPEASPECT((#3303),'Framing',$,.T.,#3184);
#3305=IFCSHAPEREPRESENTATION(#11,'Body','SweptSolid',(#3299));
#3306=IFCSHAPEASPECT((#3305),'Glazing',$,.T.,#3184);
#3307=IFCCARTESIANPOINTLIST2D(((0.05000000074505806,0.05000000074505806),(0.64055175706744194,0.05000000074505806)));
#3308=IFCINDEXEDPOLYCURVE(#3307,$,$);
#3309=IFCCARTESIANPOINTLIST2D(((0.,0.10000000149011612),(0.02500000037252903,0.10000000149011612),(0.02500000037252903,0.090000001713633537),(0.05000000074505806,0.090000001713633537),(0.05000000074505806,0.05000000074505806),(0.,0.05000000074505806)));
#3310=IFCINDEXEDPOLYCURVE(#3309,(IFCLINEINDEX((1,2,3,4,5,6,1))),$);
#3311=IFCCARTESIANPOINTLIST2D(((0.6905517578125,0.10000000149011612),(0.66555175743997097,0.10000000149011612),(0.66555175743997097,0.090000001713633537),(0.64055175706744194,0.090000001713633537),(0.64055175706744194,0.05000000074505806),(0.6905517578125,0.05000000074505806)));
#3312=IFCINDEXEDPOLYCURVE(#3311,(IFCLINEINDEX((1,2,3,4,5,6,1))),$);
#3313=IFCCARTESIANPOINTLIST2D(((0.02500000037252903,0.090000001713633537),(0.060000000521540642,0.090000001713633537),(0.060000000521540642,0.12500000186264515),(0.02500000037252903,0.12500000186264515)));
#3314=IFCINDEXEDPOLYCURVE(#3313,(IFCLINEINDEX((1,2,3,4,1))),$);
#3315=IFCINDEXEDPOLYCURVE(#3316,(IFCLINEINDEX((1,2,3,4,1))),$);
#3316=IFCCARTESIANPOINTLIST2D(((0.66555175743997097,0.090000001713633537),(0.63055175729095936,0.090000001713633537),(0.63055175729095936,0.12500000186264515),(0.66555175743997097,0.12500000186264515)));
#3317=IFCCARTESIANPOINTLIST2D(((0.060000000521540642,0.090000001713633537),(0.63055175729095936,0.090000001713633537)));
#3318=IFCINDEXEDPOLYCURVE(#3317,$,$);
#3319=IFCINDEXEDPOLYCURVE(#3320,$,$);
#3320=IFCCARTESIANPOINTLIST2D(((0.060000000521540642,0.12500000186264515),(0.63055175729095936,0.12500000186264515)));
#3321=IFCINDEXEDPOLYCURVE(#3322,$,$);
#3322=IFCCARTESIANPOINTLIST2D(((0.060000000521540642,0.10750000178813934),(0.63055175729095936,0.10750000178813934)));
#3323=IFCSHAPEREPRESENTATION(#24,'Body','Curve2D',(#3308,#3310,#3312,#3314,#3315,#3318,#3319,#3321));
#3324=IFCCARTESIANPOINTLIST2D(((0.,0.),(0.6905517578125,0.),(0.6905517578125,0.89999997615814209),(0.,0.89999997615814209)));
#3325=IFCINDEXEDPOLYCURVE(#3324,(IFCLINEINDEX((1,2,3,4,1))),$);
#3326=IFCARBITRARYCLOSEDPROFILEDEF(.AREA.,$,#3325);
#3327=IFCCARTESIANPOINT((0.,-0.60000002384185791,0.));
#3328=IFCDIRECTION((0.,-1.,0.));
#3329=IFCDIRECTION((1.,0.,0.));
#3330=IFCAXIS2PLACEMENT3D(#3327,#3328,#3329);
#3331=IFCDIRECTION((0.,0.,-1.));
#3332=IFCEXTRUDEDAREASOLID(#3326,#3330,#3331,1.2);
#3333=IFCSHAPEREPRESENTATION(#11,'Body','SweptSolid',(#3332));
#3339=IFCCARTESIANPOINT((3.1052728488351691,7.1923280220431707E-07,1.));
#3340=IFCDIRECTION((0.,0.,1.));
#3341=IFCDIRECTION((0.99999999999999289,1.1920928244535129E-07,0.));
#3342=IFCAXIS2PLACEMENT3D(#3339,#3340,#3341);
#3343=IFCLOCALPLACEMENT(#529,#3342);
#3344=IFCCARTESIANPOINT((-8.8817841970012523E-16,0.,0.));
#3345=IFCDIRECTION((0.,0.,1.));
#3346=IFCDIRECTION((1.,0.,0.));
#3347=IFCAXIS2PLACEMENT3D(#3344,#3345,#3346);
#3348=IFCLOCALPLACEMENT(#3343,#3347);
#3349=IFCWINDOWTYPE('2v9fhkzajCHxlKFmZVyf4R',$,'Maid FF',$,$,(#3350),(#3352,#3360,#3408),$,$,.WINDOW.,.SINGLE_PANEL.,$,$);
#3350=IFCPROPERTYSET('1Be1uUHRTCSxfaqd4zwAWB',$,'BBIM_Window',$,(#3351));
#3351=IFCPROPERTYSINGLEVALUE('Data',$,IFCTEXT('{"window_type": "SINGLE_PANEL", "overall_height": 0.8999999761581421, "overall_width": 0.7210975289344788, "lining_properties": {"lining_depth": 0.05000000074505806, "lining_thickness": 0.05000000074505806, "lining_offset": 0.05000000074505806, "lining_to_panel_offset_x": 0.02500000037252903, "lining_to_panel_offset_y": 0.02500000037252903}, "panel_properties": {"frame_depth": [0.03500000014901161, 0.03500000014901161, 0.03500000014901161], "frame_thickness": [0.03500000014901161, 0.03500000014901161, 0.03500000014901161]}}'),$);
#3352=IFCREPRESENTATIONMAP(#3353,#3512);
#3353=IFCAXIS2PLACEMENT3D(#3354,#3355,#3356);
#3354=IFCCARTESIANPOINT((0.,0.,0.));
#3355=IFCDIRECTION((0.,0.,1.));
#3356=IFCDIRECTION((1.,0.,0.));
#3360=IFCREPRESENTATIONMAP(#3361,#3555);
#3361=IFCAXIS2PLACEMENT3D(#3362,#3363,#3364);
#3362=IFCCARTESIANPOINT((0.,0.,0.));
#3363=IFCDIRECTION((0.,0.,1.));
#3364=IFCDIRECTION((1.,0.,0.));
#3408=IFCREPRESENTATIONMAP(#3409,#3578);
#3409=IFCAXIS2PLACEMENT3D(#3410,#3411,#3412);
#3410=IFCCARTESIANPOINT((0.,0.,0.));
#3411=IFCDIRECTION((0.,0.,1.));
#3412=IFCDIRECTION((1.,0.,0.));
#3430=IFCWINDOW('2Pol$$wxn3rAROF$rRVW3M',$,'Window',$,$,#3603,#3439,$,0.89999997615814209,0.72109752893447876,$,.SINGLE_PANEL.,$);
#3431=IFCRELDEFINESBYTYPE('1XNPbj3W90t9gweXxpNN9J',$,$,$,(#3430),#3349);
#3432=IFCCARTESIANPOINT((0.,0.,0.));
#3433=IFCDIRECTION((1.,0.,0.));
#3434=IFCDIRECTION((0.,1.,0.));
#3435=IFCDIRECTION((0.,0.,1.));
#3436=IFCCARTESIANTRANSFORMATIONOPERATOR3D(#3433,#3434,#3432,1.,#3435);
#3437=IFCMAPPEDITEM(#3352,#3436);
#3438=IFCSHAPEREPRESENTATION(#18,'Profile','MappedRepresentation',(#3437));
#3439=IFCPRODUCTDEFINITIONSHAPE($,$,(#3438,#3446,#3453));
#3440=IFCCARTESIANPOINT((0.,0.,0.));
#3441=IFCDIRECTION((1.,0.,0.));
#3442=IFCDIRECTION((0.,1.,0.));
#3443=IFCDIRECTION((0.,0.,1.));
#3444=IFCCARTESIANTRANSFORMATIONOPERATOR3D(#3441,#3442,#3440,1.,#3443);
#3445=IFCMAPPEDITEM(#3360,#3444);
#3446=IFCSHAPEREPRESENTATION(#11,'Body','MappedRepresentation',(#3445));
#3447=IFCCARTESIANPOINT((0.,0.,0.));
#3448=IFCDIRECTION((1.,0.,0.));
#3449=IFCDIRECTION((0.,1.,0.));
#3450=IFCDIRECTION((0.,0.,1.));
#3451=IFCCARTESIANTRANSFORMATIONOPERATOR3D(#3448,#3449,#3447,1.,#3450);
#3452=IFCMAPPEDITEM(#3408,#3451);
#3453=IFCSHAPEREPRESENTATION(#24,'Body','MappedRepresentation',(#3452));
#3454=IFCOPENINGELEMENT('0SNDlRZ1vFkAqJ9tpHfIgl',$,'Opening',$,$,#3598,#3482,$,.OPENING.);
#3470=IFCCARTESIANPOINT((0.,0.,0.));
#3471=IFCDIRECTION((1.,0.,0.));
#3472=IFCDIRECTION((0.,0.,1.));
#3473=IFCAXIS2PLACEMENT3D(#3470,#3472,#3471);
#3474=IFCREPRESENTATIONMAP(#3473,#3588);
#3475=IFCCARTESIANPOINT((0.,0.,0.));
#3476=IFCDIRECTION((1.,0.,0.));
#3477=IFCDIRECTION((0.,1.,0.));
#3478=IFCDIRECTION((0.,0.,1.));
#3479=IFCCARTESIANTRANSFORMATIONOPERATOR3D(#3476,#3477,#3475,1.,#3478);
#3480=IFCMAPPEDITEM(#3474,#3479);
#3481=IFCSHAPEREPRESENTATION(#11,'Body','MappedRepresentation',(#3480));
#3482=IFCPRODUCTDEFINITIONSHAPE($,$,(#3481));
#3483=IFCRELVOIDSELEMENT('3qob3PPwDAN99SAalR2P4n',$,$,$,#189,#3454);
#3489=IFCRELFILLSELEMENT('3B4gFFmnv6LvdW7lXE4zkC',$,$,$,#3454,#3430);
#3510=IFCCARTESIANPOINTLIST3D(((0.,0.,0.),(0.72109752893447876,0.,0.),(0.72109752893447876,0.,0.89999997615814209),(0.,0.,0.89999997615814209)));
#3511=IFCINDEXEDPOLYCURVE(#3510,(IFCLINEINDEX((1,2,3,4,1))),$);
#3512=IFCSHAPEREPRESENTATION(#18,'Profile','Curve3D',(#3511));
#3513=IFCCARTESIANPOINTLIST2D(((0.,0.),(0.72109752893447876,0.),(0.72109752893447876,0.89999997615814209),(0.,0.89999997615814209)));
#3514=IFCINDEXEDPOLYCURVE(#3513,(IFCLINEINDEX((1,2,3,4,1))),$);
#3515=IFCCARTESIANPOINTLIST2D(((0.02500000037252903,0.02500000037252903),(0.69609752856194973,0.02500000037252903),(0.69609752856194973,0.87499997578561306),(0.02500000037252903,0.87499997578561306)));
#3516=IFCINDEXEDPOLYCURVE(#3515,(IFCLINEINDEX((1,2,3,4,1))),$);
#3517=IFCARBITRARYPROFILEDEFWITHVOIDS(.AREA.,$,#3514,(#3516));
#3518=IFCCARTESIANPOINT((0.,0.090000001713633537,0.));
#3519=IFCDIRECTION((0.,-1.,0.));
#3520=IFCDIRECTION((1.,0.,0.));
#3521=IFCAXIS2PLACEMENT3D(#3518,#3519,#3520);
#3522=IFCDIRECTION((0.,0.,-1.));
#3523=IFCEXTRUDEDAREASOLID(#3517,#3521,#3522,0.0099999997764825821);
#3524=IFCCARTESIANPOINTLIST2D(((0.,0.),(0.72109752893447876,0.),(0.72109752893447876,0.89999997615814209),(0.,0.89999997615814209)));
#3525=IFCINDEXEDPOLYCURVE(#3524,(IFCLINEINDEX((1,2,3,4,1))),$);
#3526=IFCCARTESIANPOINTLIST2D(((0.05000000074505806,0.05000000074505806),(0.6710975281894207,0.05000000074505806),(0.6710975281894207,0.84999997541308403),(0.05000000074505806,0.84999997541308403)));
#3527=IFCINDEXEDPOLYCURVE(#3526,(IFCLINEINDEX((1,2,3,4,1))),$);
#3528=IFCARBITRARYPROFILEDEFWITHVOIDS(.AREA.,$,#3525,(#3527));
#3529=IFCCARTESIANPOINT((0.,0.05000000074505806,0.));
#3530=IFCDIRECTION((0.,-1.,0.));
#3531=IFCDIRECTION((1.,0.,0.));
#3532=IFCAXIS2PLACEMENT3D(#3529,#3530,#3531);
#3533=IFCDIRECTION((0.,0.,-1.));
#3534=IFCEXTRUDEDAREASOLID(#3528,#3532,#3533,0.040000000968575478);
#3535=IFCCARTESIANPOINTLIST2D(((0.,0.),(0.6710975281894207,0.),(0.6710975281894207,0.84999997541308403),(0.,0.84999997541308403)));
#3536=IFCINDEXEDPOLYCURVE(#3535,(IFCLINEINDEX((1,2,3,4,1))),$);
#3537=IFCCARTESIANPOINTLIST2D(((0.035000000149011612,0.035000000149011612),(0.63609752804040909,0.035000000149011612),(0.63609752804040909,0.81499997526407242),(0.035000000149011612,0.81499997526407242)));
#3538=IFCINDEXEDPOLYCURVE(#3537,(IFCLINEINDEX((1,2,3,4,1))),$);
#3539=IFCARBITRARYPROFILEDEFWITHVOIDS(.AREA.,$,#3536,(#3538));
#3540=IFCCARTESIANPOINT((0.02500000037252903,0.090000001713633537,0.02500000037252903));
#3541=IFCDIRECTION((0.,-1.,0.));
#3542=IFCDIRECTION((1.,0.,0.));
#3543=IFCAXIS2PLACEMENT3D(#3540,#3541,#3542);
#3544=IFCDIRECTION((0.,0.,-1.));
#3545=IFCEXTRUDEDAREASOLID(#3539,#3543,#3544,0.035000000149011612);
#3546=IFCINDEXEDPOLYCURVE(#3547,(IFCLINEINDEX((1,2,3,4,1))),$);
#3547=IFCCARTESIANPOINTLIST2D(((0.035000000149011612,0.035000000149011612),(0.63609752804040909,0.035000000149011612),(0.63609752804040909,0.81499997526407242),(0.035000000149011612,0.81499997526407242)));
#3548=IFCARBITRARYCLOSEDPROFILEDEF(.AREA.,$,#3546);
#3549=IFCCARTESIANPOINT((0.02500000037252903,0.10250000178813934,0.02500000037252903));
#3550=IFCDIRECTION((0.,-1.,0.));
#3551=IFCDIRECTION((1.,0.,0.));
#3552=IFCAXIS2PLACEMENT3D(#3549,#3550,#3551);
#3553=IFCDIRECTION((0.,0.,-1.));
#3554=IFCEXTRUDEDAREASOLID(#3548,#3552,#3553,0.01);
#3555=IFCSHAPEREPRESENTATION(#11,'Body','SweptSolid',(#3523,#3534,#3545,#3554));
#3556=IFCSHAPEREPRESENTATION(#11,'Body','SweptSolid',(#3523,#3534));
#3557=IFCSHAPEASPECT((#3556),'Lining',$,.T.,#3439);
#3558=IFCSHAPEREPRESENTATION(#11,'Body','SweptSolid',(#3545));
#3559=IFCSHAPEASPECT((#3558),'Framing',$,.T.,#3439);
#3560=IFCSHAPEREPRESENTATION(#11,'Body','SweptSolid',(#3554));
#3561=IFCSHAPEASPECT((#3560),'Glazing',$,.T.,#3439);
#3562=IFCCARTESIANPOINTLIST2D(((0.05000000074505806,0.05000000074505806),(0.6710975281894207,0.05000000074505806)));
#3563=IFCINDEXEDPOLYCURVE(#3562,$,$);
#3564=IFCCARTESIANPOINTLIST2D(((0.,0.10000000149011612),(0.02500000037252903,0.10000000149011612),(0.02500000037252903,0.090000001713633537),(0.05000000074505806,0.090000001713633537),(0.05000000074505806,0.05000000074505806),(0.,0.05000000074505806)));
#3565=IFCINDEXEDPOLYCURVE(#3564,(IFCLINEINDEX((1,2,3,4,5,6,1))),$);
#3566=IFCCARTESIANPOINTLIST2D(((0.72109752893447876,0.10000000149011612),(0.69609752856194973,0.10000000149011612),(0.69609752856194973,0.090000001713633537),(0.6710975281894207,0.090000001713633537),(0.6710975281894207,0.05000000074505806),(0.72109752893447876,0.05000000074505806)));
#3567=IFCINDEXEDPOLYCURVE(#3566,(IFCLINEINDEX((1,2,3,4,5,6,1))),$);
#3568=IFCCARTESIANPOINTLIST2D(((0.02500000037252903,0.090000001713633537),(0.060000000521540642,0.090000001713633537),(0.060000000521540642,0.12500000186264515),(0.02500000037252903,0.12500000186264515)));
#3569=IFCINDEXEDPOLYCURVE(#3568,(IFCLINEINDEX((1,2,3,4,1))),$);
#3570=IFCINDEXEDPOLYCURVE(#3571,(IFCLINEINDEX((1,2,3,4,1))),$);
#3571=IFCCARTESIANPOINTLIST2D(((0.69609752856194973,0.090000001713633537),(0.66109752841293812,0.090000001713633537),(0.66109752841293812,0.12500000186264515),(0.69609752856194973,0.12500000186264515)));
#3572=IFCCARTESIANPOINTLIST2D(((0.060000000521540642,0.090000001713633537),(0.66109752841293812,0.090000001713633537)));
#3573=IFCINDEXEDPOLYCURVE(#3572,$,$);
#3574=IFCINDEXEDPOLYCURVE(#3575,$,$);
#3575=IFCCARTESIANPOINTLIST2D(((0.060000000521540642,0.12500000186264515),(0.66109752841293812,0.12500000186264515)));
#3576=IFCINDEXEDPOLYCURVE(#3577,$,$);
#3577=IFCCARTESIANPOINTLIST2D(((0.060000000521540642,0.10750000178813934),(0.66109752841293812,0.10750000178813934)));
#3578=IFCSHAPEREPRESENTATION(#24,'Body','Curve2D',(#3563,#3565,#3567,#3569,#3570,#3573,#3574,#3576));
#3579=IFCCARTESIANPOINTLIST2D(((0.,0.),(0.72109752893447876,0.),(0.72109752893447876,0.89999997615814209),(0.,0.89999997615814209)));
#3580=IFCINDEXEDPOLYCURVE(#3579,(IFCLINEINDEX((1,2,3,4,1))),$);
#3581=IFCARBITRARYCLOSEDPROFILEDEF(.AREA.,$,#3580);
#3582=IFCCARTESIANPOINT((0.,-0.60000002384185791,0.));
#3583=IFCDIRECTION((0.,-1.,0.));
#3584=IFCDIRECTION((1.,0.,0.));
#3585=IFCAXIS2PLACEMENT3D(#3582,#3583,#3584);
#3586=IFCDIRECTION((0.,0.,-1.));
#3587=IFCEXTRUDEDAREASOLID(#3581,#3585,#3586,1.2);
#3588=IFCSHAPEREPRESENTATION(#11,'Body','SweptSolid',(#3587));
#3594=IFCCARTESIANPOINT((0.7376807928086625,-1.8957365899296974E-07,1.));
#3595=IFCDIRECTION((0.,0.,1.));
#3596=IFCDIRECTION((0.99999999999997158,-2.3841857910149749E-07,0.));
#3597=IFCAXIS2PLACEMENT3D(#3594,#3595,#3596);
#3598=IFCLOCALPLACEMENT(#200,#3597);
#3599=IFCCARTESIANPOINT((-1.1102230246251565E-16,0.,0.));
#3600=IFCDIRECTION((0.,0.,1.));
#3601=IFCDIRECTION((1.,0.,0.));
#3602=IFCAXIS2PLACEMENT3D(#3599,#3600,#3601);
#3603=IFCLOCALPLACEMENT(#3598,#3602);
#3826=IFCCARTESIANPOINT((-2.2204460492503131E-16,0.,0.));
#3827=IFCDIRECTION((0.,0.,1.));
#3828=IFCDIRECTION((1.,0.,0.));
#3829=IFCAXIS2PLACEMENT3D(#3826,#3827,#3828);
#3830=IFCLOCALPLACEMENT(#2660,#3829);
#3831=IFCCARTESIANPOINT((0.,0.,3.));
#3832=IFCDIRECTION((0.,0.,1.));
#3833=IFCDIRECTION((1.,0.,0.));
#3834=IFCAXIS2PLACEMENT3D(#3831,#3832,#3833);
#3835=IFCLOCALPLACEMENT(#56,#3834);
#3901=IFCMATERIALLAYERSET((#3903),$,$);
#3903=IFCMATERIALLAYER(#81,0.10000000000000001,$,$,$,$,$);
#3904=IFCROOFTYPE('0idRBrRKn6mgqQ8duVJ30A',$,'Roof',$,$,(#3905),(#3934,#3962),$,$,.HIP_ROOF.);
#3905=IFCPROPERTYSET('10hd8k8tnDcB0gzYm8AyFA',$,'BBIM_Roof',$,(#3906));
#3906=IFCPROPERTYSINGLEVALUE('Data',$,IFCTEXT('{"roof_type": "HIP/GABLE ROOF", "generation_method": "ANGLE", "roof_thickness": 0.10000000149011612, "rafter_edge_angle": 1.5707963705062866, "angle": 0.1745329201221466, "percentage": 17.63269805908203, "path_data": {"edges": [[0, 1], [1, 2], [2, 3], [3, 0]], "verts": [[-5.0, -5.0, 0.0], [-5.0, 5.0, 0.0], [5.0, 5.0, 0.0], [5.0, -5.0, 0.0]]}}'),$);
#3930=IFCCARTESIANPOINT((0.,0.,0.));
#3931=IFCDIRECTION((1.,0.,0.));
#3932=IFCDIRECTION((0.,0.,1.));
#3933=IFCAXIS2PLACEMENT3D(#3930,#3932,#3931);
#3934=IFCREPRESENTATIONMAP(#3933,#3953);
#3935=IFCINDEXEDPOLYGONALFACE((3,1,2));
#3936=IFCINDEXEDPOLYGONALFACE((2,4,3));
#3937=IFCINDEXEDPOLYGONALFACE((1,3,5));
#3938=IFCINDEXEDPOLYGONALFACE((4,5,3));
#3939=IFCINDEXEDPOLYGONALFACE((6,7,8));
#3940=IFCINDEXEDPOLYGONALFACE((8,2,1));
#3941=IFCINDEXEDPOLYGONALFACE((8,1,6));
#3942=IFCINDEXEDPOLYGONALFACE((8,7,9));
#3943=IFCINDEXEDPOLYGONALFACE((2,8,9));
#3944=IFCINDEXEDPOLYGONALFACE((2,9,4));
#3945=IFCINDEXEDPOLYGONALFACE((10,7,6));
#3946=IFCINDEXEDPOLYGONALFACE((6,1,5));
#3947=IFCINDEXEDPOLYGONALFACE((6,5,10));
#3948=IFCINDEXEDPOLYGONALFACE((9,7,10));
#3949=IFCINDEXEDPOLYGONALFACE((4,9,10));
#3950=IFCINDEXEDPOLYGONALFACE((4,10,5));
#3951=IFCCARTESIANPOINTLIST3D(((-5.,-5.,0.),(5.,-5.,0.),(0.,0.,0.88163489103317261),(5.,5.,0.),(-5.,5.,0.),(-5.,-5.,-0.10154265910387039),(0.,0.,0.78009223937988281),(5.,-5.,-0.10154265910387039),(5.,5.,-0.10154265910387039),(-5.,5.,-0.10154265910387039)));
#3952=IFCPOLYGONALFACESET(#3951,.T.,(#3935,#3936,#3937,#3938,#3939,#3940,#3941,#3942,#3943,#3944,#3945,#3946,#3947,#3948,#3949,#3950),$);
#3953=IFCSHAPEREPRESENTATION(#11,'Body','Tessellation',(#3952));
#3955=IFCCARTESIANPOINT((-5.,-5.,-0.10154265910387039));
#3956=IFCBOUNDINGBOX(#3955,10.,10.,0.9831775426864624);
#3957=IFCSHAPEREPRESENTATION(#13,'Box','BoundingBox',(#3956));
#3958=IFCCARTESIANPOINT((0.,0.,0.));
#3959=IFCDIRECTION((1.,0.,0.));
#3960=IFCDIRECTION((0.,0.,1.));
#3961=IFCAXIS2PLACEMENT3D(#3958,#3960,#3959);
#3962=IFCREPRESENTATIONMAP(#3961,#3957);
#3991=IFCSLABTYPE('2yQORDSRf9sQ1UmlcDWYIi',$,'Slab 2F',$,$,(#3992),$,$,$,.FLOOR.);
#3992=IFCPROPERTYSET('3Wqfv6v6T1dfYf5LFgJKc8',$,'EPset_Parametric',$,(#3993));
#3993=IFCPROPERTYSINGLEVALUE('LayerSetDirection',$,IFCLABEL('AXIS3'),$);
#3994=IFCRELASSOCIATESMATERIAL('3kmqLZPPT1089r9x1p2G80',$,$,$,(#3991),#3995);
#3995=IFCMATERIALLAYERSET((#3996),$,$);
#3996=IFCMATERIALLAYER(#81,0.10000000000000001,$,$,$,$,$);
#4048=IFCWALLTYPE('39JGV2XJT0YPW_bKgzGFTH',$,'Wall 2F',$,$,(#4049),$,$,$,.SOLIDWALL.);
#4049=IFCPROPERTYSET('3UTaCD9yT2xO55d3QgmIg8',$,'EPset_Parametric',$,(#4050));
#4050=IFCPROPERTYSINGLEVALUE('LayerSetDirection',$,IFCLABEL('AXIS2'),$);
#4051=IFCRELASSOCIATESMATERIAL('1cBRfFT6jBbgil1bfxZaBh',$,$,$,(#4048),#4052);
#4052=IFCMATERIALLAYERSET((#4053),$,$);
#4053=IFCMATERIALLAYER(#81,0.10000000000000001,$,$,$,$,$);
#4094=IFCWALL('0upa1OAJ9B$Pei$SlKH3hf',$,'Wall',$,$,#4772,#4102,$,$);
#4095=IFCRELCONTAINEDINSPATIALSTRUCTURE('2XMpDe5Hj4Zg5Dw5lRLA2n',$,$,$,(#9676,#8461,#4094,#7893,#5613,#4334,#6308,#4259,#4184,#4809,#7569,#5511,#5062,#6893,#5273,#4309,#6600,#7185,#4234,#4159,#5037,#8770,#6001,#4284,#4134,#4209,#8206),#39);
#4096=IFCRELDEFINESBYTYPE('2b2MTsLkb8cwqkdmiGy9kF',$,$,$,(#5511,#5062,#4234,#4284,#4159,#5037,#4209,#4334,#5273,#4134,#4259,#4184,#4309,#4094,#5613),#4048);
#4097=IFCMATERIALLAYERSETUSAGE(#4052,.AXIS2.,.POSITIVE.,0.,$);
#4098=IFCRELASSOCIATESMATERIAL('0cTrZ3JojFNR4wUfVtQkgW',$,$,$,(#4094),#4097);
#4102=IFCPRODUCTDEFINITIONSHAPE($,$,(#5379,#5376));
#4118=IFCPROPERTYSET('2RMOPWFw9FUhtFVw0AxzKC',$,'EPset_Parametric',$,(#4120));
#4119=IFCRELDEFINESBYPROPERTIES('0LoKGvDdjEWPEBhtp3gT3o',$,$,$,(#4094),#4118);
#4120=IFCPROPERTYSINGLEVALUE('Engine',$,IFCLABEL('Bonsai.DumbLayer2'),$);
#4134=IFCWALL('2Kx3DKMoj9OfHrQMRjCuiO',$,'Wall',$,$,#5352,#4140,$,$);
#4135=IFCMATERIALLAYERSETUSAGE(#4052,.AXIS2.,.POSITIVE.,0.,$);
#4136=IFCRELASSOCIATESMATERIAL('0GIUAF0UT93f6ShT8tXHKR',$,$,$,(#4134),#4135);
#4140=IFCPRODUCTDEFINITIONSHAPE($,$,(#5366,#5363));
#4156=IFCPROPERTYSET('1omiyJfZ163eQKfotsYleb',$,'EPset_Parametric',$,(#4158));
#4157=IFCRELDEFINESBYPROPERTIES('27QXIWEHr7b8kyQipCAfB6',$,$,$,(#4134),#4156);
#4158=IFCPROPERTYSINGLEVALUE('Engine',$,IFCLABEL('Bonsai.DumbLayer2'),$);
#4159=IFCWALL('3bGFl$JdfEnRIeO9pCMoSt',$,'Wall',$,$,#5334,#4165,$,$);
#4160=IFCMATERIALLAYERSETUSAGE(#4052,.AXIS2.,.POSITIVE.,0.,$);
#4161=IFCRELASSOCIATESMATERIAL('3rpbv5jCH9ch4IxIZZSsrM',$,$,$,(#4159),#4160);
#4165=IFCPRODUCTDEFINITIONSHAPE($,$,(#5406,#5403));
#4181=IFCPROPERTYSET('3BRK3suwP8tBeA5U3yDpf3',$,'EPset_Parametric',$,(#4183));
#4182=IFCRELDEFINESBYPROPERTIES('0B$ZlKpov5Kv8LRg7Ex2wa',$,$,$,(#4159),#4181);
#4183=IFCPROPERTYSINGLEVALUE('Engine',$,IFCLABEL('Bonsai.DumbLayer2'),$);
#4184=IFCWALL('0zKnS5d2rCeQ5TClQtAdH1',$,'Wall',$,$,#4521,#4190,$,$);
#4185=IFCMATERIALLAYERSETUSAGE(#4052,.AXIS2.,.POSITIVE.,0.,$);
#4186=IFCRELASSOCIATESMATERIAL('1TFAqblbD0NPBe73vaUwdD',$,$,$,(#4184),#4185);
#4190=IFCPRODUCTDEFINITIONSHAPE($,$,(#5171,#5168));
#4206=IFCPROPERTYSET('315XOTcM11tOxYVN0hXwHD',$,'EPset_Parametric',$,(#4208));
#4207=IFCRELDEFINESBYPROPERTIES('37TOfZG_z98x6vtLplXTMb',$,$,$,(#4184),#4206);
#4208=IFCPROPERTYSINGLEVALUE('Engine',$,IFCLABEL('Bonsai.DumbLayer2'),$);
#4209=IFCWALL('3o7qFOAMT4VB3br$tHHddL',$,'Wall',$,$,#4553,#4215,$,$);
#4210=IFCMATERIALLAYERSETUSAGE(#4052,.AXIS2.,.POSITIVE.,0.,$);
#4211=IFCRELASSOCIATESMATERIAL('02a_Z7hAjEq94dWD2mAJU6',$,$,$,(#4209),#4210);
#4215=IFCPRODUCTDEFINITIONSHAPE($,$,(#5203,#5200));
#4231=IFCPROPERTYSET('27IJ0DRvz2I8aUcDs1F$nG',$,'EPset_Parametric',$,(#4233));
#4232=IFCRELDEFINESBYPROPERTIES('0mosYyBEf6nOHfRmrfZAHV',$,$,$,(#4209),#4231);
#4233=IFCPROPERTYSINGLEVALUE('Engine',$,IFCLABEL('Bonsai.DumbLayer2'),$);
#4234=IFCWALL('31QrvHnQb0ZgSzsS7hBYA4',$,'Wall',$,$,#4585,#4240,$,$);
#4235=IFCMATERIALLAYERSETUSAGE(#4052,.AXIS2.,.POSITIVE.,0.,$);
#4236=IFCRELASSOCIATESMATERIAL('34rD0S$n1FcPHswusFLD5x',$,$,$,(#4234),#4235);
#4240=IFCPRODUCTDEFINITIONSHAPE($,$,(#4630,#4627));
#4256=IFCPROPERTYSET('1YZ$RHp6LDGgTGIov_JPeB',$,'EPset_Parametric',$,(#4258));
#4257=IFCRELDEFINESBYPROPERTIES('2usLYg7hjEAw3tihXCh1R2',$,$,$,(#4234),#4256);
#4258=IFCPROPERTYSINGLEVALUE('Engine',$,IFCLABEL('Bonsai.DumbLayer2'),$);
#4259=IFCWALL('1wA8fPPGz33w6hZgo$6IWP',$,'Wall',$,$,#4617,#4265,$,$);
#4260=IFCMATERIALLAYERSETUSAGE(#4052,.AXIS2.,.POSITIVE.,0.,$);
#4261=IFCRELASSOCIATESMATERIAL('1YFBWPR69548_A$3z0DF5L',$,$,$,(#4259),#4260);
#4265=IFCPRODUCTDEFINITIONSHAPE($,$,(#4657,#4654));
#4281=IFCPROPERTYSET('1n9BteT0XBu9ShhokDxuV5',$,'EPset_Parametric',$,(#4283));
#4282=IFCRELDEFINESBYPROPERTIES('3SQeIqRIDBRvW0QBWZAdrx',$,$,$,(#4259),#4281);
#4283=IFCPROPERTYSINGLEVALUE('Engine',$,IFCLABEL('Bonsai.DumbLayer2'),$);
#4284=IFCWALL('0wDUG2qu98mxqoNa5lar$u',$,'Wall',$,$,#4295,#4290,$,$);
#4285=IFCMATERIALLAYERSETUSAGE(#4052,.AXIS2.,.POSITIVE.,0.,$);
#4286=IFCRELASSOCIATESMATERIAL('2PSIKtBonDlQEKTDqjDrmq',$,$,$,(#4284),#4285);
#4290=IFCPRODUCTDEFINITIONSHAPE($,$,(#4689,#4686));
#4291=IFCCARTESIANPOINT((1.8266060352325439,-2.2001047134399414,0.));
#4292=IFCDIRECTION((0.,0.,1.));
#4293=IFCDIRECTION((-1.6292068494294437E-07,-0.99999999999998668,0.));
#4294=IFCAXIS2PLACEMENT3D(#4291,#4292,#4293);
#4295=IFCLOCALPLACEMENT(#3835,#4294);
#4306=IFCPROPERTYSET('1sV56GiDnE1x4NMFEVj9tE',$,'EPset_Parametric',$,(#4308));
#4307=IFCRELDEFINESBYPROPERTIES('1Vyc9X_YX0P8GA0b9GSVVP',$,$,$,(#4284),#4306);
#4308=IFCPROPERTYSINGLEVALUE('Engine',$,IFCLABEL('Bonsai.DumbLayer2'),$);
#4309=IFCWALL('3VtRdN2t9EmvVCSicdGKr2',$,'Wall',$,$,#4676,#4315,$,$);
#4310=IFCMATERIALLAYERSETUSAGE(#4052,.AXIS2.,.POSITIVE.,0.,$);
#4311=IFCRELASSOCIATESMATERIAL('1WyOJ0epb3wu0hAc0$MXkN',$,$,$,(#4309),#4310);
#4315=IFCPRODUCTDEFINITIONSHAPE($,$,(#4721,#4718));
#4331=IFCPROPERTYSET('1VErYpUiz92uaS_3jG2Ifr',$,'EPset_Parametric',$,(#4333));
#4332=IFCRELDEFINESBYPROPERTIES('1BdSov$5j34gW2QXGjJ5S_',$,$,$,(#4309),#4331);
#4333=IFCPROPERTYSINGLEVALUE('Engine',$,IFCLABEL('Bonsai.DumbLayer2'),$);
#4334=IFCWALL('3vm29TzhT0bfhRj_Nv_92S',$,'Wall',$,$,#4708,#4340,$,$);
#4335=IFCMATERIALLAYERSETUSAGE(#4052,.AXIS2.,.POSITIVE.,0.,$);
#4336=IFCRELASSOCIATESMATERIAL('2izDw1SKD0TQ8tiW4hkiNj',$,$,$,(#4334),#4335);
#4340=IFCPRODUCTDEFINITIONSHAPE($,$,(#5682,#5679));
#4356=IFCPROPERTYSET('2SJnHORxrDog4QhJ8G$k0K',$,'EPset_Parametric',$,(#4358));
#4357=IFCRELDEFINESBYPROPERTIES('2OyToJnjrFYfmz9XPtih1D',$,$,$,(#4334),#4356);
#4358=IFCPROPERTYSINGLEVALUE('Engine',$,IFCLABEL('Bonsai.DumbLayer2'),$);
#4503=IFCRELCONNECTSPATHELEMENTS('3aS3ys95L3FhKHZkIcjdzd',$,$,$,$,#4184,#4159,(),(),.ATEND.,.ATSTART.);
#4517=IFCCARTESIANPOINT((-3.2733943462372497,5.5498961726731117,0.));
#4518=IFCDIRECTION((0.,0.,1.));
#4519=IFCDIRECTION((7.5497901264043123E-08,-0.99999999999999722,0.));
#4520=IFCAXIS2PLACEMENT3D(#4517,#4518,#4519);
#4521=IFCLOCALPLACEMENT(#3835,#4520);
#4535=IFCRELCONNECTSPATHELEMENTS('1k$qbBjKnDJvOPIPe8h5o0',$,$,$,$,#4209,#4184,(),(),.ATEND.,.ATSTART.);
#4549=IFCCARTESIANPOINT((-3.2733938064271815,-1.600104808807373,0.));
#4550=IFCDIRECTION((0.,0.,1.));
#4551=IFCDIRECTION((1.,0.,0.));
#4552=IFCAXIS2PLACEMENT3D(#4549,#4550,#4551);
#4553=IFCLOCALPLACEMENT(#3835,#4552);
#4567=IFCRELCONNECTSPATHELEMENTS('1gGq5mEL16QRujhL52sf3N',$,$,$,$,#4234,#4209,(),(),.ATEND.,.ATSTART.);
#4581=IFCCARTESIANPOINT((0.27660608291624933,-1.6001048088073733,0.));
#4582=IFCDIRECTION((0.,0.,1.));
#4583=IFCDIRECTION((-4.3711388286737889E-08,-0.99999999999999911,0.));
#4584=IFCAXIS2PLACEMENT3D(#4581,#4582,#4583);
#4585=IFCLOCALPLACEMENT(#3835,#4584);
#4599=IFCRELCONNECTSPATHELEMENTS('1UWBKx9bDA4g$iknxy1FG3',$,$,$,$,#4259,#4234,(),(),.ATEND.,.ATSTART.);
#4613=IFCCARTESIANPOINT((0.27660605668942051,-2.2001047134399414,0.));
#4614=IFCDIRECTION((0.,0.,1.));
#4615=IFCDIRECTION((1.,0.,0.));
#4616=IFCAXIS2PLACEMENT3D(#4613,#4614,#4615);
#4617=IFCLOCALPLACEMENT(#3835,#4616);
#4618=IFCCARTESIANPOINTLIST2D(((0.,0.),(-0.10000000437113893,0.10000000000000001),(0.49999990026143004,0.10000000000000001),(0.59999990463256903,0.)));
#4619=IFCINDEXEDPOLYCURVE(#4618,(IFCLINEINDEX((1,2,3,4,1))),$);
#4620=IFCARBITRARYCLOSEDPROFILEDEF(.AREA.,$,#4619);
#4621=IFCCARTESIANPOINT((0.,0.,0.));
#4622=IFCDIRECTION((0.,0.,1.));
#4623=IFCDIRECTION((1.,0.,0.));
#4624=IFCAXIS2PLACEMENT3D(#4621,#4622,#4623);
#4625=IFCDIRECTION((0.,0.,1.));
#4626=IFCEXTRUDEDAREASOLID(#4620,#4624,#4625,3.);
#4627=IFCSHAPEREPRESENTATION(#11,'Body','SweptSolid',(#4626));
#4628=IFCCARTESIANPOINTLIST2D(((0.,0.),(0.59999990463256903,0.)));
#4629=IFCINDEXEDPOLYCURVE(#4628,$,$);
#4630=IFCSHAPEREPRESENTATION(#23,'Axis','Curve2D',(#4629));
#4631=IFCRELCONNECTSPATHELEMENTS('1izum0dwz9Y8mv$E3k9oph',$,$,$,$,#4284,#4259,(),(),.ATEND.,.ATSTART.);
#4645=IFCCARTESIANPOINTLIST2D(((0.,0.),(0.10000000437113894,0.10000000000000001),(1.6499999948351936,0.10000000000000001),(1.5499999785431235,0.)));
#4646=IFCINDEXEDPOLYCURVE(#4645,(IFCLINEINDEX((1,2,3,4,1))),$);
#4647=IFCARBITRARYCLOSEDPROFILEDEF(.AREA.,$,#4646);
#4648=IFCCARTESIANPOINT((0.,0.,0.));
#4649=IFCDIRECTION((0.,0.,1.));
#4650=IFCDIRECTION((1.,0.,0.));
#4651=IFCAXIS2PLACEMENT3D(#4648,#4649,#4650);
#4652=IFCDIRECTION((0.,0.,1.));
#4653=IFCEXTRUDEDAREASOLID(#4647,#4651,#4652,3.);
#4654=IFCSHAPEREPRESENTATION(#11,'Body','SweptSolid',(#4653));
#4655=IFCCARTESIANPOINTLIST2D(((0.,0.),(1.5499999785431235,0.)));
#4656=IFCINDEXEDPOLYCURVE(#4655,$,$);
#4657=IFCSHAPEREPRESENTATION(#23,'Axis','Curve2D',(#4656));
#4658=IFCRELCONNECTSPATHELEMENTS('0s_6a26Fn5EQmnofIvcRTi',$,$,$,$,#4309,#4284,(),(),.ATEND.,.ATSTART.);
#4672=IFCCARTESIANPOINT((1.826605888603912,-3.100104808807373,0.));
#4673=IFCDIRECTION((0.,0.,1.));
#4674=IFCDIRECTION((1.,0.,0.));
#4675=IFCAXIS2PLACEMENT3D(#4672,#4673,#4674);
#4676=IFCLOCALPLACEMENT(#3835,#4675);
#4677=IFCCARTESIANPOINTLIST2D(((0.,0.),(-0.10000001629206982,0.10000000000000001),(0.80000007907537363,0.10000000000000001),(0.90000009536744341,0.)));
#4678=IFCINDEXEDPOLYCURVE(#4677,(IFCLINEINDEX((1,2,3,4,1))),$);
#4679=IFCARBITRARYCLOSEDPROFILEDEF(.AREA.,$,#4678);
#4680=IFCCARTESIANPOINT((0.,0.,0.));
#4681=IFCDIRECTION((0.,0.,1.));
#4682=IFCDIRECTION((1.,0.,0.));
#4683=IFCAXIS2PLACEMENT3D(#4680,#4681,#4682);
#4684=IFCDIRECTION((0.,0.,1.));
#4685=IFCEXTRUDEDAREASOLID(#4679,#4683,#4684,3.);
#4686=IFCSHAPEREPRESENTATION(#11,'Body','SweptSolid',(#4685));
#4687=IFCCARTESIANPOINTLIST2D(((0.,0.),(0.90000009536744341,0.)));
#4688=IFCINDEXEDPOLYCURVE(#4687,$,$);
#4689=IFCSHAPEREPRESENTATION(#23,'Axis','Curve2D',(#4688));
#4690=IFCRELCONNECTSPATHELEMENTS('3kvq_3mcLD4hs1InIub85n',$,$,$,$,#4334,#4309,(),(),.ATEND.,.ATSTART.);
#4704=IFCCARTESIANPOINT((4.2266058921813787,-3.100104808807373,0.));
#4705=IFCDIRECTION((0.,0.,1.));
#4706=IFCDIRECTION((7.5497901264043123E-08,0.99999999999999722,0.));
#4707=IFCAXIS2PLACEMENT3D(#4704,#4705,#4706);
#4708=IFCLOCALPLACEMENT(#3835,#4707);
#4709=IFCCARTESIANPOINTLIST2D(((0.,0.),(0.10000001629206984,0.10000000000000001),(2.3000000111272567,0.10000000000000001),(2.4000000035774667,0.)));
#4710=IFCINDEXEDPOLYCURVE(#4709,(IFCLINEINDEX((1,2,3,4,1))),$);
#4711=IFCARBITRARYCLOSEDPROFILEDEF(.AREA.,$,#4710);
#4712=IFCCARTESIANPOINT((0.,0.,0.));
#4713=IFCDIRECTION((0.,0.,1.));
#4714=IFCDIRECTION((1.,0.,0.));
#4715=IFCAXIS2PLACEMENT3D(#4712,#4713,#4714);
#4716=IFCDIRECTION((0.,0.,1.));
#4717=IFCEXTRUDEDAREASOLID(#4711,#4715,#4716,3.);
#4718=IFCSHAPEREPRESENTATION(#11,'Body','SweptSolid',(#4717));
#4719=IFCCARTESIANPOINTLIST2D(((0.,0.),(2.4000000035774667,0.)));
#4720=IFCINDEXEDPOLYCURVE(#4719,$,$);
#4721=IFCSHAPEREPRESENTATION(#23,'Axis','Curve2D',(#4720));
#4754=IFCRELCONNECTSPATHELEMENTS('2sPlSXWXj4_gB9h4gO0ejL',$,$,$,$,#4094,#4334,(),(),.ATEND.,.ATSTART.);
#4768=IFCCARTESIANPOINT((4.2266066169611518,6.4998941421507741,0.));
#4769=IFCDIRECTION((0.,0.,1.));
#4770=IFCDIRECTION((-0.99999999999999623,8.7422776573475527E-08,0.));
#4771=IFCAXIS2PLACEMENT3D(#4768,#4769,#4770);
#4772=IFCLOCALPLACEMENT(#3835,#4771);
#4809=IFCSLAB('24GDZ6uObENxfZAZ9UB11I',$,'Slab',$,$,#4817,#4824,$,$);
#4810=IFCRELDEFINESBYTYPE('0Ivm8nqBPEzOioA4VHId3z',$,$,$,(#4809),#3991);
#4811=IFCMATERIALLAYERSETUSAGE(#3995,.AXIS3.,.POSITIVE.,-0.10000000149011612,$);
#4812=IFCRELASSOCIATESMATERIAL('3EPUVwDJn1RxBAcAvzHxCq',$,$,$,(#4809),#4811);
#4813=IFCCARTESIANPOINT((4.2266058921813965,-3.100104808807373,0.));
#4814=IFCDIRECTION((0.,0.,1.));
#4815=IFCDIRECTION((1.,0.,0.));
#4816=IFCAXIS2PLACEMENT3D(#4813,#4814,#4815);
#4817=IFCLOCALPLACEMENT(#3835,#4816);
#4818=IFCCARTESIANPOINTLIST2D(((0.,0.),(-7.5,0.),(-7.5,8.6500015258789062),(-4.0000004768371582,8.6499996185302734),(-4.0000004768371582,9.5999994277954102),(1.9073486328125E-06,9.5999984741210938),(0.,0.)));
#4819=IFCINDEXEDPOLYCURVE(#4818,$,$);
#4820=IFCDIRECTION((0.,0.,1.));
#4821=IFCARBITRARYCLOSEDPROFILEDEF(.AREA.,$,#4819);
#4822=IFCEXTRUDEDAREASOLID(#4821,#4831,#4820,0.10000000000000001);
#4823=IFCSHAPEREPRESENTATION(#11,'Body','SweptSolid',(#4822));
#4824=IFCPRODUCTDEFINITIONSHAPE($,$,(#4823));
#4825=IFCPROPERTYSET('1mFr5V2ib3bxpC0sEnkK3U',$,'EPset_Parametric',$,(#4827));
#4826=IFCRELDEFINESBYPROPERTIES('1PxGDRmy14rBT0YZEiwZlD',$,$,$,(#4809),#4825);
#4827=IFCPROPERTYSINGLEVALUE('Engine',$,IFCLABEL('Bonsai.DumbLayer3'),$);
#4828=IFCCARTESIANPOINT((-0.,-0.,-0.10000000149011612));
#4829=IFCDIRECTION((0.,0.,1.));
#4830=IFCDIRECTION((1.,0.,0.));
#4831=IFCAXIS2PLACEMENT3D(#4828,#4829,#4830);
#5037=IFCWALL('3mjCiSys5AjxLUddelcJVQ',$,'Wall',$,$,#5190,#5043,$,$);
#5038=IFCMATERIALLAYERSETUSAGE(#4052,.AXIS2.,.POSITIVE.,0.,$);
#5039=IFCRELASSOCIATESMATERIAL('3XjUo497bAZBmSEWGgGglf',$,$,$,(#5037),#5038);
#5043=IFCPRODUCTDEFINITIONSHAPE($,$,(#5709,#5706));
#5059=IFCPROPERTYSET('0rRbZpl8P7mgIPwRvSCbet',$,'EPset_Parametric',$,(#5061));
#5060=IFCRELDEFINESBYPROPERTIES('1YxwpoahXADu7TW9cqYqCt',$,$,$,(#5037),#5059);
#5061=IFCPROPERTYSINGLEVALUE('Engine',$,IFCLABEL('Bonsai.DumbLayer2'),$);
#5062=IFCWALL('1zVm0XZkPBVf$2Qc9DuzPF',$,'Wall',$,$,#5131,#5068,$,$);
#5063=IFCMATERIALLAYERSETUSAGE(#4052,.AXIS2.,.POSITIVE.,0.,$);
#5064=IFCRELASSOCIATESMATERIAL('2Im020g55C4fqFFK854YZc',$,$,$,(#5062),#5063);
#5068=IFCPRODUCTDEFINITIONSHAPE($,$,(#5158,#5155));
#5084=IFCPROPERTYSET('22Wk4oHjD5MPSvJ_J96qpI',$,'EPset_Parametric',$,(#5086));
#5085=IFCRELDEFINESBYPROPERTIES('1cxDPevgD1rxCJhwt7sP9t',$,$,$,(#5062),#5084);
#5086=IFCPROPERTYSINGLEVALUE('Engine',$,IFCLABEL('Bonsai.DumbLayer2'),$);
#5113=IFCRELCONNECTSPATHELEMENTS('2bl_PfOdj4zgvpvBajxdBr',$,$,$,$,#5062,#5037,(),(),.ATEND.,.ATSTART.);
#5127=IFCCARTESIANPOINT((0.37660639404695717,2.6998949050903303,0.));
#5128=IFCDIRECTION((0.,0.,1.));
#5129=IFCDIRECTION((-0.99999999999998868,-1.5099580252808492E-07,0.));
#5130=IFCAXIS2PLACEMENT3D(#5127,#5128,#5129);
#5131=IFCLOCALPLACEMENT(#3835,#5130);
#5145=IFCRELCONNECTSPATHELEMENTS('1OGQwIlDjFJwHxPFNiqNH8',$,$,$,$,#5062,#4184,(),(),.ATPATH.,.ATEND.);
#5146=IFCCARTESIANPOINTLIST2D(((0.,0.),(0.10000002264937295,0.10000000000000001),(3.5500005326648827,0.10000000000000001),(3.5500005251150926,0.)));
#5147=IFCINDEXEDPOLYCURVE(#5146,(IFCLINEINDEX((1,2,3,4,1))),$);
#5148=IFCARBITRARYCLOSEDPROFILEDEF(.AREA.,$,#5147);
#5149=IFCCARTESIANPOINT((0.,0.,0.));
#5150=IFCDIRECTION((0.,0.,1.));
#5151=IFCDIRECTION((1.,0.,0.));
#5152=IFCAXIS2PLACEMENT3D(#5149,#5150,#5151);
#5153=IFCDIRECTION((0.,0.,1.));
#5154=IFCEXTRUDEDAREASOLID(#5148,#5152,#5153,3.);
#5155=IFCSHAPEREPRESENTATION(#11,'Body','SweptSolid',(#5154));
#5156=IFCCARTESIANPOINTLIST2D(((0.,0.),(3.6500005251150927,0.)));
#5157=IFCINDEXEDPOLYCURVE(#5156,$,$);
#5158=IFCSHAPEREPRESENTATION(#23,'Axis','Curve2D',(#5157));
#5159=IFCCARTESIANPOINTLIST2D(((0.,0.),(0.10000004649123768,0.10000000000000001),(7.0500009890302939,0.10000000000000001),(7.1500009814805043,0.)));
#5160=IFCINDEXEDPOLYCURVE(#5159,(IFCLINEINDEX((1,2,3,4,1))),$);
#5161=IFCARBITRARYCLOSEDPROFILEDEF(.AREA.,$,#5160);
#5162=IFCCARTESIANPOINT((0.,0.,0.));
#5163=IFCDIRECTION((0.,0.,1.));
#5164=IFCDIRECTION((1.,0.,0.));
#5165=IFCAXIS2PLACEMENT3D(#5162,#5163,#5164);
#5166=IFCDIRECTION((0.,0.,1.));
#5167=IFCEXTRUDEDAREASOLID(#5161,#5165,#5166,3.);
#5168=IFCSHAPEREPRESENTATION(#11,'Body','SweptSolid',(#5167));
#5169=IFCCARTESIANPOINTLIST2D(((0.,0.),(7.1500009814805043,0.)));
#5170=IFCINDEXEDPOLYCURVE(#5169,$,$);
#5171=IFCSHAPEREPRESENTATION(#23,'Axis','Curve2D',(#5170));
#5172=IFCRELCONNECTSPATHELEMENTS('2wK12rRDD7$BzjLCVd1s7O',$,$,$,$,#5037,#4209,(),(),.ATPATH.,.ATSTART.);
#5186=IFCCARTESIANPOINT((0.37660606940600339,-1.6001048088073728,0.));
#5187=IFCDIRECTION((0.,0.,1.));
#5188=IFCDIRECTION((7.5497901264043123E-08,0.99999999999999722,0.));
#5189=IFCAXIS2PLACEMENT3D(#5186,#5187,#5188);
#5190=IFCLOCALPLACEMENT(#3835,#5189);
#5191=IFCCARTESIANPOINTLIST2D(((0.,0.),(0.099999992450210171,0.10000000000000001),(3.6499998937145697,0.10000000000000001),(3.5499998893434306,0.)));
#5192=IFCINDEXEDPOLYCURVE(#5191,(IFCLINEINDEX((1,2,3,4,1))),$);
#5193=IFCARBITRARYCLOSEDPROFILEDEF(.AREA.,$,#5192);
#5194=IFCCARTESIANPOINT((0.,0.,0.));
#5195=IFCDIRECTION((0.,0.,1.));
#5196=IFCDIRECTION((1.,0.,0.));
#5197=IFCAXIS2PLACEMENT3D(#5194,#5195,#5196);
#5198=IFCDIRECTION((0.,0.,1.));
#5199=IFCEXTRUDEDAREASOLID(#5193,#5197,#5198,3.);
#5200=IFCSHAPEREPRESENTATION(#11,'Body','SweptSolid',(#5199));
#5201=IFCCARTESIANPOINTLIST2D(((0.,0.),(3.5499998893434306,0.)));
#5202=IFCINDEXEDPOLYCURVE(#5201,$,$);
#5203=IFCSHAPEREPRESENTATION(#23,'Axis','Curve2D',(#5202));
#5273=IFCWALL('2hDcxJdrTCUA9AhNCh$Bsf',$,'Wall',$,$,#5284,#5279,$,$);
#5274=IFCMATERIALLAYERSETUSAGE(#4052,.AXIS2.,.POSITIVE.,0.,$);
#5275=IFCRELASSOCIATESMATERIAL('1leSuMQNbF9ewNBDwCfQ$s',$,$,$,(#5273),#5274);
#5279=IFCPRODUCTDEFINITIONSHAPE($,$,(#5612,#5609));
#5280=IFCCARTESIANPOINT((0.37660640478134155,2.699894905090332,0.));
#5281=IFCDIRECTION((0.,0.,1.));
#5282=IFCDIRECTION((7.5497901264043109E-08,0.99999999999999711,0.));
#5283=IFCAXIS2PLACEMENT3D(#5280,#5281,#5282);
#5284=IFCLOCALPLACEMENT(#3835,#5283);
#5295=IFCPROPERTYSET('1BIlD9ZejFExKRnir2m0Nm',$,'EPset_Parametric',$,(#5297));
#5296=IFCRELDEFINESBYPROPERTIES('3Whsr4QqH078zUUuQPqfDH',$,$,$,(#5273),#5295);
#5297=IFCPROPERTYSINGLEVALUE('Engine',$,IFCLABEL('Bonsai.DumbLayer2'),$);
#5316=IFCRELCONNECTSPATHELEMENTS('386K8ULazFoQmPI1YbyOlM',$,$,$,$,#4159,#4134,(),(),.ATEND.,.ATSTART.);
#5330=IFCCARTESIANPOINT((0.27660688777633624,5.549894790251626,0.));
#5331=IFCDIRECTION((0.,0.,1.));
#5332=IFCDIRECTION((-0.99999999999992428,3.8941436741876494E-07,0.));
#5333=IFCAXIS2PLACEMENT3D(#5330,#5331,#5332);
#5334=IFCLOCALPLACEMENT(#3835,#5333);
#5348=IFCCARTESIANPOINT((0.27660658955578166,6.4998944874707432,0.));
#5349=IFCDIRECTION((0.,0.,1.));
#5350=IFCDIRECTION((3.1391647326016301E-07,-0.99999999999995071,0.));
#5351=IFCAXIS2PLACEMENT3D(#5348,#5349,#5350);
#5352=IFCLOCALPLACEMENT(#3835,#5351);
#5353=IFCRELCONNECTSPATHELEMENTS('3zYWROadX9uBSj$51Ui4oM',$,$,$,$,#4134,#4094,(),(),.ATEND.,.ATSTART.);
#5354=IFCCARTESIANPOINTLIST2D(((0.,0.),(0.10000004013393306,0.10000000000000001),(1.0499997675522732,0.10000000000000001),(0.94999969721916433,0.)));
#5355=IFCINDEXEDPOLYCURVE(#5354,(IFCLINEINDEX((1,2,3,4,1))),$);
#5356=IFCARBITRARYCLOSEDPROFILEDEF(.AREA.,$,#5355);
#5357=IFCCARTESIANPOINT((0.,0.,0.));
#5358=IFCDIRECTION((0.,0.,1.));
#5359=IFCDIRECTION((1.,0.,0.));
#5360=IFCAXIS2PLACEMENT3D(#5357,#5358,#5359);
#5361=IFCDIRECTION((0.,0.,1.));
#5362=IFCEXTRUDEDAREASOLID(#5356,#5360,#5361,3.);
#5363=IFCSHAPEREPRESENTATION(#11,'Body','SweptSolid',(#5362));
#5364=IFCCARTESIANPOINTLIST2D(((0.,0.),(0.94999969721916433,0.)));
#5365=IFCINDEXEDPOLYCURVE(#5364,$,$);
#5366=IFCSHAPEREPRESENTATION(#23,'Axis','Curve2D',(#5365));
#5367=IFCCARTESIANPOINTLIST2D(((0.,0.),(0.09999999880751248,0.10000000000000001),(3.8499999872714521,0.10000000000000001),(3.9500000274053853,0.)));
#5368=IFCINDEXEDPOLYCURVE(#5367,(IFCLINEINDEX((1,2,3,4,1))),$);
#5369=IFCARBITRARYCLOSEDPROFILEDEF(.AREA.,$,#5368);
#5370=IFCCARTESIANPOINT((0.,0.,0.));
#5371=IFCDIRECTION((0.,0.,1.));
#5372=IFCDIRECTION((1.,0.,0.));
#5373=IFCAXIS2PLACEMENT3D(#5370,#5371,#5372);
#5374=IFCDIRECTION((0.,0.,1.));
#5375=IFCEXTRUDEDAREASOLID(#5369,#5373,#5374,3.);
#5376=IFCSHAPEREPRESENTATION(#11,'Body','SweptSolid',(#5375));
#5377=IFCCARTESIANPOINTLIST2D(((0.,0.),(3.9500000274053853,0.)));
#5378=IFCINDEXEDPOLYCURVE(#5377,$,$);
#5379=IFCSHAPEREPRESENTATION(#23,'Axis','Curve2D',(#5378));
#5380=IFCRELCONNECTSPATHELEMENTS('14mS4wFMr5qhs4W3uUAtuS',$,$,$,$,#5273,#4159,(),(),.ATPATH.,.ATEND.);
#5394=IFCCARTESIANPOINTLIST2D(((0.,0.),(-0.1000000703331088,0.10000000000000001),(3.4500011875226173,0.10000000000000001),(3.5500012340138549,0.)));
#5395=IFCINDEXEDPOLYCURVE(#5394,(IFCLINEINDEX((1,2,3,4,1))),$);
#5396=IFCARBITRARYCLOSEDPROFILEDEF(.AREA.,$,#5395);
#5397=IFCCARTESIANPOINT((0.,0.,0.));
#5398=IFCDIRECTION((0.,0.,1.));
#5399=IFCDIRECTION((1.,0.,0.));
#5400=IFCAXIS2PLACEMENT3D(#5397,#5398,#5399);
#5401=IFCDIRECTION((0.,0.,1.));
#5402=IFCEXTRUDEDAREASOLID(#5396,#5400,#5401,3.);
#5403=IFCSHAPEREPRESENTATION(#11,'Body','SweptSolid',(#5402));
#5404=IFCCARTESIANPOINTLIST2D(((0.,0.),(3.5500012340138549,0.)));
#5405=IFCINDEXEDPOLYCURVE(#5404,$,$);
#5406=IFCSHAPEREPRESENTATION(#23,'Axis','Curve2D',(#5405));
#5511=IFCWALL('3Bs5H6TOX0pfuqgm_CyxZC',$,'Wall',$,$,#5572,#5517,$,$);
#5512=IFCMATERIALLAYERSETUSAGE(#4052,.AXIS2.,.POSITIVE.,0.,$);
#5513=IFCRELASSOCIATESMATERIAL('0Bx1pGLZH0V9hwwlO3Vl$R',$,$,$,(#5511),#5512);
#5517=IFCPRODUCTDEFINITIONSHAPE($,$,(#5599,#5596));
#5533=IFCPROPERTYSET('0$lmOgZqrBdRODXtG62ed1',$,'EPset_Parametric',$,(#5535));
#5534=IFCRELDEFINESBYPROPERTIES('3HXczaYZn4bxOmAel5s422',$,$,$,(#5511),#5533);
#5535=IFCPROPERTYSINGLEVALUE('Engine',$,IFCLABEL('Bonsai.DumbLayer2'),$);
#5554=IFCRELCONNECTSPATHELEMENTS('3jA504_j99ZACDAYvHEk8Q',$,$,$,$,#5511,#4334,(),(),.ATPATH.,.ATSTART.);
#5568=IFCCARTESIANPOINT((4.2266065037419471,5.0002603403614945,0.));
#5569=IFCDIRECTION((0.,0.,1.));
#5570=IFCDIRECTION((-0.99999999999998868,1.5099580252808492E-07,0.));
#5571=IFCAXIS2PLACEMENT3D(#5568,#5569,#5570);
#5572=IFCLOCALPLACEMENT(#3835,#5571);
#5586=IFCRELCONNECTSPATHELEMENTS('3VInhnOFTElAJWWkmp_3Nk',$,$,$,$,#5511,#5273,(),(),.ATPATH.,.ATEND.);
#5587=IFCCARTESIANPOINTLIST2D(((0.10000000000000031,0.),(0.099999992450210184,0.10000000000000001),(3.8499999177380526,0.10000000000000001),(3.8499999252878427,0.)));
#5588=IFCINDEXEDPOLYCURVE(#5587,(IFCLINEINDEX((1,2,3,4,1))),$);
#5589=IFCARBITRARYCLOSEDPROFILEDEF(.AREA.,$,#5588);
#5590=IFCCARTESIANPOINT((0.,0.,0.));
#5591=IFCDIRECTION((0.,0.,1.));
#5592=IFCDIRECTION((1.,0.,0.));
#5593=IFCAXIS2PLACEMENT3D(#5590,#5591,#5592);
#5594=IFCDIRECTION((0.,0.,1.));
#5595=IFCEXTRUDEDAREASOLID(#5589,#5593,#5594,3.);
#5596=IFCSHAPEREPRESENTATION(#11,'Body','SweptSolid',(#5595));
#5597=IFCCARTESIANPOINTLIST2D(((0.,0.),(3.8499999252878427,0.)));
#5598=IFCINDEXEDPOLYCURVE(#5597,$,$);
#5599=IFCSHAPEREPRESENTATION(#23,'Axis','Curve2D',(#5598));
#5600=IFCCARTESIANPOINTLIST2D(((0.,0.),(0.,0.10000000000000001),(2.7499998776116108,0.10000000000000001),(2.7499998462199642,0.)));
#5601=IFCINDEXEDPOLYCURVE(#5600,(IFCLINEINDEX((1,2,3,4,1))),$);
#5602=IFCARBITRARYCLOSEDPROFILEDEF(.AREA.,$,#5601);
#5603=IFCCARTESIANPOINT((0.,0.,0.));
#5604=IFCDIRECTION((0.,0.,1.));
#5605=IFCDIRECTION((1.,0.,0.));
#5606=IFCAXIS2PLACEMENT3D(#5603,#5604,#5605);
#5607=IFCDIRECTION((0.,0.,1.));
#5608=IFCEXTRUDEDAREASOLID(#5602,#5606,#5607,3.);
#5609=IFCSHAPEREPRESENTATION(#11,'Body','SweptSolid',(#5608));
#5610=IFCCARTESIANPOINTLIST2D(((0.,0.),(2.8499998462199692,0.)));
#5611=IFCINDEXEDPOLYCURVE(#5610,$,$);
#5612=IFCSHAPEREPRESENTATION(#23,'Axis','Curve2D',(#5611));
#5613=IFCWALL('0omIRkUdTA7hWmgV8mWjN4',$,'Wall',$,$,#5669,#5619,$,$);
#5614=IFCMATERIALLAYERSETUSAGE(#4052,.AXIS2.,.POSITIVE.,0.,$);
#5615=IFCRELASSOCIATESMATERIAL('1W9oM6gSb92hRGZW87b$vp',$,$,$,(#5613),#5614);
#5619=IFCPRODUCTDEFINITIONSHAPE($,$,(#5696,#5693));
#5635=IFCPROPERTYSET('33MnseoZHBtxnxDORJkrwP',$,'EPset_Parametric',$,(#5637));
#5636=IFCRELDEFINESBYPROPERTIES('1ni4GBWd9FkA7A65KLWlln',$,$,$,(#5613),#5635);
#5637=IFCPROPERTYSINGLEVALUE('Engine',$,IFCLABEL('Bonsai.DumbLayer2'),$);
#5651=IFCRELCONNECTSPATHELEMENTS('3ttegDmiX2pBZQp95ejQdI',$,$,$,$,#5613,#4334,(),(),.ATPATH.,.ATSTART.);
#5665=IFCCARTESIANPOINT((4.2266061641559851,0.50230800231274131,0.));
#5666=IFCDIRECTION((0.,0.,1.));
#5667=IFCDIRECTION((-0.99999999999999623,8.7422776573475527E-08,0.));
#5668=IFCAXIS2PLACEMENT3D(#5665,#5666,#5667);
#5669=IFCLOCALPLACEMENT(#3835,#5668);
#5670=IFCCARTESIANPOINTLIST2D(((0.,0.),(0.099999992450210157,0.10000000000000001),(9.499998952150662,0.10000000000000001),(9.5999989509581738,0.)));
#5671=IFCINDEXEDPOLYCURVE(#5670,(IFCLINEINDEX((1,2,3,4,1))),$);
#5672=IFCARBITRARYCLOSEDPROFILEDEF(.AREA.,$,#5671);
#5673=IFCCARTESIANPOINT((0.,0.,0.));
#5674=IFCDIRECTION((0.,0.,1.));
#5675=IFCDIRECTION((1.,0.,0.));
#5676=IFCAXIS2PLACEMENT3D(#5673,#5674,#5675);
#5677=IFCDIRECTION((0.,0.,1.));
#5678=IFCEXTRUDEDAREASOLID(#5672,#5676,#5677,3.);
#5679=IFCSHAPEREPRESENTATION(#11,'Body','SweptSolid',(#5678));
#5680=IFCCARTESIANPOINTLIST2D(((0.,0.),(9.5999989509581738,0.)));
#5681=IFCINDEXEDPOLYCURVE(#5680,$,$);
#5682=IFCSHAPEREPRESENTATION(#23,'Axis','Curve2D',(#5681));
#5683=IFCRELCONNECTSPATHELEMENTS('0UNMwoLTr9ue4fVN_UzRdP',$,$,$,$,#5613,#5037,(),(),.ATPATH.,.ATEND.);
#5684=IFCCARTESIANPOINTLIST2D(((0.10000000000000002,0.),(0.09999999880751248,0.10000000000000001),(3.8499999348297296,0.10000000000000001),(3.849999936022217,0.)));
#5685=IFCINDEXEDPOLYCURVE(#5684,(IFCLINEINDEX((1,2,3,4,1))),$);
#5686=IFCARBITRARYCLOSEDPROFILEDEF(.AREA.,$,#5685);
#5687=IFCCARTESIANPOINT((0.,0.,0.));
#5688=IFCDIRECTION((0.,0.,1.));
#5689=IFCDIRECTION((1.,0.,0.));
#5690=IFCAXIS2PLACEMENT3D(#5687,#5688,#5689);
#5691=IFCDIRECTION((0.,0.,1.));
#5692=IFCEXTRUDEDAREASOLID(#5686,#5690,#5691,3.);
#5693=IFCSHAPEREPRESENTATION(#11,'Body','SweptSolid',(#5692));
#5694=IFCCARTESIANPOINTLIST2D(((0.,0.),(3.849999936022217,0.)));
#5695=IFCINDEXEDPOLYCURVE(#5694,$,$);
#5696=IFCSHAPEREPRESENTATION(#23,'Axis','Curve2D',(#5695));
#5697=IFCCARTESIANPOINTLIST2D(((0.10000000000000028,0.),(0.099999992450210157,0.10000000000000001),(4.1999996912483413,0.10000000000000001),(4.2999997138977148,0.)));
#5698=IFCINDEXEDPOLYCURVE(#5697,(IFCLINEINDEX((1,2,3,4,1))),$);
#5699=IFCARBITRARYCLOSEDPROFILEDEF(.AREA.,$,#5698);
#5700=IFCCARTESIANPOINT((0.,0.,0.));
#5701=IFCDIRECTION((0.,0.,1.));
#5702=IFCDIRECTION((1.,0.,0.));
#5703=IFCAXIS2PLACEMENT3D(#5700,#5701,#5702);
#5704=IFCDIRECTION((0.,0.,1.));
#5705=IFCEXTRUDEDAREASOLID(#5699,#5703,#5704,3.);
#5706=IFCSHAPEREPRESENTATION(#11,'Body','SweptSolid',(#5705));
#5707=IFCCARTESIANPOINTLIST2D(((0.,0.),(4.2999997138977148,0.)));
#5708=IFCINDEXEDPOLYCURVE(#5707,$,$);
#5709=IFCSHAPEREPRESENTATION(#23,'Axis','Curve2D',(#5708));
#5710=IFCDOORTYPE('1WDtlfUs10L90VTBNpMBe1',$,'Balcony 2F',$,$,(#5711),(#5713,#5721,#5799),$,$,.DOOR.,.SINGLE_SWING_LEFT.,$,$);
#5711=IFCPROPERTYSET('1kJSr2OcD7KvipdAkIIrji',$,'BBIM_Door',$,(#5712));
#5712=IFCPROPERTYSINGLEVALUE('Data',$,IFCTEXT('{"door_type": "SINGLE_SWING_LEFT", "overall_height": 2.0, "overall_width": 0.87245774269104, "lining_properties": {"lining_depth": 0.05000000074505806, "lining_thickness": 0.05000000074505806, "lining_offset": 0.0, "lining_to_panel_offset_x": 0.02500000037252903, "lining_to_panel_offset_y": 0.02500000037252903, "transom_thickness": 0.0, "casing_thickness": 0.07500000298023224, "casing_depth": 0.004999999888241291, "threshold_thickness": 0.02500000037252903, "threshold_depth": 0.10000000149011612, "threshold_offset": 0.0}, "panel_properties": {"panel_depth": 0.03500000014901161, "panel_width_ratio": 1.0}}'),$);
#5713=IFCREPRESENTATIONMAP(#5714,#6083);
#5714=IFCAXIS2PLACEMENT3D(#5715,#5716,#5717);
#5715=IFCCARTESIANPOINT((0.,0.,0.));
#5716=IFCDIRECTION((0.,0.,1.));
#5717=IFCDIRECTION((1.,0.,0.));
#5721=IFCREPRESENTATIONMAP(#5722,#6156);
#5722=IFCAXIS2PLACEMENT3D(#5723,#5724,#5725);
#5723=IFCCARTESIANPOINT((0.,0.,0.));
#5724=IFCDIRECTION((0.,0.,1.));
#5725=IFCDIRECTION((1.,0.,0.));
#5799=IFCREPRESENTATIONMAP(#5800,#6174);
#5800=IFCAXIS2PLACEMENT3D(#5801,#5802,#5803);
#5801=IFCCARTESIANPOINT((0.,0.,0.));
#5802=IFCDIRECTION((0.,0.,1.));
#5803=IFCDIRECTION((1.,0.,0.));
#6001=IFCDOOR('2IZIC_h5b5dwT1RqwGegto',$,'Door',$,$,#6199,#6010,$,2.,0.87245774269104004,$,.SINGLE_SWING_LEFT.,$);
#6002=IFCRELDEFINESBYTYPE('38Q8UnrPrABOgQJlZnrdkL',$,$,$,(#6001),#5710);
#6003=IFCCARTESIANPOINT((0.,0.,0.));
#6004=IFCDIRECTION((1.,0.,0.));
#6005=IFCDIRECTION((0.,1.,0.));
#6006=IFCDIRECTION((0.,0.,1.));
#6007=IFCCARTESIANTRANSFORMATIONOPERATOR3D(#6004,#6005,#6003,1.,#6006);
#6008=IFCMAPPEDITEM(#5713,#6007);
#6009=IFCSHAPEREPRESENTATION(#18,'Profile','MappedRepresentation',(#6008));
#6010=IFCPRODUCTDEFINITIONSHAPE($,$,(#6009,#6017,#6024));
#6011=IFCCARTESIANPOINT((0.,0.,0.));
#6012=IFCDIRECTION((1.,0.,0.));
#6013=IFCDIRECTION((0.,1.,0.));
#6014=IFCDIRECTION((0.,0.,1.));
#6015=IFCCARTESIANTRANSFORMATIONOPERATOR3D(#6012,#6013,#6011,1.,#6014);
#6016=IFCMAPPEDITEM(#5721,#6015);
#6017=IFCSHAPEREPRESENTATION(#11,'Body','MappedRepresentation',(#6016));
#6018=IFCCARTESIANPOINT((0.,0.,0.));
#6019=IFCDIRECTION((1.,0.,0.));
#6020=IFCDIRECTION((0.,1.,0.));
#6021=IFCDIRECTION((0.,0.,1.));
#6022=IFCCARTESIANTRANSFORMATIONOPERATOR3D(#6019,#6020,#6018,1.,#6021);
#6023=IFCMAPPEDITEM(#5799,#6022);
#6024=IFCSHAPEREPRESENTATION(#24,'Body','MappedRepresentation',(#6023));
#6025=IFCOPENINGELEMENT('0kzE20OD93c9e5rlP2_t7$',$,'Opening',$,$,#6194,#6053,$,.OPENING.);
#6041=IFCCARTESIANPOINT((0.,0.,0.));
#6042=IFCDIRECTION((1.,0.,0.));
#6043=IFCDIRECTION((0.,0.,1.));
#6044=IFCAXIS2PLACEMENT3D(#6041,#6043,#6042);
#6045=IFCREPRESENTATIONMAP(#6044,#6184);
#6046=IFCCARTESIANPOINT((0.,0.,0.));
#6047=IFCDIRECTION((1.,0.,0.));
#6048=IFCDIRECTION((0.,1.,0.));
#6049=IFCDIRECTION((0.,0.,1.));
#6050=IFCCARTESIANTRANSFORMATIONOPERATOR3D(#6047,#6048,#6046,1.,#6049);
#6051=IFCMAPPEDITEM(#6045,#6050);
#6052=IFCSHAPEREPRESENTATION(#11,'Body','MappedRepresentation',(#6051));
#6053=IFCPRODUCTDEFINITIONSHAPE($,$,(#6052));
#6054=IFCRELVOIDSELEMENT('3Z_2MK8Xn1L9unPtie8kPO',$,$,$,#4259,#6025);
#6060=IFCRELFILLSELEMENT('3SfHbFo89CUPSVnb$lAK1c',$,$,$,#6025,#6001);
#6081=IFCCARTESIANPOINTLIST3D(((0.,0.,0.),(0.87245774269104004,0.,0.),(0.87245774269104004,0.,2.),(0.,0.,2.)));
#6082=IFCINDEXEDPOLYCURVE(#6081,(IFCLINEINDEX((1,2,3,4,1))),$);
#6083=IFCSHAPEREPRESENTATION(#18,'Profile','Curve3D',(#6082));
#6084=IFCCARTESIANPOINTLIST2D(((0.,0.),(0.,2.),(0.87245774269104004,2.),(0.87245774269104004,0.),(0.84745774231851101,0.),(0.84745774231851101,1.974999999627471),(0.02500000037252903,1.974999999627471),(0.02500000037252903,0.)));
#6085=IFCINDEXEDPOLYCURVE(#6084,(IFCLINEINDEX((1,2,3,4,5,6,7,8,1))),$);
#6086=IFCARBITRARYCLOSEDPROFILEDEF(.AREA.,$,#6085);
#6087=IFCCARTESIANPOINT((0.,0.02500000037252903,0.));
#6088=IFCDIRECTION((0.,-1.,0.));
#6089=IFCDIRECTION((1.,0.,0.));
#6090=IFCAXIS2PLACEMENT3D(#6087,#6088,#6089);
#6091=IFCDIRECTION((0.,0.,-1.));
#6092=IFCEXTRUDEDAREASOLID(#6086,#6090,#6091,0.02500000037252903);
#6093=IFCCARTESIANPOINTLIST2D(((0.,0.),(0.,2.),(0.87245774269104004,2.),(0.87245774269104004,0.),(0.82245774194598198,0.),(0.82245774194598198,1.9499999992549419),(0.05000000074505806,1.9499999992549419),(0.05000000074505806,0.)));
#6094=IFCINDEXEDPOLYCURVE(#6093,(IFCLINEINDEX((1,2,3,4,5,6,7,8,1))),$);
#6095=IFCARBITRARYCLOSEDPROFILEDEF(.AREA.,$,#6094);
#6096=IFCCARTESIANPOINT((0.,0.,0.));
#6097=IFCDIRECTION((0.,-1.,0.));
#6098=IFCDIRECTION((1.,0.,0.));
#6099=IFCAXIS2PLACEMENT3D(#6096,#6097,#6098);
#6100=IFCDIRECTION((0.,0.,-1.));
#6101=IFCEXTRUDEDAREASOLID(#6095,#6099,#6100,0.02500000037252903);
#6102=IFCCARTESIANPOINTLIST2D(((0.,0.),(0.77245774120092392,0.),(0.77245774120092392,0.10000000149011612),(0.,0.10000000149011612)));
#6103=IFCINDEXEDPOLYCURVE(#6102,(IFCLINEINDEX((1,2,3,4,1))),$);
#6104=IFCARBITRARYCLOSEDPROFILEDEF(.AREA.,$,#6103);
#6105=IFCCARTESIANPOINT((0.05000000074505806,0.,0.));
#6106=IFCDIRECTION((0.,0.,1.));
#6107=IFCDIRECTION((1.,0.,0.));
#6108=IFCAXIS2PLACEMENT3D(#6105,#6106,#6107);
#6109=IFCDIRECTION((0.,0.,1.));
#6110=IFCEXTRUDEDAREASOLID(#6104,#6108,#6109,0.02500000037252903);
#6111=IFCCARTESIANPOINTLIST2D(((0.,0.),(0.,2.0250000022351742),(0.9224577471613884,2.0250000022351742),(0.9224577471613884,0.),(0.84745774418115616,0.),(0.84745774418115616,1.9499999992549419),(0.075000002980232239,1.9499999992549419),(0.075000002980232239,0.)));
#6112=IFCINDEXEDPOLYCURVE(#6111,(IFCLINEINDEX((1,2,3,4,5,6,7,8,1))),$);
#6113=IFCARBITRARYCLOSEDPROFILEDEF(.AREA.,$,#6112);
#6114=IFCCARTESIANPOINT((-0.025000002235174179,-0.004999999888241291,0.));
#6115=IFCDIRECTION((0.,-1.,0.));
#6116=IFCDIRECTION((1.,0.,0.));
#6117=IFCAXIS2PLACEMENT3D(#6114,#6115,#6116);
#6118=IFCDIRECTION((0.,0.,-1.));
#6119=IFCEXTRUDEDAREASOLID(#6113,#6117,#6118,0.004999999888241291);
#6120=IFCCARTESIANPOINTLIST2D(((0.,0.),(0.,2.0250000022351742),(0.9224577471613884,2.0250000022351742),(0.9224577471613884,0.),(0.87245774455368519,0.),(0.87245774455368519,1.974999999627471),(0.050000002607703209,1.974999999627471),(0.050000002607703209,0.)));
#6121=IFCINDEXEDPOLYCURVE(#6120,(IFCLINEINDEX((1,2,3,4,5,6,7,8,1))),$);
#6122=IFCARBITRARYCLOSEDPROFILEDEF(.AREA.,$,#6121);
#6123=IFCCARTESIANPOINT((-0.025000002235174179,0.05000000074505806,0.));
#6124=IFCDIRECTION((0.,-1.,0.));
#6125=IFCDIRECTION((1.,0.,0.));
#6126=IFCAXIS2PLACEMENT3D(#6123,#6124,#6125);
#6127=IFCDIRECTION((0.,0.,-1.));
#6128=IFCEXTRUDEDAREASOLID(#6122,#6126,#6127,0.004999999888241291);
#6129=IFCCARTESIANPOINTLIST2D(((0.,0.),(0.82245774194598198,0.),(0.82245774194598198,0.035000000149011612),(0.,0.035000000149011612)));
#6130=IFCINDEXEDPOLYCURVE(#6129,(IFCLINEINDEX((1,2,3,4,1))),$);
#6131=IFCARBITRARYCLOSEDPROFILEDEF(.AREA.,$,#6130);
#6132=IFCCARTESIANPOINT((0.02500000037252903,0.02500000037252903,0.02500000037252903));
#6133=IFCDIRECTION((0.,0.,1.));
#6134=IFCDIRECTION((1.,0.,0.));
#6135=IFCAXIS2PLACEMENT3D(#6132,#6133,#6134);
#6136=IFCDIRECTION((0.,0.,1.));
#6137=IFCEXTRUDEDAREASOLID(#6131,#6135,#6136,1.9499999992549419);
#6138=IFCCARTESIANPOINTLIST2D(((0.,0.),(0.,-0.040000000000000001),(-0.11999999999999988,-0.040000000000000001),(-0.11999999999999988,-0.02),(-0.020000000000000018,-0.02),(-0.020000000000000018,0.)));
#6139=IFCINDEXEDPOLYCURVE(#6138,(IFCLINEINDEX((1,2,3,4,5,6,1))),$);
#6140=IFCARBITRARYCLOSEDPROFILEDEF(.AREA.,$,#6139);
#6141=IFCCARTESIANPOINT((0.79745774231851096,0.02500000037252903,1.015000000372529));
#6142=IFCDIRECTION((0.,0.,1.));
#6143=IFCDIRECTION((1.,0.,0.));
#6144=IFCAXIS2PLACEMENT3D(#6141,#6142,#6143);
#6145=IFCDIRECTION((0.,0.,1.));
#6146=IFCEXTRUDEDAREASOLID(#6140,#6144,#6145,0.02);
#6147=IFCEXTRUDEDAREASOLID(#6148,#6151,#6155,0.02);
#6148=IFCARBITRARYCLOSEDPROFILEDEF(.AREA.,$,#6149);
#6149=IFCINDEXEDPOLYCURVE(#6150,(IFCLINEINDEX((1,2,3,4,5,6,1))),$);
#6150=IFCCARTESIANPOINTLIST2D(((0.,0.),(0.,0.040000000000000008),(-0.11999999999999988,0.040000000000000008),(-0.11999999999999988,0.020000000000000004),(-0.020000000000000018,0.020000000000000004),(-0.020000000000000018,0.)));
#6151=IFCAXIS2PLACEMENT3D(#6152,#6153,#6154);
#6152=IFCCARTESIANPOINT((0.79745774231851096,0.060000000521540642,1.015000000372529));
#6153=IFCDIRECTION((0.,0.,1.));
#6154=IFCDIRECTION((1.,0.,0.));
#6155=IFCDIRECTION((0.,0.,1.));
#6156=IFCSHAPEREPRESENTATION(#11,'Body','SweptSolid',(#6092,#6101,#6137,#6146,#6147,#6110,#6119,#6128));
#6157=IFCSHAPEREPRESENTATION(#11,'Body','SweptSolid',(#6092,#6101,#6110,#6119,#6128));
#6158=IFCSHAPEASPECT((#6157),'Lining',$,.T.,#6010);
#6159=IFCSHAPEREPRESENTATION(#11,'Body','SweptSolid',(#6137,#6146,#6147));
#6160=IFCSHAPEASPECT((#6159),'Framing',$,.T.,#6010);
#6161=IFCCARTESIANPOINTLIST2D(((0.,0.),(0.,0.05000000074505806),(0.02500000037252903,0.05000000074505806),(0.02500000037252903,0.02500000037252903),(0.05000000074505806,0.02500000037252903),(0.05000000074505806,0.)));
#6162=IFCINDEXEDPOLYCURVE(#6161,(IFCLINEINDEX((1,2,3,4,5,6,1))),$);
#6163=IFCINDEXEDPOLYCURVE(#6164,(IFCLINEINDEX((1,2,3,4,5,6,1))),$);
#6164=IFCCARTESIANPOINTLIST2D(((0.87245774269104004,0.),(0.87245774269104004,0.05000000074505806),(0.84745774231851101,0.05000000074505806),(0.84745774231851101,0.02500000037252903),(0.82245774194598198,0.02500000037252903),(0.82245774194598198,0.)));
#6165=IFCDIRECTION((1.,0.));
#6166=IFCCARTESIANPOINT((0.060000000521540642,0.05000000074505806));
#6167=IFCAXIS2PLACEMENT2D(#6166,#6165);
#6168=IFCELLIPSE(#6167,0.78745774179697037,0.82245774194598198);
#6169=IFCCARTESIANPOINT((0.84745774231851101,0.05000000074505806));
#6170=IFCCARTESIANPOINT((0.060000000521540642,0.87245774269104004));
#6171=IFCTRIMMEDCURVE(#6168,(#6169),(#6170),.T.,.CARTESIAN.);
#6172=IFCCARTESIANPOINTLIST2D(((0.02500000037252903,0.05000000074505806),(0.060000000521540642,0.05000000074505806),(0.060000000521540642,0.87245774269104004),(0.02500000037252903,0.87245774269104004)));
#6173=IFCINDEXEDPOLYCURVE(#6172,(IFCLINEINDEX((1,2,3,4,1))),$);
#6174=IFCSHAPEREPRESENTATION(#24,'Body','Curve2D',(#6162,#6163,#6171,#6173));
#6175=IFCCARTESIANPOINTLIST2D(((0.,0.),(0.87245774269104004,0.),(0.87245774269104004,2.),(0.,2.)));
#6176=IFCINDEXEDPOLYCURVE(#6175,(IFCLINEINDEX((1,2,3,4,1))),$);
#6177=IFCARBITRARYCLOSEDPROFILEDEF(.AREA.,$,#6176);
#6178=IFCCARTESIANPOINT((0.,-0.60000002384185791,0.));
#6179=IFCDIRECTION((0.,-1.,0.));
#6180=IFCDIRECTION((1.,0.,0.));
#6181=IFCAXIS2PLACEMENT3D(#6178,#6179,#6180);
#6182=IFCDIRECTION((0.,0.,-1.));
#6183=IFCEXTRUDEDAREASOLID(#6177,#6181,#6182,1.2);
#6184=IFCSHAPEREPRESENTATION(#11,'Body','SweptSolid',(#6183));
#6190=IFCCARTESIANPOINT((0.22855749368747158,2.384185791015625E-07,0.));
#6191=IFCDIRECTION((0.,0.,1.));
#6192=IFCDIRECTION((0.99999999999997158,-2.3841857910155572E-07,0.));
#6193=IFCAXIS2PLACEMENT3D(#6190,#6191,#6192);
#6194=IFCLOCALPLACEMENT(#4617,#6193);
#6195=IFCCARTESIANPOINT((2.2204460492503131E-16,0.,0.));
#6196=IFCDIRECTION((0.,0.,1.));
#6197=IFCDIRECTION((1.,0.,0.));
#6198=IFCAXIS2PLACEMENT3D(#6195,#6196,#6197);
#6199=IFCLOCALPLACEMENT(#6194,#6198);
#6200=IFCDOORTYPE('0WtdvmdZP0RunaF8dLRM7E',$,'Bedroom2 2F',$,$,(#6201),(#6203,#6211,#6289),$,$,.DOOR.,.SINGLE_SWING_LEFT.,$,$);
#6201=IFCPROPERTYSET('1uZr2sglfDnO1R1QS_Eupc',$,'BBIM_Door',$,(#6202));
#6202=IFCPROPERTYSINGLEVALUE('Data',$,IFCTEXT('{"door_type": "SINGLE_SWING_RIGHT", "overall_height": 2.0, "overall_width": 0.8746834993362427, "lining_properties": {"lining_depth": 0.05000000074505806, "lining_thickness": 0.05000000074505806, "lining_offset": 0.0, "lining_to_panel_offset_x": 0.02500000037252903, "lining_to_panel_offset_y": 0.02500000037252903, "transom_thickness": 0.0, "casing_thickness": 0.07500000298023224, "casing_depth": 0.004999999888241291, "threshold_thickness": 0.02500000037252903, "threshold_depth": 0.10000000149011612, "threshold_offset": 0.0}, "panel_properties": {"panel_depth": 0.03500000014901161, "panel_width_ratio": 1.0}}'),$);
#6203=IFCREPRESENTATIONMAP(#6204,#6375);
#6204=IFCAXIS2PLACEMENT3D(#6205,#6206,#6207);
#6205=IFCCARTESIANPOINT((0.,0.,0.));
#6206=IFCDIRECTION((0.,0.,1.));
#6207=IFCDIRECTION((1.,0.,0.));
#6211=IFCREPRESENTATIONMAP(#6212,#6448);
#6212=IFCAXIS2PLACEMENT3D(#6213,#6214,#6215);
#6213=IFCCARTESIANPOINT((0.,0.,0.));
#6214=IFCDIRECTION((0.,0.,1.));
#6215=IFCDIRECTION((1.,0.,0.));
#6289=IFCREPRESENTATIONMAP(#6290,#6466);
#6290=IFCAXIS2PLACEMENT3D(#6291,#6292,#6293);
#6291=IFCCARTESIANPOINT((0.,0.,0.));
#6292=IFCDIRECTION((0.,0.,1.));
#6293=IFCDIRECTION((1.,0.,0.));
#6308=IFCDOOR('1N9RdRejfECgFGsrscdP7H',$,'Door',$,$,#6491,#6317,$,2.,0.87468349933624268,$,.SINGLE_SWING_RIGHT.,$);
#6309=IFCRELDEFINESBYTYPE('3GqcZhQBD8tR1v$peD3W6j',$,$,$,(#6308),#6200);
#6310=IFCCARTESIANPOINT((0.,0.,0.));
#6311=IFCDIRECTION((1.,0.,0.));
#6312=IFCDIRECTION((0.,1.,0.));
#6313=IFCDIRECTION((0.,0.,1.));
#6314=IFCCARTESIANTRANSFORMATIONOPERATOR3D(#6311,#6312,#6310,1.,#6313);
#6315=IFCMAPPEDITEM(#6203,#6314);
#6316=IFCSHAPEREPRESENTATION(#18,'Profile','MappedRepresentation',(#6315));
#6317=IFCPRODUCTDEFINITIONSHAPE($,$,(#6316,#6324,#6331));
#6318=IFCCARTESIANPOINT((0.,0.,0.));
#6319=IFCDIRECTION((1.,0.,0.));
#6320=IFCDIRECTION((0.,1.,0.));
#6321=IFCDIRECTION((0.,0.,1.));
#6322=IFCCARTESIANTRANSFORMATIONOPERATOR3D(#6319,#6320,#6318,1.,#6321);
#6323=IFCMAPPEDITEM(#6211,#6322);
#6324=IFCSHAPEREPRESENTATION(#11,'Body','MappedRepresentation',(#6323));
#6325=IFCCARTESIANPOINT((0.,0.,0.));
#6326=IFCDIRECTION((1.,0.,0.));
#6327=IFCDIRECTION((0.,1.,0.));
#6328=IFCDIRECTION((0.,0.,1.));
#6329=IFCCARTESIANTRANSFORMATIONOPERATOR3D(#6326,#6327,#6325,1.,#6328);
#6330=IFCMAPPEDITEM(#6289,#6329);
#6331=IFCSHAPEREPRESENTATION(#24,'Body','MappedRepresentation',(#6330));
#6332=IFCOPENINGELEMENT('3e1DmpBdvElQoQkFExytqu',$,'Opening',$,$,#6486,#6360,$,.OPENING.);
#6348=IFCCARTESIANPOINT((0.,0.,0.));
#6349=IFCDIRECTION((1.,0.,0.));
#6350=IFCDIRECTION((0.,0.,1.));
#6351=IFCAXIS2PLACEMENT3D(#6348,#6350,#6349);
#6352=IFCREPRESENTATIONMAP(#6351,#6476);
#6353=IFCCARTESIANPOINT((0.,0.,0.));
#6354=IFCDIRECTION((1.,0.,0.));
#6355=IFCDIRECTION((0.,1.,0.));
#6356=IFCDIRECTION((0.,0.,1.));
#6357=IFCCARTESIANTRANSFORMATIONOPERATOR3D(#6354,#6355,#6353,1.,#6356);
#6358=IFCMAPPEDITEM(#6352,#6357);
#6359=IFCSHAPEREPRESENTATION(#11,'Body','MappedRepresentation',(#6358));
#6360=IFCPRODUCTDEFINITIONSHAPE($,$,(#6359));
#6361=IFCRELVOIDSELEMENT('08uqHuLXT09gffEsm9C7d3',$,$,$,#5613,#6332);
#6367=IFCRELFILLSELEMENT('0uSWPl9Hb4NwiASjoxtIZG',$,$,$,#6332,#6308);
#6373=IFCCARTESIANPOINTLIST3D(((0.,0.,0.),(0.87468349933624268,0.,0.),(0.87468349933624268,0.,2.),(0.,0.,2.)));
#6374=IFCINDEXEDPOLYCURVE(#6373,(IFCLINEINDEX((1,2,3,4,1))),$);
#6375=IFCSHAPEREPRESENTATION(#18,'Profile','Curve3D',(#6374));
#6376=IFCCARTESIANPOINTLIST2D(((0.,0.),(0.,2.),(0.87468349933624268,2.),(0.87468349933624268,0.),(0.84968349896371365,0.),(0.84968349896371365,1.974999999627471),(0.02500000037252903,1.974999999627471),(0.02500000037252903,0.)));
#6377=IFCINDEXEDPOLYCURVE(#6376,(IFCLINEINDEX((1,2,3,4,5,6,7,8,1))),$);
#6378=IFCARBITRARYCLOSEDPROFILEDEF(.AREA.,$,#6377);
#6379=IFCCARTESIANPOINT((0.,0.02500000037252903,0.));
#6380=IFCDIRECTION((0.,-1.,0.));
#6381=IFCDIRECTION((1.,0.,0.));
#6382=IFCAXIS2PLACEMENT3D(#6379,#6380,#6381);
#6383=IFCDIRECTION((0.,0.,-1.));
#6384=IFCEXTRUDEDAREASOLID(#6378,#6382,#6383,0.02500000037252903);
#6385=IFCCARTESIANPOINTLIST2D(((0.,0.),(0.,2.),(0.87468349933624268,2.),(0.87468349933624268,0.),(0.82468349859118462,0.),(0.82468349859118462,1.9499999992549419),(0.05000000074505806,1.9499999992549419),(0.05000000074505806,0.)));
#6386=IFCINDEXEDPOLYCURVE(#6385,(IFCLINEINDEX((1,2,3,4,5,6,7,8,1))),$);
#6387=IFCARBITRARYCLOSEDPROFILEDEF(.AREA.,$,#6386);
#6388=IFCCARTESIANPOINT((0.,0.,0.));
#6389=IFCDIRECTION((0.,-1.,0.));
#6390=IFCDIRECTION((1.,0.,0.));
#6391=IFCAXIS2PLACEMENT3D(#6388,#6389,#6390);
#6392=IFCDIRECTION((0.,0.,-1.));
#6393=IFCEXTRUDEDAREASOLID(#6387,#6391,#6392,0.02500000037252903);
#6394=IFCCARTESIANPOINTLIST2D(((0.,0.),(0.77468349784612656,0.),(0.77468349784612656,0.10000000149011612),(0.,0.10000000149011612)));
#6395=IFCINDEXEDPOLYCURVE(#6394,(IFCLINEINDEX((1,2,3,4,1))),$);
#6396=IFCARBITRARYCLOSEDPROFILEDEF(.AREA.,$,#6395);
#6397=IFCCARTESIANPOINT((0.05000000074505806,0.,0.));
#6398=IFCDIRECTION((0.,0.,1.));
#6399=IFCDIRECTION((1.,0.,0.));
#6400=IFCAXIS2PLACEMENT3D(#6397,#6398,#6399);
#6401=IFCDIRECTION((0.,0.,1.));
#6402=IFCEXTRUDEDAREASOLID(#6396,#6400,#6401,0.02500000037252903);
#6403=IFCCARTESIANPOINTLIST2D(((0.,0.),(0.,2.0250000022351742),(0.92468350380659103,2.0250000022351742),(0.92468350380659103,0.),(0.8496835008263588,0.),(0.8496835008263588,1.9499999992549419),(0.075000002980232239,1.9499999992549419),(0.075000002980232239,0.)));
#6404=IFCINDEXEDPOLYCURVE(#6403,(IFCLINEINDEX((1,2,3,4,5,6,7,8,1))),$);
#6405=IFCARBITRARYCLOSEDPROFILEDEF(.AREA.,$,#6404);
#6406=IFCCARTESIANPOINT((-0.025000002235174179,-0.004999999888241291,0.));
#6407=IFCDIRECTION((0.,-1.,0.));
#6408=IFCDIRECTION((1.,0.,0.));
#6409=IFCAXIS2PLACEMENT3D(#6406,#6407,#6408);
#6410=IFCDIRECTION((0.,0.,-1.));
#6411=IFCEXTRUDEDAREASOLID(#6405,#6409,#6410,0.004999999888241291);
#6412=IFCCARTESIANPOINTLIST2D(((0.,0.),(0.,2.0250000022351742),(0.92468350380659103,2.0250000022351742),(0.92468350380659103,0.),(0.87468350119888783,0.),(0.87468350119888783,1.974999999627471),(0.050000002607703209,1.974999999627471),(0.050000002607703209,0.)));
#6413=IFCINDEXEDPOLYCURVE(#6412,(IFCLINEINDEX((1,2,3,4,5,6,7,8,1))),$);
#6414=IFCARBITRARYCLOSEDPROFILEDEF(.AREA.,$,#6413);
#6415=IFCCARTESIANPOINT((-0.025000002235174179,0.05000000074505806,0.));
#6416=IFCDIRECTION((0.,-1.,0.));
#6417=IFCDIRECTION((1.,0.,0.));
#6418=IFCAXIS2PLACEMENT3D(#6415,#6416,#6417);
#6419=IFCDIRECTION((0.,0.,-1.));
#6420=IFCEXTRUDEDAREASOLID(#6414,#6418,#6419,0.004999999888241291);
#6421=IFCCARTESIANPOINTLIST2D(((0.,0.),(0.82468349859118462,0.),(0.82468349859118462,0.035000000149011612),(0.,0.035000000149011612)));
#6422=IFCINDEXEDPOLYCURVE(#6421,(IFCLINEINDEX((1,2,3,4,1))),$);
#6423=IFCARBITRARYCLOSEDPROFILEDEF(.AREA.,$,#6422);
#6424=IFCCARTESIANPOINT((0.02500000037252903,0.02500000037252903,0.02500000037252903));
#6425=IFCDIRECTION((0.,0.,1.));
#6426=IFCDIRECTION((1.,0.,0.));
#6427=IFCAXIS2PLACEMENT3D(#6424,#6425,#6426);
#6428=IFCDIRECTION((0.,0.,1.));
#6429=IFCEXTRUDEDAREASOLID(#6423,#6427,#6428,1.9499999992549419);
#6430=IFCCARTESIANPOINTLIST2D(((0.,0.),(0.,-0.040000000000000001),(0.12,-0.040000000000000001),(0.12,-0.02),(0.02,-0.02),(0.02,0.)));
#6431=IFCINDEXEDPOLYCURVE(#6430,(IFCLINEINDEX((1,2,3,4,5,6,1))),$);
#6432=IFCARBITRARYCLOSEDPROFILEDEF(.AREA.,$,#6431);
#6433=IFCCARTESIANPOINT((0.075000000372529033,0.02500000037252903,1.015000000372529));
#6434=IFCDIRECTION((0.,0.,1.));
#6435=IFCDIRECTION((1.,0.,0.));
#6436=IFCAXIS2PLACEMENT3D(#6433,#6434,#6435);
#6437=IFCDIRECTION((0.,0.,1.));
#6438=IFCEXTRUDEDAREASOLID(#6432,#6436,#6437,0.02);
#6439=IFCEXTRUDEDAREASOLID(#6440,#6443,#6447,0.02);
#6440=IFCARBITRARYCLOSEDPROFILEDEF(.AREA.,$,#6441);
#6441=IFCINDEXEDPOLYCURVE(#6442,(IFCLINEINDEX((1,2,3,4,5,6,1))),$);
#6442=IFCCARTESIANPOINTLIST2D(((0.,0.),(0.,0.040000000000000008),(0.11999999999999998,0.040000000000000008),(0.11999999999999998,0.020000000000000004),(0.020000000000000004,0.020000000000000004),(0.020000000000000004,0.)));
#6443=IFCAXIS2PLACEMENT3D(#6444,#6445,#6446);
#6444=IFCCARTESIANPOINT((0.075000000372529033,0.060000000521540642,1.015000000372529));
#6445=IFCDIRECTION((0.,0.,1.));
#6446=IFCDIRECTION((1.,0.,0.));
#6447=IFCDIRECTION((0.,0.,1.));
#6448=IFCSHAPEREPRESENTATION(#11,'Body','SweptSolid',(#6384,#6393,#6429,#6438,#6439,#6402,#6411,#6420));
#6449=IFCSHAPEREPRESENTATION(#11,'Body','SweptSolid',(#6384,#6393,#6402,#6411,#6420));
#6450=IFCSHAPEASPECT((#6449),'Lining',$,.T.,#6317);
#6451=IFCSHAPEREPRESENTATION(#11,'Body','SweptSolid',(#6429,#6438,#6439));
#6452=IFCSHAPEASPECT((#6451),'Framing',$,.T.,#6317);
#6453=IFCCARTESIANPOINTLIST2D(((0.,0.),(0.,0.05000000074505806),(0.02500000037252903,0.05000000074505806),(0.02500000037252903,0.02500000037252903),(0.05000000074505806,0.02500000037252903),(0.05000000074505806,0.)));
#6454=IFCINDEXEDPOLYCURVE(#6453,(IFCLINEINDEX((1,2,3,4,5,6,1))),$);
#6455=IFCINDEXEDPOLYCURVE(#6456,(IFCLINEINDEX((1,2,3,4,5,6,1))),$);
#6456=IFCCARTESIANPOINTLIST2D(((0.87468349933624268,0.),(0.87468349933624268,0.05000000074505806),(0.84968349896371365,0.05000000074505806),(0.84968349896371365,0.02500000037252903),(0.82468349859118462,0.02500000037252903),(0.82468349859118462,0.)));
#6457=IFCDIRECTION((1.,0.));
#6458=IFCCARTESIANPOINT((0.81468349881470203,0.05000000074505806));
#6459=IFCAXIS2PLACEMENT2D(#6458,#6457);
#6460=IFCELLIPSE(#6459,0.789683498442173,0.82468349859118462);
#6461=IFCCARTESIANPOINT((0.81468349881470203,0.87468349933624268));
#6462=IFCCARTESIANPOINT((0.02500000037252903,0.05000000074505806));
#6463=IFCTRIMMEDCURVE(#6460,(#6461),(#6462),.T.,.CARTESIAN.);
#6464=IFCCARTESIANPOINTLIST2D(((0.84968349896371365,0.05000000074505806),(0.81468349881470203,0.05000000074505806),(0.81468349881470203,0.87468349933624268),(0.84968349896371365,0.87468349933624268)));
#6465=IFCINDEXEDPOLYCURVE(#6464,(IFCLINEINDEX((1,2,3,4,1))),$);
#6466=IFCSHAPEREPRESENTATION(#24,'Body','Curve2D',(#6454,#6455,#6463,#6465));
#6467=IFCCARTESIANPOINTLIST2D(((0.,0.),(0.87468349933624268,0.),(0.87468349933624268,2.),(0.,2.)));
#6468=IFCINDEXEDPOLYCURVE(#6467,(IFCLINEINDEX((1,2,3,4,1))),$);
#6469=IFCARBITRARYCLOSEDPROFILEDEF(.AREA.,$,#6468);
#6470=IFCCARTESIANPOINT((0.,-0.60000002384185791,0.));
#6471=IFCDIRECTION((0.,-1.,0.));
#6472=IFCDIRECTION((1.,0.,0.));
#6473=IFCAXIS2PLACEMENT3D(#6470,#6471,#6472);
#6474=IFCDIRECTION((0.,0.,-1.));
#6475=IFCEXTRUDEDAREASOLID(#6469,#6473,#6474,1.2);
#6476=IFCSHAPEREPRESENTATION(#11,'Body','SweptSolid',(#6475));
#6482=IFCCARTESIANPOINT((2.8490150297270063,0.014999689579635378,0.));
#6483=IFCDIRECTION((0.,0.,1.));
#6484=IFCDIRECTION((0.9999999999996968,-7.7882874904814859E-07,0.));
#6485=IFCAXIS2PLACEMENT3D(#6482,#6483,#6484);
#6486=IFCLOCALPLACEMENT(#5669,#6485);
#6487=IFCCARTESIANPOINT((-8.8817841970012523E-16,0.,0.));
#6488=IFCDIRECTION((0.,0.,1.));
#6489=IFCDIRECTION((1.,0.,0.));
#6490=IFCAXIS2PLACEMENT3D(#6487,#6488,#6489);
#6491=IFCLOCALPLACEMENT(#6486,#6490);
#6492=IFCDOORTYPE('1a1yQN60jE0ukrcmkicGxH',$,'Master 2F',$,$,(#6493),(#6495,#6503,#6581),$,$,.DOOR.,.SINGLE_SWING_LEFT.,$,$);
#6493=IFCPROPERTYSET('1KSg7bzBP2$vlg9R51TWqq',$,'BBIM_Door',$,(#6494));
#6494=IFCPROPERTYSINGLEVALUE('Data',$,IFCTEXT('{"door_type": "SINGLE_SWING_RIGHT", "overall_height": 2.0, "overall_width": 0.8314347267150879, "lining_properties": {"lining_depth": 0.05000000074505806, "lining_thickness": 0.05000000074505806, "lining_offset": 0.0, "lining_to_panel_offset_x": 0.02500000037252903, "lining_to_panel_offset_y": 0.02500000037252903, "transom_thickness": 0.0, "casing_thickness": 0.07500000298023224, "casing_depth": 0.004999999888241291, "threshold_thickness": 0.02500000037252903, "threshold_depth": 0.10000000149011612, "threshold_offset": 0.0}, "panel_properties": {"panel_depth": 0.03500000014901161, "panel_width_ratio": 1.0}}'),$);
#6495=IFCREPRESENTATIONMAP(#6496,#6667);
#6496=IFCAXIS2PLACEMENT3D(#6497,#6498,#6499);
#6497=IFCCARTESIANPOINT((0.,0.,0.));
#6498=IFCDIRECTION((0.,0.,1.));
#6499=IFCDIRECTION((1.,0.,0.));
#6503=IFCREPRESENTATIONMAP(#6504,#6740);
#6504=IFCAXIS2PLACEMENT3D(#6505,#6506,#6507);
#6505=IFCCARTESIANPOINT((0.,0.,0.));
#6506=IFCDIRECTION((0.,0.,1.));
#6507=IFCDIRECTION((1.,0.,0.));
#6581=IFCREPRESENTATIONMAP(#6582,#6758);
#6582=IFCAXIS2PLACEMENT3D(#6583,#6584,#6585);
#6583=IFCCARTESIANPOINT((0.,0.,0.));
#6584=IFCDIRECTION((0.,0.,1.));
#6585=IFCDIRECTION((1.,0.,0.));
#6600=IFCDOOR('2ayT7woUH3ovh94OGFN3Eh',$,'Door',$,$,#6783,#6609,$,2.,0.83143472671508789,$,.SINGLE_SWING_RIGHT.,$);
#6601=IFCRELDEFINESBYTYPE('3AjywBXLT1oQ8SviDYwG1C',$,$,$,(#6600),#6492);
#6602=IFCCARTESIANPOINT((0.,0.,0.));
#6603=IFCDIRECTION((1.,0.,0.));
#6604=IFCDIRECTION((0.,1.,0.));
#6605=IFCDIRECTION((0.,0.,1.));
#6606=IFCCARTESIANTRANSFORMATIONOPERATOR3D(#6603,#6604,#6602,1.,#6605);
#6607=IFCMAPPEDITEM(#6495,#6606);
#6608=IFCSHAPEREPRESENTATION(#18,'Profile','MappedRepresentation',(#6607));
#6609=IFCPRODUCTDEFINITIONSHAPE($,$,(#6608,#6616,#6623));
#6610=IFCCARTESIANPOINT((0.,0.,0.));
#6611=IFCDIRECTION((1.,0.,0.));
#6612=IFCDIRECTION((0.,1.,0.));
#6613=IFCDIRECTION((0.,0.,1.));
#6614=IFCCARTESIANTRANSFORMATIONOPERATOR3D(#6611,#6612,#6610,1.,#6613);
#6615=IFCMAPPEDITEM(#6503,#6614);
#6616=IFCSHAPEREPRESENTATION(#11,'Body','MappedRepresentation',(#6615));
#6617=IFCCARTESIANPOINT((0.,0.,0.));
#6618=IFCDIRECTION((1.,0.,0.));
#6619=IFCDIRECTION((0.,1.,0.));
#6620=IFCDIRECTION((0.,0.,1.));
#6621=IFCCARTESIANTRANSFORMATIONOPERATOR3D(#6618,#6619,#6617,1.,#6620);
#6622=IFCMAPPEDITEM(#6581,#6621);
#6623=IFCSHAPEREPRESENTATION(#24,'Body','MappedRepresentation',(#6622));
#6624=IFCOPENINGELEMENT('3tbcCI3$j2IupFaHY6A0l7',$,'Opening',$,$,#6778,#6652,$,.OPENING.);
#6640=IFCCARTESIANPOINT((0.,0.,0.));
#6641=IFCDIRECTION((1.,0.,0.));
#6642=IFCDIRECTION((0.,0.,1.));
#6643=IFCAXIS2PLACEMENT3D(#6640,#6642,#6641);
#6644=IFCREPRESENTATIONMAP(#6643,#6768);
#6645=IFCCARTESIANPOINT((0.,0.,0.));
#6646=IFCDIRECTION((1.,0.,0.));
#6647=IFCDIRECTION((0.,1.,0.));
#6648=IFCDIRECTION((0.,0.,1.));
#6649=IFCCARTESIANTRANSFORMATIONOPERATOR3D(#6646,#6647,#6645,1.,#6648);
#6650=IFCMAPPEDITEM(#6644,#6649);
#6651=IFCSHAPEREPRESENTATION(#11,'Body','MappedRepresentation',(#6650));
#6652=IFCPRODUCTDEFINITIONSHAPE($,$,(#6651));
#6653=IFCRELVOIDSELEMENT('0WMUeZSSnD3v4hrBrPjX6T',$,$,$,#5037,#6624);
#6659=IFCRELFILLSELEMENT('09GDScY_9CDgFEgU8GrlU0',$,$,$,#6624,#6600);
#6665=IFCCARTESIANPOINTLIST3D(((0.,0.,0.),(0.83143472671508789,0.,0.),(0.83143472671508789,0.,2.),(0.,0.,2.)));
#6666=IFCINDEXEDPOLYCURVE(#6665,(IFCLINEINDEX((1,2,3,4,1))),$);
#6667=IFCSHAPEREPRESENTATION(#18,'Profile','Curve3D',(#6666));
#6668=IFCCARTESIANPOINTLIST2D(((0.,0.),(0.,2.),(0.83143472671508789,2.),(0.83143472671508789,0.),(0.80643472634255886,0.),(0.80643472634255886,1.974999999627471),(0.02500000037252903,1.974999999627471),(0.02500000037252903,0.)));
#6669=IFCINDEXEDPOLYCURVE(#6668,(IFCLINEINDEX((1,2,3,4,5,6,7,8,1))),$);
#6670=IFCARBITRARYCLOSEDPROFILEDEF(.AREA.,$,#6669);
#6671=IFCCARTESIANPOINT((0.,0.02500000037252903,0.));
#6672=IFCDIRECTION((0.,-1.,0.));
#6673=IFCDIRECTION((1.,0.,0.));
#6674=IFCAXIS2PLACEMENT3D(#6671,#6672,#6673);
#6675=IFCDIRECTION((0.,0.,-1.));
#6676=IFCEXTRUDEDAREASOLID(#6670,#6674,#6675,0.02500000037252903);
#6677=IFCCARTESIANPOINTLIST2D(((0.,0.),(0.,2.),(0.83143472671508789,2.),(0.83143472671508789,0.),(0.78143472597002983,0.),(0.78143472597002983,1.9499999992549419),(0.05000000074505806,1.9499999992549419),(0.05000000074505806,0.)));
#6678=IFCINDEXEDPOLYCURVE(#6677,(IFCLINEINDEX((1,2,3,4,5,6,7,8,1))),$);
#6679=IFCARBITRARYCLOSEDPROFILEDEF(.AREA.,$,#6678);
#6680=IFCCARTESIANPOINT((0.,0.,0.));
#6681=IFCDIRECTION((0.,-1.,0.));
#6682=IFCDIRECTION((1.,0.,0.));
#6683=IFCAXIS2PLACEMENT3D(#6680,#6681,#6682);
#6684=IFCDIRECTION((0.,0.,-1.));
#6685=IFCEXTRUDEDAREASOLID(#6679,#6683,#6684,0.02500000037252903);
#6686=IFCCARTESIANPOINTLIST2D(((0.,0.),(0.73143472522497177,0.),(0.73143472522497177,0.10000000149011612),(0.,0.10000000149011612)));
#6687=IFCINDEXEDPOLYCURVE(#6686,(IFCLINEINDEX((1,2,3,4,1))),$);
#6688=IFCARBITRARYCLOSEDPROFILEDEF(.AREA.,$,#6687);
#6689=IFCCARTESIANPOINT((0.05000000074505806,0.,0.));
#6690=IFCDIRECTION((0.,0.,1.));
#6691=IFCDIRECTION((1.,0.,0.));
#6692=IFCAXIS2PLACEMENT3D(#6689,#6690,#6691);
#6693=IFCDIRECTION((0.,0.,1.));
#6694=IFCEXTRUDEDAREASOLID(#6688,#6692,#6693,0.02500000037252903);
#6695=IFCCARTESIANPOINTLIST2D(((0.,0.),(0.,2.0250000022351742),(0.88143473118543625,2.0250000022351742),(0.88143473118543625,0.),(0.80643472820520401,0.),(0.80643472820520401,1.9499999992549419),(0.075000002980232239,1.9499999992549419),(0.075000002980232239,0.)));
#6696=IFCINDEXEDPOLYCURVE(#6695,(IFCLINEINDEX((1,2,3,4,5,6,7,8,1))),$);
#6697=IFCARBITRARYCLOSEDPROFILEDEF(.AREA.,$,#6696);
#6698=IFCCARTESIANPOINT((-0.025000002235174179,-0.004999999888241291,0.));
#6699=IFCDIRECTION((0.,-1.,0.));
#6700=IFCDIRECTION((1.,0.,0.));
#6701=IFCAXIS2PLACEMENT3D(#6698,#6699,#6700);
#6702=IFCDIRECTION((0.,0.,-1.));
#6703=IFCEXTRUDEDAREASOLID(#6697,#6701,#6702,0.004999999888241291);
#6704=IFCCARTESIANPOINTLIST2D(((0.,0.),(0.,2.0250000022351742),(0.88143473118543625,2.0250000022351742),(0.88143473118543625,0.),(0.83143472857773304,0.),(0.83143472857773304,1.974999999627471),(0.050000002607703209,1.974999999627471),(0.050000002607703209,0.)));
#6705=IFCINDEXEDPOLYCURVE(#6704,(IFCLINEINDEX((1,2,3,4,5,6,7,8,1))),$);
#6706=IFCARBITRARYCLOSEDPROFILEDEF(.AREA.,$,#6705);
#6707=IFCCARTESIANPOINT((-0.025000002235174179,0.05000000074505806,0.));
#6708=IFCDIRECTION((0.,-1.,0.));
#6709=IFCDIRECTION((1.,0.,0.));
#6710=IFCAXIS2PLACEMENT3D(#6707,#6708,#6709);
#6711=IFCDIRECTION((0.,0.,-1.));
#6712=IFCEXTRUDEDAREASOLID(#6706,#6710,#6711,0.004999999888241291);
#6713=IFCCARTESIANPOINTLIST2D(((0.,0.),(0.78143472597002983,0.),(0.78143472597002983,0.035000000149011612),(0.,0.035000000149011612)));
#6714=IFCINDEXEDPOLYCURVE(#6713,(IFCLINEINDEX((1,2,3,4,1))),$);
#6715=IFCARBITRARYCLOSEDPROFILEDEF(.AREA.,$,#6714);
#6716=IFCCARTESIANPOINT((0.02500000037252903,0.02500000037252903,0.02500000037252903));
#6717=IFCDIRECTION((0.,0.,1.));
#6718=IFCDIRECTION((1.,0.,0.));
#6719=IFCAXIS2PLACEMENT3D(#6716,#6717,#6718);
#6720=IFCDIRECTION((0.,0.,1.));
#6721=IFCEXTRUDEDAREASOLID(#6715,#6719,#6720,1.9499999992549419);
#6722=IFCCARTESIANPOINTLIST2D(((0.,0.),(0.,-0.040000000000000001),(0.12,-0.040000000000000001),(0.12,-0.02),(0.02,-0.02),(0.02,0.)));
#6723=IFCINDEXEDPOLYCURVE(#6722,(IFCLINEINDEX((1,2,3,4,5,6,1))),$);
#6724=IFCARBITRARYCLOSEDPROFILEDEF(.AREA.,$,#6723);
#6725=IFCCARTESIANPOINT((0.075000000372529033,0.02500000037252903,1.015000000372529));
#6726=IFCDIRECTION((0.,0.,1.));
#6727=IFCDIRECTION((1.,0.,0.));
#6728=IFCAXIS2PLACEMENT3D(#6725,#6726,#6727);
#6729=IFCDIRECTION((0.,0.,1.));
#6730=IFCEXTRUDEDAREASOLID(#6724,#6728,#6729,0.02);
#6731=IFCEXTRUDEDAREASOLID(#6732,#6735,#6739,0.02);
#6732=IFCARBITRARYCLOSEDPROFILEDEF(.AREA.,$,#6733);
#6733=IFCINDEXEDPOLYCURVE(#6734,(IFCLINEINDEX((1,2,3,4,5,6,1))),$);
#6734=IFCCARTESIANPOINTLIST2D(((0.,0.),(0.,0.040000000000000008),(0.11999999999999998,0.040000000000000008),(0.11999999999999998,0.020000000000000004),(0.020000000000000004,0.020000000000000004),(0.020000000000000004,0.)));
#6735=IFCAXIS2PLACEMENT3D(#6736,#6737,#6738);
#6736=IFCCARTESIANPOINT((0.075000000372529033,0.060000000521540642,1.015000000372529));
#6737=IFCDIRECTION((0.,0.,1.));
#6738=IFCDIRECTION((1.,0.,0.));
#6739=IFCDIRECTION((0.,0.,1.));
#6740=IFCSHAPEREPRESENTATION(#11,'Body','SweptSolid',(#6676,#6685,#6721,#6730,#6731,#6694,#6703,#6712));
#6741=IFCSHAPEREPRESENTATION(#11,'Body','SweptSolid',(#6676,#6685,#6694,#6703,#6712));
#6742=IFCSHAPEASPECT((#6741),'Lining',$,.T.,#6609);
#6743=IFCSHAPEREPRESENTATION(#11,'Body','SweptSolid',(#6721,#6730,#6731));
#6744=IFCSHAPEASPECT((#6743),'Framing',$,.T.,#6609);
#6745=IFCCARTESIANPOINTLIST2D(((0.,0.),(0.,0.05000000074505806),(0.02500000037252903,0.05000000074505806),(0.02500000037252903,0.02500000037252903),(0.05000000074505806,0.02500000037252903),(0.05000000074505806,0.)));
#6746=IFCINDEXEDPOLYCURVE(#6745,(IFCLINEINDEX((1,2,3,4,5,6,1))),$);
#6747=IFCINDEXEDPOLYCURVE(#6748,(IFCLINEINDEX((1,2,3,4,5,6,1))),$);
#6748=IFCCARTESIANPOINTLIST2D(((0.83143472671508789,0.),(0.83143472671508789,0.05000000074505806),(0.80643472634255886,0.05000000074505806),(0.80643472634255886,0.02500000037252903),(0.78143472597002983,0.02500000037252903),(0.78143472597002983,0.)));
#6749=IFCDIRECTION((1.,0.));
#6750=IFCCARTESIANPOINT((0.77143472619354725,0.05000000074505806));
#6751=IFCAXIS2PLACEMENT2D(#6750,#6749);
#6752=IFCELLIPSE(#6751,0.74643472582101822,0.78143472597002983);
#6753=IFCCARTESIANPOINT((0.77143472619354725,0.83143472671508789));
#6754=IFCCARTESIANPOINT((0.02500000037252903,0.05000000074505806));
#6755=IFCTRIMMEDCURVE(#6752,(#6753),(#6754),.T.,.CARTESIAN.);
#6756=IFCCARTESIANPOINTLIST2D(((0.80643472634255886,0.05000000074505806),(0.77143472619354725,0.05000000074505806),(0.77143472619354725,0.83143472671508789),(0.80643472634255886,0.83143472671508789)));
#6757=IFCINDEXEDPOLYCURVE(#6756,(IFCLINEINDEX((1,2,3,4,1))),$);
#6758=IFCSHAPEREPRESENTATION(#24,'Body','Curve2D',(#6746,#6747,#6755,#6757));
#6759=IFCCARTESIANPOINTLIST2D(((0.,0.),(0.83143472671508789,0.),(0.83143472671508789,2.),(0.,2.)));
#6760=IFCINDEXEDPOLYCURVE(#6759,(IFCLINEINDEX((1,2,3,4,1))),$);
#6761=IFCARBITRARYCLOSEDPROFILEDEF(.AREA.,$,#6760);
#6762=IFCCARTESIANPOINT((0.,-0.60000002384185791,0.));
#6763=IFCDIRECTION((0.,-1.,0.));
#6764=IFCDIRECTION((1.,0.,0.));
#6765=IFCAXIS2PLACEMENT3D(#6762,#6763,#6764);
#6766=IFCDIRECTION((0.,0.,-1.));
#6767=IFCEXTRUDEDAREASOLID(#6761,#6765,#6766,1.2);
#6768=IFCSHAPEREPRESENTATION(#11,'Body','SweptSolid',(#6767));
#6774=IFCCARTESIANPOINT((3.1958165157437959,0.014999533969118239,0.));
#6775=IFCDIRECTION((0.,0.,1.));
#6776=IFCDIRECTION((0.99999999999997147,-2.384185719961227E-07,0.));
#6777=IFCAXIS2PLACEMENT3D(#6774,#6775,#6776);
#6778=IFCLOCALPLACEMENT(#5190,#6777);
#6779=IFCCARTESIANPOINT((4.4408920985006262E-16,0.,0.));
#6780=IFCDIRECTION((0.,0.,1.));
#6781=IFCDIRECTION((1.,0.,0.));
#6782=IFCAXIS2PLACEMENT3D(#6779,#6780,#6781);
#6783=IFCLOCALPLACEMENT(#6778,#6782);
#6785=IFCDOORTYPE('2z6jjAJEjBVvVYRNKT4TLT',$,'Bedroom1 2F',$,$,(#6786),(#6788,#6796,#6874),$,$,.DOOR.,.SINGLE_SWING_LEFT.,$,$);
#6786=IFCPROPERTYSET('02jyZXPUX78A47M$RmZyAB',$,'BBIM_Door',$,(#6787));
#6787=IFCPROPERTYSINGLEVALUE('Data',$,IFCTEXT('{"door_type": "SINGLE_SWING_LEFT", "overall_height": 2.0, "overall_width": 0.8870692253112793, "lining_properties": {"lining_depth": 0.05000000074505806, "lining_thickness": 0.05000000074505806, "lining_offset": 0.0, "lining_to_panel_offset_x": 0.02500000037252903, "lining_to_panel_offset_y": 0.02500000037252903, "transom_thickness": 0.0, "casing_thickness": 0.07500000298023224, "casing_depth": 0.004999999888241291, "threshold_thickness": 0.02500000037252903, "threshold_depth": 0.10000000149011612, "threshold_offset": 0.0}, "panel_properties": {"panel_depth": 0.03500000014901161, "panel_width_ratio": 1.0}}'),$);
#6788=IFCREPRESENTATIONMAP(#6789,#6960);
#6789=IFCAXIS2PLACEMENT3D(#6790,#6791,#6792);
#6790=IFCCARTESIANPOINT((0.,0.,0.));
#6791=IFCDIRECTION((0.,0.,1.));
#6792=IFCDIRECTION((1.,0.,0.));
#6796=IFCREPRESENTATIONMAP(#6797,#7033);
#6797=IFCAXIS2PLACEMENT3D(#6798,#6799,#6800);
#6798=IFCCARTESIANPOINT((0.,0.,0.));
#6799=IFCDIRECTION((0.,0.,1.));
#6800=IFCDIRECTION((1.,0.,0.));
#6874=IFCREPRESENTATIONMAP(#6875,#7051);
#6875=IFCAXIS2PLACEMENT3D(#6876,#6877,#6878);
#6876=IFCCARTESIANPOINT((0.,0.,0.));
#6877=IFCDIRECTION((0.,0.,1.));
#6878=IFCDIRECTION((1.,0.,0.));
#6893=IFCDOOR('2tofT66eLDkB_iRVUKJP$A',$,'Door',$,$,#7076,#6902,$,2.,0.8870692253112793,$,.SINGLE_SWING_LEFT.,$);
#6894=IFCRELDEFINESBYTYPE('1i1HNwmbvFFg4y1atPN7S1',$,$,$,(#6893),#6785);
#6895=IFCCARTESIANPOINT((0.,0.,0.));
#6896=IFCDIRECTION((1.,0.,0.));
#6897=IFCDIRECTION((0.,1.,0.));
#6898=IFCDIRECTION((0.,0.,1.));
#6899=IFCCARTESIANTRANSFORMATIONOPERATOR3D(#6896,#6897,#6895,1.,#6898);
#6900=IFCMAPPEDITEM(#6788,#6899);
#6901=IFCSHAPEREPRESENTATION(#18,'Profile','MappedRepresentation',(#6900));
#6902=IFCPRODUCTDEFINITIONSHAPE($,$,(#6901,#6909,#6916));
#6903=IFCCARTESIANPOINT((0.,0.,0.));
#6904=IFCDIRECTION((1.,0.,0.));
#6905=IFCDIRECTION((0.,1.,0.));
#6906=IFCDIRECTION((0.,0.,1.));
#6907=IFCCARTESIANTRANSFORMATIONOPERATOR3D(#6904,#6905,#6903,1.,#6906);
#6908=IFCMAPPEDITEM(#6796,#6907);
#6909=IFCSHAPEREPRESENTATION(#11,'Body','MappedRepresentation',(#6908));
#6910=IFCCARTESIANPOINT((0.,0.,0.));
#6911=IFCDIRECTION((1.,0.,0.));
#6912=IFCDIRECTION((0.,1.,0.));
#6913=IFCDIRECTION((0.,0.,1.));
#6914=IFCCARTESIANTRANSFORMATIONOPERATOR3D(#6911,#6912,#6910,1.,#6913);
#6915=IFCMAPPEDITEM(#6874,#6914);
#6916=IFCSHAPEREPRESENTATION(#24,'Body','MappedRepresentation',(#6915));
#6917=IFCOPENINGELEMENT('2NykAUgpL21gLFNoxIu92O',$,'Opening',$,$,#7071,#6945,$,.OPENING.);
#6933=IFCCARTESIANPOINT((0.,0.,0.));
#6934=IFCDIRECTION((1.,0.,0.));
#6935=IFCDIRECTION((0.,0.,1.));
#6936=IFCAXIS2PLACEMENT3D(#6933,#6935,#6934);
#6937=IFCREPRESENTATIONMAP(#6936,#7061);
#6938=IFCCARTESIANPOINT((0.,0.,0.));
#6939=IFCDIRECTION((1.,0.,0.));
#6940=IFCDIRECTION((0.,1.,0.));
#6941=IFCDIRECTION((0.,0.,1.));
#6942=IFCCARTESIANTRANSFORMATIONOPERATOR3D(#6939,#6940,#6938,1.,#6941);
#6943=IFCMAPPEDITEM(#6937,#6942);
#6944=IFCSHAPEREPRESENTATION(#11,'Body','MappedRepresentation',(#6943));
#6945=IFCPRODUCTDEFINITIONSHAPE($,$,(#6944));
#6946=IFCRELVOIDSELEMENT('2_BEKb99D909KAKE2tqYQ_',$,$,$,#5273,#6917);
#6952=IFCRELFILLSELEMENT('2jNNaB4dTDi8Xw3Wz7uHWo',$,$,$,#6917,#6893);
#6958=IFCCARTESIANPOINTLIST3D(((0.,0.,0.),(0.8870692253112793,0.,0.),(0.8870692253112793,0.,2.),(0.,0.,2.)));
#6959=IFCINDEXEDPOLYCURVE(#6958,(IFCLINEINDEX((1,2,3,4,1))),$);
#6960=IFCSHAPEREPRESENTATION(#18,'Profile','Curve3D',(#6959));
#6961=IFCCARTESIANPOINTLIST2D(((0.,0.),(0.,2.),(0.8870692253112793,2.),(0.8870692253112793,0.),(0.86206922493875027,0.),(0.86206922493875027,1.974999999627471),(0.02500000037252903,1.974999999627471),(0.02500000037252903,0.)));
#6962=IFCINDEXEDPOLYCURVE(#6961,(IFCLINEINDEX((1,2,3,4,5,6,7,8,1))),$);
#6963=IFCARBITRARYCLOSEDPROFILEDEF(.AREA.,$,#6962);
#6964=IFCCARTESIANPOINT((0.,0.02500000037252903,0.));
#6965=IFCDIRECTION((0.,-1.,0.));
#6966=IFCDIRECTION((1.,0.,0.));
#6967=IFCAXIS2PLACEMENT3D(#6964,#6965,#6966);
#6968=IFCDIRECTION((0.,0.,-1.));
#6969=IFCEXTRUDEDAREASOLID(#6963,#6967,#6968,0.02500000037252903);
#6970=IFCCARTESIANPOINTLIST2D(((0.,0.),(0.,2.),(0.8870692253112793,2.),(0.8870692253112793,0.),(0.83706922456622124,0.),(0.83706922456622124,1.9499999992549419),(0.05000000074505806,1.9499999992549419),(0.05000000074505806,0.)));
#6971=IFCINDEXEDPOLYCURVE(#6970,(IFCLINEINDEX((1,2,3,4,5,6,7,8,1))),$);
#6972=IFCARBITRARYCLOSEDPROFILEDEF(.AREA.,$,#6971);
#6973=IFCCARTESIANPOINT((0.,0.,0.));
#6974=IFCDIRECTION((0.,-1.,0.));
#6975=IFCDIRECTION((1.,0.,0.));
#6976=IFCAXIS2PLACEMENT3D(#6973,#6974,#6975);
#6977=IFCDIRECTION((0.,0.,-1.));
#6978=IFCEXTRUDEDAREASOLID(#6972,#6976,#6977,0.02500000037252903);
#6979=IFCCARTESIANPOINTLIST2D(((0.,0.),(0.78706922382116318,0.),(0.78706922382116318,0.10000000149011612),(0.,0.10000000149011612)));
#6980=IFCINDEXEDPOLYCURVE(#6979,(IFCLINEINDEX((1,2,3,4,1))),$);
#6981=IFCARBITRARYCLOSEDPROFILEDEF(.AREA.,$,#6980);
#6982=IFCCARTESIANPOINT((0.05000000074505806,0.,0.));
#6983=IFCDIRECTION((0.,0.,1.));
#6984=IFCDIRECTION((1.,0.,0.));
#6985=IFCAXIS2PLACEMENT3D(#6982,#6983,#6984);
#6986=IFCDIRECTION((0.,0.,1.));
#6987=IFCEXTRUDEDAREASOLID(#6981,#6985,#6986,0.02500000037252903);
#6988=IFCCARTESIANPOINTLIST2D(((0.,0.),(0.,2.0250000022351742),(0.93706922978162766,2.0250000022351742),(0.93706922978162766,0.),(0.86206922680139542,0.),(0.86206922680139542,1.9499999992549419),(0.075000002980232239,1.9499999992549419),(0.075000002980232239,0.)));
#6989=IFCINDEXEDPOLYCURVE(#6988,(IFCLINEINDEX((1,2,3,4,5,6,7,8,1))),$);
#6990=IFCARBITRARYCLOSEDPROFILEDEF(.AREA.,$,#6989);
#6991=IFCCARTESIANPOINT((-0.025000002235174179,-0.004999999888241291,0.));
#6992=IFCDIRECTION((0.,-1.,0.));
#6993=IFCDIRECTION((1.,0.,0.));
#6994=IFCAXIS2PLACEMENT3D(#6991,#6992,#6993);
#6995=IFCDIRECTION((0.,0.,-1.));
#6996=IFCEXTRUDEDAREASOLID(#6990,#6994,#6995,0.004999999888241291);
#6997=IFCCARTESIANPOINTLIST2D(((0.,0.),(0.,2.0250000022351742),(0.93706922978162766,2.0250000022351742),(0.93706922978162766,0.),(0.88706922717392445,0.),(0.88706922717392445,1.974999999627471),(0.050000002607703209,1.974999999627471),(0.050000002607703209,0.)));
#6998=IFCINDEXEDPOLYCURVE(#6997,(IFCLINEINDEX((1,2,3,4,5,6,7,8,1))),$);
#6999=IFCARBITRARYCLOSEDPROFILEDEF(.AREA.,$,#6998);
#7000=IFCCARTESIANPOINT((-0.025000002235174179,0.05000000074505806,0.));
#7001=IFCDIRECTION((0.,-1.,0.));
#7002=IFCDIRECTION((1.,0.,0.));
#7003=IFCAXIS2PLACEMENT3D(#7000,#7001,#7002);
#7004=IFCDIRECTION((0.,0.,-1.));
#7005=IFCEXTRUDEDAREASOLID(#6999,#7003,#7004,0.004999999888241291);
#7006=IFCCARTESIANPOINTLIST2D(((0.,0.),(0.83706922456622124,0.),(0.83706922456622124,0.035000000149011612),(0.,0.035000000149011612)));
#7007=IFCINDEXEDPOLYCURVE(#7006,(IFCLINEINDEX((1,2,3,4,1))),$);
#7008=IFCARBITRARYCLOSEDPROFILEDEF(.AREA.,$,#7007);
#7009=IFCCARTESIANPOINT((0.02500000037252903,0.02500000037252903,0.02500000037252903));
#7010=IFCDIRECTION((0.,0.,1.));
#7011=IFCDIRECTION((1.,0.,0.));
#7012=IFCAXIS2PLACEMENT3D(#7009,#7010,#7011);
#7013=IFCDIRECTION((0.,0.,1.));
#7014=IFCEXTRUDEDAREASOLID(#7008,#7012,#7013,1.9499999992549419);
#7015=IFCCARTESIANPOINTLIST2D(((0.,0.),(0.,-0.040000000000000001),(-0.11999999999999988,-0.040000000000000001),(-0.11999999999999988,-0.02),(-0.020000000000000018,-0.02),(-0.020000000000000018,0.)));
#7016=IFCINDEXEDPOLYCURVE(#7015,(IFCLINEINDEX((1,2,3,4,5,6,1))),$);
#7017=IFCARBITRARYCLOSEDPROFILEDEF(.AREA.,$,#7016);
#7018=IFCCARTESIANPOINT((0.81206922493875022,0.02500000037252903,1.015000000372529));
#7019=IFCDIRECTION((0.,0.,1.));
#7020=IFCDIRECTION((1.,0.,0.));
#7021=IFCAXIS2PLACEMENT3D(#7018,#7019,#7020);
#7022=IFCDIRECTION((0.,0.,1.));
#7023=IFCEXTRUDEDAREASOLID(#7017,#7021,#7022,0.02);
#7024=IFCEXTRUDEDAREASOLID(#7025,#7028,#7032,0.02);
#7025=IFCARBITRARYCLOSEDPROFILEDEF(.AREA.,$,#7026);
#7026=IFCINDEXEDPOLYCURVE(#7027,(IFCLINEINDEX((1,2,3,4,5,6,1))),$);
#7027=IFCCARTESIANPOINTLIST2D(((0.,0.),(0.,0.040000000000000008),(-0.11999999999999988,0.040000000000000008),(-0.11999999999999988,0.020000000000000004),(-0.020000000000000018,0.020000000000000004),(-0.020000000000000018,0.)));
#7028=IFCAXIS2PLACEMENT3D(#7029,#7030,#7031);
#7029=IFCCARTESIANPOINT((0.81206922493875022,0.060000000521540642,1.015000000372529));
#7030=IFCDIRECTION((0.,0.,1.));
#7031=IFCDIRECTION((1.,0.,0.));
#7032=IFCDIRECTION((0.,0.,1.));
#7033=IFCSHAPEREPRESENTATION(#11,'Body','SweptSolid',(#6969,#6978,#7014,#7023,#7024,#6987,#6996,#7005));
#7034=IFCSHAPEREPRESENTATION(#11,'Body','SweptSolid',(#6969,#6978,#6987,#6996,#7005));
#7035=IFCSHAPEASPECT((#7034),'Lining',$,.T.,#6902);
#7036=IFCSHAPEREPRESENTATION(#11,'Body','SweptSolid',(#7014,#7023,#7024));
#7037=IFCSHAPEASPECT((#7036),'Framing',$,.T.,#6902);
#7038=IFCCARTESIANPOINTLIST2D(((0.,0.),(0.,0.05000000074505806),(0.02500000037252903,0.05000000074505806),(0.02500000037252903,0.02500000037252903),(0.05000000074505806,0.02500000037252903),(0.05000000074505806,0.)));
#7039=IFCINDEXEDPOLYCURVE(#7038,(IFCLINEINDEX((1,2,3,4,5,6,1))),$);
#7040=IFCINDEXEDPOLYCURVE(#7041,(IFCLINEINDEX((1,2,3,4,5,6,1))),$);
#7041=IFCCARTESIANPOINTLIST2D(((0.8870692253112793,0.),(0.8870692253112793,0.05000000074505806),(0.86206922493875027,0.05000000074505806),(0.86206922493875027,0.02500000037252903),(0.83706922456622124,0.02500000037252903),(0.83706922456622124,0.)));
#7042=IFCDIRECTION((1.,0.));
#7043=IFCCARTESIANPOINT((0.060000000521540642,0.05000000074505806));
#7044=IFCAXIS2PLACEMENT2D(#7043,#7042);
#7045=IFCELLIPSE(#7044,0.80206922441720963,0.83706922456622124);
#7046=IFCCARTESIANPOINT((0.86206922493875027,0.05000000074505806));
#7047=IFCCARTESIANPOINT((0.060000000521540642,0.8870692253112793));
#7048=IFCTRIMMEDCURVE(#7045,(#7046),(#7047),.T.,.CARTESIAN.);
#7049=IFCCARTESIANPOINTLIST2D(((0.02500000037252903,0.05000000074505806),(0.060000000521540642,0.05000000074505806),(0.060000000521540642,0.8870692253112793),(0.02500000037252903,0.8870692253112793)));
#7050=IFCINDEXEDPOLYCURVE(#7049,(IFCLINEINDEX((1,2,3,4,1))),$);
#7051=IFCSHAPEREPRESENTATION(#24,'Body','Curve2D',(#7039,#7040,#7048,#7050));
#7052=IFCCARTESIANPOINTLIST2D(((0.,0.),(0.8870692253112793,0.),(0.8870692253112793,2.),(0.,2.)));
#7053=IFCINDEXEDPOLYCURVE(#7052,(IFCLINEINDEX((1,2,3,4,1))),$);
#7054=IFCARBITRARYCLOSEDPROFILEDEF(.AREA.,$,#7053);
#7055=IFCCARTESIANPOINT((0.,-0.60000002384185791,0.));
#7056=IFCDIRECTION((0.,-1.,0.));
#7057=IFCDIRECTION((1.,0.,0.));
#7058=IFCAXIS2PLACEMENT3D(#7055,#7056,#7057);
#7059=IFCDIRECTION((0.,0.,-1.));
#7060=IFCEXTRUDEDAREASOLID(#7054,#7058,#7059,1.2);
#7061=IFCSHAPEREPRESENTATION(#11,'Body','SweptSolid',(#7060));
#7067=IFCCARTESIANPOINT((0.064351557552821514,0.015000169367227145,0.));
#7068=IFCDIRECTION((0.,0.,1.));
#7069=IFCDIRECTION((0.99999999999997147,-2.384185719961227E-07,0.));
#7070=IFCAXIS2PLACEMENT3D(#7067,#7068,#7069);
#7071=IFCLOCALPLACEMENT(#5284,#7070);
#7072=IFCCARTESIANPOINT((-4.4408920985006262E-16,0.,0.));
#7073=IFCDIRECTION((0.,0.,1.));
#7074=IFCDIRECTION((1.,0.,0.));
#7075=IFCAXIS2PLACEMENT3D(#7072,#7073,#7074);
#7076=IFCLOCALPLACEMENT(#7071,#7075);
#7077=IFCDOORTYPE('3yewovAFz98BLfi5XLjN0T',$,'Bathroom 2F',$,$,(#7078),(#7080,#7088,#7166),$,$,.DOOR.,.SINGLE_SWING_LEFT.,$,$);
#7078=IFCPROPERTYSET('1uOCV6E9LBSQrK1DuqswFY',$,'BBIM_Door',$,(#7079));
#7079=IFCPROPERTYSINGLEVALUE('Data',$,IFCTEXT('{"door_type": "SINGLE_SWING_LEFT", "overall_height": 2.0, "overall_width": 0.7507038712501526, "lining_properties": {"lining_depth": 0.05000000074505806, "lining_thickness": 0.05000000074505806, "lining_offset": 0.0, "lining_to_panel_offset_x": 0.02500000037252903, "lining_to_panel_offset_y": 0.02500000037252903, "transom_thickness": 0.0, "casing_thickness": 0.07500000298023224, "casing_depth": 0.004999999888241291, "threshold_thickness": 0.02500000037252903, "threshold_depth": 0.10000000149011612, "threshold_offset": 0.0}, "panel_properties": {"panel_depth": 0.03500000014901161, "panel_width_ratio": 1.0}}'),$);
#7080=IFCREPRESENTATIONMAP(#7081,#7252);
#7081=IFCAXIS2PLACEMENT3D(#7082,#7083,#7084);
#7082=IFCCARTESIANPOINT((0.,0.,0.));
#7083=IFCDIRECTION((0.,0.,1.));
#7084=IFCDIRECTION((1.,0.,0.));
#7088=IFCREPRESENTATIONMAP(#7089,#7325);
#7089=IFCAXIS2PLACEMENT3D(#7090,#7091,#7092);
#7090=IFCCARTESIANPOINT((0.,0.,0.));
#7091=IFCDIRECTION((0.,0.,1.));
#7092=IFCDIRECTION((1.,0.,0.));
#7166=IFCREPRESENTATIONMAP(#7167,#7343);
#7167=IFCAXIS2PLACEMENT3D(#7168,#7169,#7170);
#7168=IFCCARTESIANPOINT((0.,0.,0.));
#7169=IFCDIRECTION((0.,0.,1.));
#7170=IFCDIRECTION((1.,0.,0.));
#7185=IFCDOOR('0BCudJ281DzQMy0OHSXx3V',$,'Door',$,$,#7368,#7194,$,2.,0.75070387125015259,$,.SINGLE_SWING_LEFT.,$);
#7186=IFCRELDEFINESBYTYPE('3LULREB8X6j8$uzzNKYdRj',$,$,$,(#7185),#7077);
#7187=IFCCARTESIANPOINT((0.,0.,0.));
#7188=IFCDIRECTION((1.,0.,0.));
#7189=IFCDIRECTION((0.,1.,0.));
#7190=IFCDIRECTION((0.,0.,1.));
#7191=IFCCARTESIANTRANSFORMATIONOPERATOR3D(#7188,#7189,#7187,1.,#7190);
#7192=IFCMAPPEDITEM(#7080,#7191);
#7193=IFCSHAPEREPRESENTATION(#18,'Profile','MappedRepresentation',(#7192));
#7194=IFCPRODUCTDEFINITIONSHAPE($,$,(#7193,#7201,#7208));
#7195=IFCCARTESIANPOINT((0.,0.,0.));
#7196=IFCDIRECTION((1.,0.,0.));
#7197=IFCDIRECTION((0.,1.,0.));
#7198=IFCDIRECTION((0.,0.,1.));
#7199=IFCCARTESIANTRANSFORMATIONOPERATOR3D(#7196,#7197,#7195,1.,#7198);
#7200=IFCMAPPEDITEM(#7088,#7199);
#7201=IFCSHAPEREPRESENTATION(#11,'Body','MappedRepresentation',(#7200));
#7202=IFCCARTESIANPOINT((0.,0.,0.));
#7203=IFCDIRECTION((1.,0.,0.));
#7204=IFCDIRECTION((0.,1.,0.));
#7205=IFCDIRECTION((0.,0.,1.));
#7206=IFCCARTESIANTRANSFORMATIONOPERATOR3D(#7203,#7204,#7202,1.,#7205);
#7207=IFCMAPPEDITEM(#7166,#7206);
#7208=IFCSHAPEREPRESENTATION(#24,'Body','MappedRepresentation',(#7207));
#7209=IFCOPENINGELEMENT('3$2FFiyETA4RUgmcks3_IW',$,'Opening',$,$,#7363,#7237,$,.OPENING.);
#7225=IFCCARTESIANPOINT((0.,0.,0.));
#7226=IFCDIRECTION((1.,0.,0.));
#7227=IFCDIRECTION((0.,0.,1.));
#7228=IFCAXIS2PLACEMENT3D(#7225,#7227,#7226);
#7229=IFCREPRESENTATIONMAP(#7228,#7353);
#7230=IFCCARTESIANPOINT((0.,0.,0.));
#7231=IFCDIRECTION((1.,0.,0.));
#7232=IFCDIRECTION((0.,1.,0.));
#7233=IFCDIRECTION((0.,0.,1.));
#7234=IFCCARTESIANTRANSFORMATIONOPERATOR3D(#7231,#7232,#7230,1.,#7233);
#7235=IFCMAPPEDITEM(#7229,#7234);
#7236=IFCSHAPEREPRESENTATION(#11,'Body','MappedRepresentation',(#7235));
#7237=IFCPRODUCTDEFINITIONSHAPE($,$,(#7236));
#7238=IFCRELVOIDSELEMENT('349beaV9bEnhWdV_Lk8dKy',$,$,$,#5511,#7209);
#7244=IFCRELFILLSELEMENT('1oTIbrTAT5LA98DMHjZBZP',$,$,$,#7209,#7185);
#7250=IFCCARTESIANPOINTLIST3D(((0.,0.,0.),(0.75070387125015259,0.,0.),(0.75070387125015259,0.,2.),(0.,0.,2.)));
#7251=IFCINDEXEDPOLYCURVE(#7250,(IFCLINEINDEX((1,2,3,4,1))),$);
#7252=IFCSHAPEREPRESENTATION(#18,'Profile','Curve3D',(#7251));
#7253=IFCCARTESIANPOINTLIST2D(((0.,0.),(0.,2.),(0.75070387125015259,2.),(0.75070387125015259,0.),(0.72570387087762356,0.),(0.72570387087762356,1.974999999627471),(0.02500000037252903,1.974999999627471),(0.02500000037252903,0.)));
#7254=IFCINDEXEDPOLYCURVE(#7253,(IFCLINEINDEX((1,2,3,4,5,6,7,8,1))),$);
#7255=IFCARBITRARYCLOSEDPROFILEDEF(.AREA.,$,#7254);
#7256=IFCCARTESIANPOINT((0.,0.02500000037252903,0.));
#7257=IFCDIRECTION((0.,-1.,0.));
#7258=IFCDIRECTION((1.,0.,0.));
#7259=IFCAXIS2PLACEMENT3D(#7256,#7257,#7258);
#7260=IFCDIRECTION((0.,0.,-1.));
#7261=IFCEXTRUDEDAREASOLID(#7255,#7259,#7260,0.02500000037252903);
#7262=IFCCARTESIANPOINTLIST2D(((0.,0.),(0.,2.),(0.75070387125015259,2.),(0.75070387125015259,0.),(0.70070387050509453,0.),(0.70070387050509453,1.9499999992549419),(0.05000000074505806,1.9499999992549419),(0.05000000074505806,0.)));
#7263=IFCINDEXEDPOLYCURVE(#7262,(IFCLINEINDEX((1,2,3,4,5,6,7,8,1))),$);
#7264=IFCARBITRARYCLOSEDPROFILEDEF(.AREA.,$,#7263);
#7265=IFCCARTESIANPOINT((0.,0.,0.));
#7266=IFCDIRECTION((0.,-1.,0.));
#7267=IFCDIRECTION((1.,0.,0.));
#7268=IFCAXIS2PLACEMENT3D(#7265,#7266,#7267);
#7269=IFCDIRECTION((0.,0.,-1.));
#7270=IFCEXTRUDEDAREASOLID(#7264,#7268,#7269,0.02500000037252903);
#7271=IFCCARTESIANPOINTLIST2D(((0.,0.),(0.65070386976003647,0.),(0.65070386976003647,0.10000000149011612),(0.,0.10000000149011612)));
#7272=IFCINDEXEDPOLYCURVE(#7271,(IFCLINEINDEX((1,2,3,4,1))),$);
#7273=IFCARBITRARYCLOSEDPROFILEDEF(.AREA.,$,#7272);
#7274=IFCCARTESIANPOINT((0.05000000074505806,0.,0.));
#7275=IFCDIRECTION((0.,0.,1.));
#7276=IFCDIRECTION((1.,0.,0.));
#7277=IFCAXIS2PLACEMENT3D(#7274,#7275,#7276);
#7278=IFCDIRECTION((0.,0.,1.));
#7279=IFCEXTRUDEDAREASOLID(#7273,#7277,#7278,0.02500000037252903);
#7280=IFCCARTESIANPOINTLIST2D(((0.,0.),(0.,2.0250000022351742),(0.80070387572050095,2.0250000022351742),(0.80070387572050095,0.),(0.72570387274026871,0.),(0.72570387274026871,1.9499999992549419),(0.075000002980232239,1.9499999992549419),(0.075000002980232239,0.)));
#7281=IFCINDEXEDPOLYCURVE(#7280,(IFCLINEINDEX((1,2,3,4,5,6,7,8,1))),$);
#7282=IFCARBITRARYCLOSEDPROFILEDEF(.AREA.,$,#7281);
#7283=IFCCARTESIANPOINT((-0.025000002235174179,-0.004999999888241291,0.));
#7284=IFCDIRECTION((0.,-1.,0.));
#7285=IFCDIRECTION((1.,0.,0.));
#7286=IFCAXIS2PLACEMENT3D(#7283,#7284,#7285);
#7287=IFCDIRECTION((0.,0.,-1.));
#7288=IFCEXTRUDEDAREASOLID(#7282,#7286,#7287,0.004999999888241291);
#7289=IFCCARTESIANPOINTLIST2D(((0.,0.),(0.,2.0250000022351742),(0.80070387572050095,2.0250000022351742),(0.80070387572050095,0.),(0.75070387311279774,0.),(0.75070387311279774,1.974999999627471),(0.050000002607703209,1.974999999627471),(0.050000002607703209,0.)));
#7290=IFCINDEXEDPOLYCURVE(#7289,(IFCLINEINDEX((1,2,3,4,5,6,7,8,1))),$);
#7291=IFCARBITRARYCLOSEDPROFILEDEF(.AREA.,$,#7290);
#7292=IFCCARTESIANPOINT((-0.025000002235174179,0.05000000074505806,0.));
#7293=IFCDIRECTION((0.,-1.,0.));
#7294=IFCDIRECTION((1.,0.,0.));
#7295=IFCAXIS2PLACEMENT3D(#7292,#7293,#7294);
#7296=IFCDIRECTION((0.,0.,-1.));
#7297=IFCEXTRUDEDAREASOLID(#7291,#7295,#7296,0.004999999888241291);
#7298=IFCCARTESIANPOINTLIST2D(((0.,0.),(0.70070387050509453,0.),(0.70070387050509453,0.035000000149011612),(0.,0.035000000149011612)));
#7299=IFCINDEXEDPOLYCURVE(#7298,(IFCLINEINDEX((1,2,3,4,1))),$);
#7300=IFCARBITRARYCLOSEDPROFILEDEF(.AREA.,$,#7299);
#7301=IFCCARTESIANPOINT((0.02500000037252903,0.02500000037252903,0.02500000037252903));
#7302=IFCDIRECTION((0.,0.,1.));
#7303=IFCDIRECTION((1.,0.,0.));
#7304=IFCAXIS2PLACEMENT3D(#7301,#7302,#7303);
#7305=IFCDIRECTION((0.,0.,1.));
#7306=IFCEXTRUDEDAREASOLID(#7300,#7304,#7305,1.9499999992549419);
#7307=IFCCARTESIANPOINTLIST2D(((0.,0.),(0.,-0.040000000000000001),(-0.11999999999999988,-0.040000000000000001),(-0.11999999999999988,-0.02),(-0.020000000000000018,-0.02),(-0.020000000000000018,0.)));
#7308=IFCINDEXEDPOLYCURVE(#7307,(IFCLINEINDEX((1,2,3,4,5,6,1))),$);
#7309=IFCARBITRARYCLOSEDPROFILEDEF(.AREA.,$,#7308);
#7310=IFCCARTESIANPOINT((0.67570387087762351,0.02500000037252903,1.015000000372529));
#7311=IFCDIRECTION((0.,0.,1.));
#7312=IFCDIRECTION((1.,0.,0.));
#7313=IFCAXIS2PLACEMENT3D(#7310,#7311,#7312);
#7314=IFCDIRECTION((0.,0.,1.));
#7315=IFCEXTRUDEDAREASOLID(#7309,#7313,#7314,0.02);
#7316=IFCEXTRUDEDAREASOLID(#7317,#7320,#7324,0.02);
#7317=IFCARBITRARYCLOSEDPROFILEDEF(.AREA.,$,#7318);
#7318=IFCINDEXEDPOLYCURVE(#7319,(IFCLINEINDEX((1,2,3,4,5,6,1))),$);
#7319=IFCCARTESIANPOINTLIST2D(((0.,0.),(0.,0.040000000000000008),(-0.11999999999999988,0.040000000000000008),(-0.11999999999999988,0.020000000000000004),(-0.020000000000000018,0.020000000000000004),(-0.020000000000000018,0.)));
#7320=IFCAXIS2PLACEMENT3D(#7321,#7322,#7323);
#7321=IFCCARTESIANPOINT((0.67570387087762351,0.060000000521540642,1.015000000372529));
#7322=IFCDIRECTION((0.,0.,1.));
#7323=IFCDIRECTION((1.,0.,0.));
#7324=IFCDIRECTION((0.,0.,1.));
#7325=IFCSHAPEREPRESENTATION(#11,'Body','SweptSolid',(#7261,#7270,#7306,#7315,#7316,#7279,#7288,#7297));
#7326=IFCSHAPEREPRESENTATION(#11,'Body','SweptSolid',(#7261,#7270,#7279,#7288,#7297));
#7327=IFCSHAPEASPECT((#7326),'Lining',$,.T.,#7194);
#7328=IFCSHAPEREPRESENTATION(#11,'Body','SweptSolid',(#7306,#7315,#7316));
#7329=IFCSHAPEASPECT((#7328),'Framing',$,.T.,#7194);
#7330=IFCCARTESIANPOINTLIST2D(((0.,0.),(0.,0.05000000074505806),(0.02500000037252903,0.05000000074505806),(0.02500000037252903,0.02500000037252903),(0.05000000074505806,0.02500000037252903),(0.05000000074505806,0.)));
#7331=IFCINDEXEDPOLYCURVE(#7330,(IFCLINEINDEX((1,2,3,4,5,6,1))),$);
#7332=IFCINDEXEDPOLYCURVE(#7333,(IFCLINEINDEX((1,2,3,4,5,6,1))),$);
#7333=IFCCARTESIANPOINTLIST2D(((0.75070387125015259,0.),(0.75070387125015259,0.05000000074505806),(0.72570387087762356,0.05000000074505806),(0.72570387087762356,0.02500000037252903),(0.70070387050509453,0.02500000037252903),(0.70070387050509453,0.)));
#7334=IFCDIRECTION((1.,0.));
#7335=IFCCARTESIANPOINT((0.060000000521540642,0.05000000074505806));
#7336=IFCAXIS2PLACEMENT2D(#7335,#7334);
#7337=IFCELLIPSE(#7336,0.66570387035608292,0.70070387050509453);
#7338=IFCCARTESIANPOINT((0.72570387087762356,0.05000000074505806));
#7339=IFCCARTESIANPOINT((0.060000000521540642,0.75070387125015259));
#7340=IFCTRIMMEDCURVE(#7337,(#7338),(#7339),.T.,.CARTESIAN.);
#7341=IFCCARTESIANPOINTLIST2D(((0.02500000037252903,0.05000000074505806),(0.060000000521540642,0.05000000074505806),(0.060000000521540642,0.75070387125015259),(0.02500000037252903,0.75070387125015259)));
#7342=IFCINDEXEDPOLYCURVE(#7341,(IFCLINEINDEX((1,2,3,4,1))),$);
#7343=IFCSHAPEREPRESENTATION(#24,'Body','Curve2D',(#7331,#7332,#7340,#7342));
#7344=IFCCARTESIANPOINTLIST2D(((0.,0.),(0.75070387125015259,0.),(0.75070387125015259,2.),(0.,2.)));
#7345=IFCINDEXEDPOLYCURVE(#7344,(IFCLINEINDEX((1,2,3,4,1))),$);
#7346=IFCARBITRARYCLOSEDPROFILEDEF(.AREA.,$,#7345);
#7347=IFCCARTESIANPOINT((0.,-0.60000002384185791,0.));
#7348=IFCDIRECTION((0.,-1.,0.));
#7349=IFCDIRECTION((1.,0.,0.));
#7350=IFCAXIS2PLACEMENT3D(#7347,#7348,#7349);
#7351=IFCDIRECTION((0.,0.,-1.));
#7352=IFCEXTRUDEDAREASOLID(#7346,#7350,#7351,1.2);
#7353=IFCSHAPEREPRESENTATION(#11,'Body','SweptSolid',(#7352));
#7359=IFCCARTESIANPOINT((3.5992691521022637,0.099999481705903115,0.));
#7360=IFCDIRECTION((0.,0.,1.));
#7361=IFCDIRECTION((-0.99999999999984079,5.6425993477644998E-07,0.));
#7362=IFCAXIS2PLACEMENT3D(#7359,#7360,#7361);
#7363=IFCLOCALPLACEMENT(#5572,#7362);
#7364=IFCCARTESIANPOINT((-1.1102230246251565E-16,0.,0.));
#7365=IFCDIRECTION((0.,0.,1.));
#7366=IFCDIRECTION((1.,0.,0.));
#7367=IFCAXIS2PLACEMENT3D(#7364,#7365,#7366);
#7368=IFCLOCALPLACEMENT(#7363,#7367);
#7369=IFCWINDOWTYPE('0hlPHTuHvD8hrzpZB4_JIU',$,'BR2-2F',$,$,(#7370),(#7372,#7380,#7466),$,$,.WINDOW.,.SINGLE_PANEL.,$,$);
#7370=IFCPROPERTYSET('0Z92CzD$90DRmJAN4pyymz',$,'BBIM_Window',$,(#7371));
#7371=IFCPROPERTYSINGLEVALUE('Data',$,IFCTEXT('{"window_type": "DOUBLE_PANEL_VERTICAL", "overall_height": 0.8999999761581421, "overall_width": 1.0128216743469238, "lining_properties": {"lining_depth": 0.05000000074505806, "lining_thickness": 0.05000000074505806, "lining_offset": 0.05000000074505806, "lining_to_panel_offset_x": 0.02500000037252903, "lining_to_panel_offset_y": 0.02500000037252903, "mullion_thickness": 0.05000000074505806, "first_mullion_offset": 0.5253568291664124}, "panel_properties": {"frame_depth": [0.03500000014901161, 0.03500000014901161, 0.03500000014901161], "frame_thickness": [0.03500000014901161, 0.03500000014901161, 0.03500000014901161]}}'),$);
#7372=IFCREPRESENTATIONMAP(#7373,#7666);
#7373=IFCAXIS2PLACEMENT3D(#7374,#7375,#7376);
#7374=IFCCARTESIANPOINT((0.,0.,0.));
#7375=IFCDIRECTION((0.,0.,1.));
#7376=IFCDIRECTION((1.,0.,0.));
#7380=IFCREPRESENTATIONMAP(#7381,#7747);
#7381=IFCAXIS2PLACEMENT3D(#7382,#7383,#7384);
#7382=IFCCARTESIANPOINT((0.,0.,0.));
#7383=IFCDIRECTION((0.,0.,1.));
#7384=IFCDIRECTION((1.,0.,0.));
#7466=IFCREPRESENTATIONMAP(#7467,#7786);
#7467=IFCAXIS2PLACEMENT3D(#7468,#7469,#7470);
#7468=IFCCARTESIANPOINT((0.,0.,0.));
#7469=IFCDIRECTION((0.,0.,1.));
#7470=IFCDIRECTION((1.,0.,0.));
#7569=IFCWINDOW('03GsPqW2b0$8UsuFr8NM7m',$,'Window',$,$,#7811,#7578,$,0.89999997615814209,1.0128216743469238,$,.DOUBLE_PANEL_VERTICAL.,$);
#7570=IFCRELDEFINESBYTYPE('03FhJP5NL2$ODRSzfxw1jy',$,$,$,(#7569),#7369);
#7571=IFCCARTESIANPOINT((0.,0.,0.));
#7572=IFCDIRECTION((1.,0.,0.));
#7573=IFCDIRECTION((0.,1.,0.));
#7574=IFCDIRECTION((0.,0.,1.));
#7575=IFCCARTESIANTRANSFORMATIONOPERATOR3D(#7572,#7573,#7571,1.,#7574);
#7576=IFCMAPPEDITEM(#7372,#7575);
#7577=IFCSHAPEREPRESENTATION(#18,'Profile','MappedRepresentation',(#7576));
#7578=IFCPRODUCTDEFINITIONSHAPE($,$,(#7577,#7585,#7592));
#7579=IFCCARTESIANPOINT((0.,0.,0.));
#7580=IFCDIRECTION((1.,0.,0.));
#7581=IFCDIRECTION((0.,1.,0.));
#7582=IFCDIRECTION((0.,0.,1.));
#7583=IFCCARTESIANTRANSFORMATIONOPERATOR3D(#7580,#7581,#7579,1.,#7582);
#7584=IFCMAPPEDITEM(#7380,#7583);
#7585=IFCSHAPEREPRESENTATION(#11,'Body','MappedRepresentation',(#7584));
#7586=IFCCARTESIANPOINT((0.,0.,0.));
#7587=IFCDIRECTION((1.,0.,0.));
#7588=IFCDIRECTION((0.,1.,0.));
#7589=IFCDIRECTION((0.,0.,1.));
#7590=IFCCARTESIANTRANSFORMATIONOPERATOR3D(#7587,#7588,#7586,1.,#7589);
#7591=IFCMAPPEDITEM(#7466,#7590);
#7592=IFCSHAPEREPRESENTATION(#24,'Body','MappedRepresentation',(#7591));
#7593=IFCOPENINGELEMENT('3Y1Bf9ZHHCwf2C9vpOHtnt',$,'Opening',$,$,#7806,#7621,$,.OPENING.);
#7609=IFCCARTESIANPOINT((0.,0.,0.));
#7610=IFCDIRECTION((1.,0.,0.));
#7611=IFCDIRECTION((0.,0.,1.));
#7612=IFCAXIS2PLACEMENT3D(#7609,#7611,#7610);
#7613=IFCREPRESENTATIONMAP(#7612,#7796);
#7614=IFCCARTESIANPOINT((0.,0.,0.));
#7615=IFCDIRECTION((1.,0.,0.));
#7616=IFCDIRECTION((0.,1.,0.));
#7617=IFCDIRECTION((0.,0.,1.));
#7618=IFCCARTESIANTRANSFORMATIONOPERATOR3D(#7615,#7616,#7614,1.,#7617);
#7619=IFCMAPPEDITEM(#7613,#7618);
#7620=IFCSHAPEREPRESENTATION(#11,'Body','MappedRepresentation',(#7619));
#7621=IFCPRODUCTDEFINITIONSHAPE($,$,(#7620));
#7622=IFCRELVOIDSELEMENT('3qPV0oqNz0$84gvtt2gckV',$,$,$,#4309,#7593);
#7628=IFCRELFILLSELEMENT('2zKb29oSTDVw4muZv371Pi',$,$,$,#7593,#7569);
#7664=IFCCARTESIANPOINTLIST3D(((0.,0.,0.),(1.0128216743469238,0.,0.),(1.0128216743469238,0.,0.89999997615814209),(0.,0.,0.89999997615814209)));
#7665=IFCINDEXEDPOLYCURVE(#7664,(IFCLINEINDEX((1,2,3,4,1))),$);
#7666=IFCSHAPEREPRESENTATION(#18,'Profile','Curve3D',(#7665));
#7667=IFCCARTESIANPOINTLIST2D(((0.52535682916641235,0.),(0.,0.),(0.,0.89999997615814209),(0.52535682916641235,0.89999997615814209),(0.52535682916641235,0.87499997578561306),(0.02500000037252903,0.87499997578561306),(0.02500000037252903,0.02500000037252903),(0.52535682916641235,0.02500000037252903)));
#7668=IFCINDEXEDPOLYCURVE(#7667,(IFCLINEINDEX((1,2,3,4,5,6,7,8,1))),$);
#7669=IFCARBITRARYCLOSEDPROFILEDEF(.AREA.,$,#7668);
#7670=IFCCARTESIANPOINT((0.,0.090000001713633537,0.));
#7671=IFCDIRECTION((0.,-1.,0.));
#7672=IFCDIRECTION((1.,0.,0.));
#7673=IFCAXIS2PLACEMENT3D(#7670,#7671,#7672);
#7674=IFCDIRECTION((0.,0.,-1.));
#7675=IFCEXTRUDEDAREASOLID(#7669,#7673,#7674,0.0099999997764825821);
#7676=IFCCARTESIANPOINTLIST2D(((0.,0.),(0.52535682916641235,0.),(0.52535682916641235,0.89999997615814209),(0.,0.89999997615814209)));
#7677=IFCINDEXEDPOLYCURVE(#7676,(IFCLINEINDEX((1,2,3,4,1))),$);
#7678=IFCCARTESIANPOINTLIST2D(((0.05000000074505806,0.05000000074505806),(0.50035682879388332,0.05000000074505806),(0.50035682879388332,0.84999997541308403),(0.05000000074505806,0.84999997541308403)));
#7679=IFCINDEXEDPOLYCURVE(#7678,(IFCLINEINDEX((1,2,3,4,1))),$);
#7680=IFCARBITRARYPROFILEDEFWITHVOIDS(.AREA.,$,#7677,(#7679));
#7681=IFCCARTESIANPOINT((0.,0.05000000074505806,0.));
#7682=IFCDIRECTION((0.,-1.,0.));
#7683=IFCDIRECTION((1.,0.,0.));
#7684=IFCAXIS2PLACEMENT3D(#7681,#7682,#7683);
#7685=IFCDIRECTION((0.,0.,-1.));
#7686=IFCEXTRUDEDAREASOLID(#7680,#7684,#7685,0.040000000968575478);
#7687=IFCCARTESIANPOINTLIST2D(((0.,0.),(0.50035682879388332,0.),(0.50035682879388332,0.84999997541308403),(0.,0.84999997541308403)));
#7688=IFCINDEXEDPOLYCURVE(#7687,(IFCLINEINDEX((1,2,3,4,1))),$);
#7689=IFCCARTESIANPOINTLIST2D(((0.035000000149011612,0.035000000149011612),(0.46535682864487171,0.035000000149011612),(0.46535682864487171,0.81499997526407242),(0.035000000149011612,0.81499997526407242)));
#7690=IFCINDEXEDPOLYCURVE(#7689,(IFCLINEINDEX((1,2,3,4,1))),$);
#7691=IFCARBITRARYPROFILEDEFWITHVOIDS(.AREA.,$,#7688,(#7690));
#7692=IFCCARTESIANPOINT((0.02500000037252903,0.090000001713633537,0.02500000037252903));
#7693=IFCDIRECTION((0.,-1.,0.));
#7694=IFCDIRECTION((1.,0.,0.));
#7695=IFCAXIS2PLACEMENT3D(#7692,#7693,#7694);
#7696=IFCDIRECTION((0.,0.,-1.));
#7697=IFCEXTRUDEDAREASOLID(#7691,#7695,#7696,0.035000000149011612);
#7698=IFCINDEXEDPOLYCURVE(#7699,(IFCLINEINDEX((1,2,3,4,1))),$);
#7699=IFCCARTESIANPOINTLIST2D(((0.035000000149011612,0.035000000149011612),(0.46535682864487171,0.035000000149011612),(0.46535682864487171,0.81499997526407242),(0.035000000149011612,0.81499997526407242)));
#7700=IFCARBITRARYCLOSEDPROFILEDEF(.AREA.,$,#7698);
#7701=IFCCARTESIANPOINT((0.02500000037252903,0.10250000178813934,0.02500000037252903));
#7702=IFCDIRECTION((0.,-1.,0.));
#7703=IFCDIRECTION((1.,0.,0.));
#7704=IFCAXIS2PLACEMENT3D(#7701,#7702,#7703);
#7705=IFCDIRECTION((0.,0.,-1.));
#7706=IFCEXTRUDEDAREASOLID(#7700,#7704,#7705,0.01);
#7707=IFCCARTESIANPOINTLIST2D(((0.,0.89999997615814209),(0.48746484518051147,0.89999997615814209),(0.48746484518051147,0.),(0.,0.),(0.,0.02500000037252903),(0.46246484480798244,0.02500000037252903),(0.46246484480798244,0.87499997578561306),(0.,0.87499997578561306)));
#7708=IFCINDEXEDPOLYCURVE(#7707,(IFCLINEINDEX((1,2,3,4,5,6,7,8,1))),$);
#7709=IFCARBITRARYCLOSEDPROFILEDEF(.AREA.,$,#7708);
#7710=IFCCARTESIANPOINT((0.52535682916641235,0.090000001713633537,0.));
#7711=IFCDIRECTION((0.,-1.,0.));
#7712=IFCDIRECTION((1.,0.,0.));
#7713=IFCAXIS2PLACEMENT3D(#7710,#7711,#7712);
#7714=IFCDIRECTION((0.,0.,-1.));
#7715=IFCEXTRUDEDAREASOLID(#7709,#7713,#7714,0.0099999997764825821);
#7716=IFCCARTESIANPOINTLIST2D(((0.,0.),(0.48746484518051147,0.),(0.48746484518051147,0.89999997615814209),(0.,0.89999997615814209)));
#7717=IFCINDEXEDPOLYCURVE(#7716,(IFCLINEINDEX((1,2,3,4,1))),$);
#7718=IFCCARTESIANPOINTLIST2D(((0.02500000037252903,0.05000000074505806),(0.43746484443545341,0.05000000074505806),(0.43746484443545341,0.84999997541308403),(0.02500000037252903,0.84999997541308403)));
#7719=IFCINDEXEDPOLYCURVE(#7718,(IFCLINEINDEX((1,2,3,4,1))),$);
#7720=IFCARBITRARYPROFILEDEFWITHVOIDS(.AREA.,$,#7717,(#7719));
#7721=IFCCARTESIANPOINT((0.52535682916641235,0.05000000074505806,0.));
#7722=IFCDIRECTION((0.,-1.,0.));
#7723=IFCDIRECTION((1.,0.,0.));
#7724=IFCAXIS2PLACEMENT3D(#7721,#7722,#7723);
#7725=IFCDIRECTION((0.,0.,-1.));
#7726=IFCEXTRUDEDAREASOLID(#7720,#7724,#7725,0.040000000968575478);
#7727=IFCCARTESIANPOINTLIST2D(((0.,0.),(0.46246484480798244,0.),(0.46246484480798244,0.84999997541308403),(0.,0.84999997541308403)));
#7728=IFCINDEXEDPOLYCURVE(#7727,(IFCLINEINDEX((1,2,3,4,1))),$);
#7729=IFCCARTESIANPOINTLIST2D(((0.035000000149011612,0.035000000149011612),(0.42746484465897083,0.035000000149011612),(0.42746484465897083,0.81499997526407242),(0.035000000149011612,0.81499997526407242)));
#7730=IFCINDEXEDPOLYCURVE(#7729,(IFCLINEINDEX((1,2,3,4,1))),$);
#7731=IFCARBITRARYPROFILEDEFWITHVOIDS(.AREA.,$,#7728,(#7730));
#7732=IFCCARTESIANPOINT((0.52535682916641235,0.090000001713633537,0.02500000037252903));
#7733=IFCDIRECTION((0.,-1.,0.));
#7734=IFCDIRECTION((1.,0.,0.));
#7735=IFCAXIS2PLACEMENT3D(#7732,#7733,#7734);
#7736=IFCDIRECTION((0.,0.,-1.));
#7737=IFCEXTRUDEDAREASOLID(#7731,#7735,#7736,0.035000000149011612);
#7738=IFCINDEXEDPOLYCURVE(#7739,(IFCLINEINDEX((1,2,3,4,1))),$);
#7739=IFCCARTESIANPOINTLIST2D(((0.035000000149011612,0.035000000149011612),(0.42746484465897083,0.035000000149011612),(0.42746484465897083,0.81499997526407242),(0.035000000149011612,0.81499997526407242)));
#7740=IFCARBITRARYCLOSEDPROFILEDEF(.AREA.,$,#7738);
#7741=IFCCARTESIANPOINT((0.52535682916641235,0.10250000178813934,0.02500000037252903));
#7742=IFCDIRECTION((0.,-1.,0.));
#7743=IFCDIRECTION((1.,0.,0.));
#7744=IFCAXIS2PLACEMENT3D(#7741,#7742,#7743);
#7745=IFCDIRECTION((0.,0.,-1.));
#7746=IFCEXTRUDEDAREASOLID(#7740,#7744,#7745,0.01);
#7747=IFCSHAPEREPRESENTATION(#11,'Body','SweptSolid',(#7675,#7686,#7697,#7706,#7715,#7726,#7737,#7746));
#7748=IFCSHAPEREPRESENTATION(#11,'Body','SweptSolid',(#7675,#7686,#7715,#7726));
#7749=IFCSHAPEASPECT((#7748),'Lining',$,.T.,#7578);
#7750=IFCSHAPEREPRESENTATION(#11,'Body','SweptSolid',(#7697,#7737));
#7751=IFCSHAPEASPECT((#7750),'Framing',$,.T.,#7578);
#7752=IFCSHAPEREPRESENTATION(#11,'Body','SweptSolid',(#7706,#7746));
#7753=IFCSHAPEASPECT((#7752),'Glazing',$,.T.,#7578);
#7754=IFCCARTESIANPOINTLIST2D(((0.05000000074505806,0.05000000074505806),(0.50035682879388332,0.05000000074505806)));
#7755=IFCINDEXEDPOLYCURVE(#7754,$,$);
#7756=IFCCARTESIANPOINTLIST2D(((0.,0.10000000149011612),(0.02500000037252903,0.10000000149011612),(0.02500000037252903,0.090000001713633537),(0.05000000074505806,0.090000001713633537),(0.05000000074505806,0.05000000074505806),(0.,0.05000000074505806)));
#7757=IFCINDEXEDPOLYCURVE(#7756,(IFCLINEINDEX((1,2,3,4,5,6,1))),$);
#7758=IFCCARTESIANPOINTLIST2D(((0.52535682916641235,0.10000000149011612),(0.52535682916641235,0.10000000149011612),(0.52535682916641235,0.090000001713633537),(0.50035682879388332,0.090000001713633537),(0.50035682879388332,0.05000000074505806),(0.52535682916641235,0.05000000074505806)));
#7759=IFCINDEXEDPOLYCURVE(#7758,$,$);
#7760=IFCCARTESIANPOINTLIST2D(((0.02500000037252903,0.090000001713633537),(0.060000000521540642,0.090000001713633537),(0.060000000521540642,0.12500000186264515),(0.02500000037252903,0.12500000186264515)));
#7761=IFCINDEXEDPOLYCURVE(#7760,(IFCLINEINDEX((1,2,3,4,1))),$);
#7762=IFCINDEXEDPOLYCURVE(#7763,(IFCLINEINDEX((1,2,3,4,1))),$);
#7763=IFCCARTESIANPOINTLIST2D(((0.52535682916641235,0.090000001713633537),(0.49035682901740074,0.090000001713633537),(0.49035682901740074,0.12500000186264515),(0.52535682916641235,0.12500000186264515)));
#7764=IFCCARTESIANPOINTLIST2D(((0.060000000521540642,0.090000001713633537),(0.49035682901740074,0.090000001713633537)));
#7765=IFCINDEXEDPOLYCURVE(#7764,$,$);
#7766=IFCINDEXEDPOLYCURVE(#7767,$,$);
#7767=IFCCARTESIANPOINTLIST2D(((0.060000000521540642,0.12500000186264515),(0.49035682901740074,0.12500000186264515)));
#7768=IFCINDEXEDPOLYCURVE(#7769,$,$);
#7769=IFCCARTESIANPOINTLIST2D(((0.060000000521540642,0.10750000178813934),(0.49035682901740074,0.10750000178813934)));
#7770=IFCCARTESIANPOINTLIST2D(((0.55035682953894138,0.05000000074505806),(0.96282167360186577,0.05000000074505806)));
#7771=IFCINDEXEDPOLYCURVE(#7770,$,$);
#7772=IFCCARTESIANPOINTLIST2D(((0.52535682916641235,0.10000000149011612),(0.52535682916641235,0.10000000149011612),(0.52535682916641235,0.090000001713633537),(0.55035682953894138,0.090000001713633537),(0.55035682953894138,0.05000000074505806),(0.52535682916641235,0.05000000074505806)));
#7773=IFCINDEXEDPOLYCURVE(#7772,$,$);
#7774=IFCCARTESIANPOINTLIST2D(((1.0128216743469238,0.10000000149011612),(0.9878216739743948,0.10000000149011612),(0.9878216739743948,0.090000001713633537),(0.96282167360186577,0.090000001713633537),(0.96282167360186577,0.05000000074505806),(1.0128216743469238,0.05000000074505806)));
#7775=IFCINDEXEDPOLYCURVE(#7774,(IFCLINEINDEX((1,2,3,4,5,6,1))),$);
#7776=IFCCARTESIANPOINTLIST2D(((0.52535682916641235,0.090000001713633537),(0.56035682931542397,0.090000001713633537),(0.56035682931542397,0.12500000186264515),(0.52535682916641235,0.12500000186264515)));
#7777=IFCINDEXEDPOLYCURVE(#7776,(IFCLINEINDEX((1,2,3,4,1))),$);
#7778=IFCINDEXEDPOLYCURVE(#7779,(IFCLINEINDEX((1,2,3,4,1))),$);
#7779=IFCCARTESIANPOINTLIST2D(((0.9878216739743948,0.090000001713633537),(0.95282167382538319,0.090000001713633537),(0.95282167382538319,0.12500000186264515),(0.9878216739743948,0.12500000186264515)));
#7780=IFCCARTESIANPOINTLIST2D(((0.56035682931542397,0.090000001713633537),(0.95282167382538319,0.090000001713633537)));
#7781=IFCINDEXEDPOLYCURVE(#7780,$,$);
#7782=IFCINDEXEDPOLYCURVE(#7783,$,$);
#7783=IFCCARTESIANPOINTLIST2D(((0.56035682931542397,0.12500000186264515),(0.95282167382538319,0.12500000186264515)));
#7784=IFCINDEXEDPOLYCURVE(#7785,$,$);
#7785=IFCCARTESIANPOINTLIST2D(((0.56035682931542397,0.10750000178813934),(0.95282167382538319,0.10750000178813934)));
#7786=IFCSHAPEREPRESENTATION(#24,'Body','Curve2D',(#7755,#7757,#7759,#7761,#7762,#7765,#7766,#7768,#7771,#7773,#7775,#7777,#7778,#7781,#7782,#7784));
#7787=IFCCARTESIANPOINTLIST2D(((0.,0.),(1.0128216743469238,0.),(1.0128216743469238,0.89999997615814209),(0.,0.89999997615814209)));
#7788=IFCINDEXEDPOLYCURVE(#7787,(IFCLINEINDEX((1,2,3,4,1))),$);
#7789=IFCARBITRARYCLOSEDPROFILEDEF(.AREA.,$,#7788);
#7790=IFCCARTESIANPOINT((0.,-0.60000002384185791,0.));
#7791=IFCDIRECTION((0.,-1.,0.));
#7792=IFCDIRECTION((1.,0.,0.));
#7793=IFCAXIS2PLACEMENT3D(#7790,#7791,#7792);
#7794=IFCDIRECTION((0.,0.,-1.));
#7795=IFCEXTRUDEDAREASOLID(#7789,#7793,#7794,1.2);
#7796=IFCSHAPEREPRESENTATION(#11,'Body','SweptSolid',(#7795));
#7802=IFCCARTESIANPOINT((0.48167934775473054,4.76837158203125E-07,1.));
#7803=IFCDIRECTION((0.,0.,1.));
#7804=IFCDIRECTION((0.99999999999997158,-2.3841857910155572E-07,0.));
#7805=IFCAXIS2PLACEMENT3D(#7802,#7803,#7804);
#7806=IFCLOCALPLACEMENT(#4676,#7805);
#7807=IFCCARTESIANPOINT((-8.8817841970012523E-16,0.,0.));
#7808=IFCDIRECTION((0.,0.,1.));
#7809=IFCDIRECTION((1.,0.,0.));
#7810=IFCAXIS2PLACEMENT3D(#7807,#7808,#7809);
#7811=IFCLOCALPLACEMENT(#7806,#7810);
#7812=IFCWINDOWTYPE('3RcSJBlaDCFf1jLhD83zHf',$,'Master-2F-1',$,$,(#7813),(#7815,#7823,#7871),$,$,.WINDOW.,.SINGLE_PANEL.,$,$);
#7813=IFCPROPERTYSET('1m4RvpyfrAYue$2t2pU1eG',$,'BBIM_Window',$,(#7814));
#7814=IFCPROPERTYSINGLEVALUE('Data',$,IFCTEXT('{"window_type": "SINGLE_PANEL", "overall_height": 0.8999999761581421, "overall_width": 0.7979422807693481, "lining_properties": {"lining_depth": 0.05000000074505806, "lining_thickness": 0.05000000074505806, "lining_offset": 0.05000000074505806, "lining_to_panel_offset_x": 0.02500000037252903, "lining_to_panel_offset_y": 0.02500000037252903}, "panel_properties": {"frame_depth": [0.03500000014901161, 0.03500000014901161, 0.03500000014901161], "frame_thickness": [0.03500000014901161, 0.03500000014901161, 0.03500000014901161]}}'),$);
#7815=IFCREPRESENTATIONMAP(#7816,#8005);
#7816=IFCAXIS2PLACEMENT3D(#7817,#7818,#7819);
#7817=IFCCARTESIANPOINT((0.,0.,0.));
#7818=IFCDIRECTION((0.,0.,1.));
#7819=IFCDIRECTION((1.,0.,0.));
#7823=IFCREPRESENTATIONMAP(#7824,#8048);
#7824=IFCAXIS2PLACEMENT3D(#7825,#7826,#7827);
#7825=IFCCARTESIANPOINT((0.,0.,0.));
#7826=IFCDIRECTION((0.,0.,1.));
#7827=IFCDIRECTION((1.,0.,0.));
#7871=IFCREPRESENTATIONMAP(#7872,#8071);
#7872=IFCAXIS2PLACEMENT3D(#7873,#7874,#7875);
#7873=IFCCARTESIANPOINT((0.,0.,0.));
#7874=IFCDIRECTION((0.,0.,1.));
#7875=IFCDIRECTION((1.,0.,0.));
#7893=IFCWINDOW('1svLJE7vvBP8Y8qclnsCaX',$,'Window',$,$,#8096,#7902,$,0.89999997615814209,0.79794228076934814,$,.SINGLE_PANEL.,$);
#7894=IFCRELDEFINESBYTYPE('3RImREg1f1D8OejdNxsZb9',$,$,$,(#7893),#7812);
#7895=IFCCARTESIANPOINT((0.,0.,0.));
#7896=IFCDIRECTION((1.,0.,0.));
#7897=IFCDIRECTION((0.,1.,0.));
#7898=IFCDIRECTION((0.,0.,1.));
#7899=IFCCARTESIANTRANSFORMATIONOPERATOR3D(#7896,#7897,#7895,1.,#7898);
#7900=IFCMAPPEDITEM(#7815,#7899);
#7901=IFCSHAPEREPRESENTATION(#18,'Profile','MappedRepresentation',(#7900));
#7902=IFCPRODUCTDEFINITIONSHAPE($,$,(#7901,#7909,#7916));
#7903=IFCCARTESIANPOINT((0.,0.,0.));
#7904=IFCDIRECTION((1.,0.,0.));
#7905=IFCDIRECTION((0.,1.,0.));
#7906=IFCDIRECTION((0.,0.,1.));
#7907=IFCCARTESIANTRANSFORMATIONOPERATOR3D(#7904,#7905,#7903,1.,#7906);
#7908=IFCMAPPEDITEM(#7823,#7907);
#7909=IFCSHAPEREPRESENTATION(#11,'Body','MappedRepresentation',(#7908));
#7910=IFCCARTESIANPOINT((0.,0.,0.));
#7911=IFCDIRECTION((1.,0.,0.));
#7912=IFCDIRECTION((0.,1.,0.));
#7913=IFCDIRECTION((0.,0.,1.));
#7914=IFCCARTESIANTRANSFORMATIONOPERATOR3D(#7911,#7912,#7910,1.,#7913);
#7915=IFCMAPPEDITEM(#7871,#7914);
#7916=IFCSHAPEREPRESENTATION(#24,'Body','MappedRepresentation',(#7915));
#7917=IFCOPENINGELEMENT('1xLReUeDj0Sxjf6cMN5ipk',$,'Opening',$,$,#8091,#7945,$,.OPENING.);
#7933=IFCCARTESIANPOINT((0.,0.,0.));
#7934=IFCDIRECTION((1.,0.,0.));
#7935=IFCDIRECTION((0.,0.,1.));
#7936=IFCAXIS2PLACEMENT3D(#7933,#7935,#7934);
#7937=IFCREPRESENTATIONMAP(#7936,#8081);
#7938=IFCCARTESIANPOINT((0.,0.,0.));
#7939=IFCDIRECTION((1.,0.,0.));
#7940=IFCDIRECTION((0.,1.,0.));
#7941=IFCDIRECTION((0.,0.,1.));
#7942=IFCCARTESIANTRANSFORMATIONOPERATOR3D(#7939,#7940,#7938,1.,#7941);
#7943=IFCMAPPEDITEM(#7937,#7942);
#7944=IFCSHAPEREPRESENTATION(#11,'Body','MappedRepresentation',(#7943));
#7945=IFCPRODUCTDEFINITIONSHAPE($,$,(#7944));
#7946=IFCRELVOIDSELEMENT('1JgJZ7TpD3Me_FXJA2tg6x',$,$,$,#4184,#7917);
#7952=IFCRELFILLSELEMENT('03cCcFH993cgTzM7vRmBcm',$,$,$,#7917,#7893);
#8003=IFCCARTESIANPOINTLIST3D(((0.,0.,0.),(0.79794228076934814,0.,0.),(0.79794228076934814,0.,0.89999997615814209),(0.,0.,0.89999997615814209)));
#8004=IFCINDEXEDPOLYCURVE(#8003,(IFCLINEINDEX((1,2,3,4,1))),$);
#8005=IFCSHAPEREPRESENTATION(#18,'Profile','Curve3D',(#8004));
#8006=IFCCARTESIANPOINTLIST2D(((0.,0.),(0.79794228076934814,0.),(0.79794228076934814,0.89999997615814209),(0.,0.89999997615814209)));
#8007=IFCINDEXEDPOLYCURVE(#8006,(IFCLINEINDEX((1,2,3,4,1))),$);
#8008=IFCCARTESIANPOINTLIST2D(((0.02500000037252903,0.02500000037252903),(0.77294228039681911,0.02500000037252903),(0.77294228039681911,0.87499997578561306),(0.02500000037252903,0.87499997578561306)));
#8009=IFCINDEXEDPOLYCURVE(#8008,(IFCLINEINDEX((1,2,3,4,1))),$);
#8010=IFCARBITRARYPROFILEDEFWITHVOIDS(.AREA.,$,#8007,(#8009));
#8011=IFCCARTESIANPOINT((0.,0.090000001713633537,0.));
#8012=IFCDIRECTION((0.,-1.,0.));
#8013=IFCDIRECTION((1.,0.,0.));
#8014=IFCAXIS2PLACEMENT3D(#8011,#8012,#8013);
#8015=IFCDIRECTION((0.,0.,-1.));
#8016=IFCEXTRUDEDAREASOLID(#8010,#8014,#8015,0.0099999997764825821);
#8017=IFCCARTESIANPOINTLIST2D(((0.,0.),(0.79794228076934814,0.),(0.79794228076934814,0.89999997615814209),(0.,0.89999997615814209)));
#8018=IFCINDEXEDPOLYCURVE(#8017,(IFCLINEINDEX((1,2,3,4,1))),$);
#8019=IFCCARTESIANPOINTLIST2D(((0.05000000074505806,0.05000000074505806),(0.74794228002429008,0.05000000074505806),(0.74794228002429008,0.84999997541308403),(0.05000000074505806,0.84999997541308403)));
#8020=IFCINDEXEDPOLYCURVE(#8019,(IFCLINEINDEX((1,2,3,4,1))),$);
#8021=IFCARBITRARYPROFILEDEFWITHVOIDS(.AREA.,$,#8018,(#8020));
#8022=IFCCARTESIANPOINT((0.,0.05000000074505806,0.));
#8023=IFCDIRECTION((0.,-1.,0.));
#8024=IFCDIRECTION((1.,0.,0.));
#8025=IFCAXIS2PLACEMENT3D(#8022,#8023,#8024);
#8026=IFCDIRECTION((0.,0.,-1.));
#8027=IFCEXTRUDEDAREASOLID(#8021,#8025,#8026,0.040000000968575478);
#8028=IFCCARTESIANPOINTLIST2D(((0.,0.),(0.74794228002429008,0.),(0.74794228002429008,0.84999997541308403),(0.,0.84999997541308403)));
#8029=IFCINDEXEDPOLYCURVE(#8028,(IFCLINEINDEX((1,2,3,4,1))),$);
#8030=IFCCARTESIANPOINTLIST2D(((0.035000000149011612,0.035000000149011612),(0.71294227987527847,0.035000000149011612),(0.71294227987527847,0.81499997526407242),(0.035000000149011612,0.81499997526407242)));
#8031=IFCINDEXEDPOLYCURVE(#8030,(IFCLINEINDEX((1,2,3,4,1))),$);
#8032=IFCARBITRARYPROFILEDEFWITHVOIDS(.AREA.,$,#8029,(#8031));
#8033=IFCCARTESIANPOINT((0.02500000037252903,0.090000001713633537,0.02500000037252903));
#8034=IFCDIRECTION((0.,-1.,0.));
#8035=IFCDIRECTION((1.,0.,0.));
#8036=IFCAXIS2PLACEMENT3D(#8033,#8034,#8035);
#8037=IFCDIRECTION((0.,0.,-1.));
#8038=IFCEXTRUDEDAREASOLID(#8032,#8036,#8037,0.035000000149011612);
#8039=IFCINDEXEDPOLYCURVE(#8040,(IFCLINEINDEX((1,2,3,4,1))),$);
#8040=IFCCARTESIANPOINTLIST2D(((0.035000000149011612,0.035000000149011612),(0.71294227987527847,0.035000000149011612),(0.71294227987527847,0.81499997526407242),(0.035000000149011612,0.81499997526407242)));
#8041=IFCARBITRARYCLOSEDPROFILEDEF(.AREA.,$,#8039);
#8042=IFCCARTESIANPOINT((0.02500000037252903,0.10250000178813934,0.02500000037252903));
#8043=IFCDIRECTION((0.,-1.,0.));
#8044=IFCDIRECTION((1.,0.,0.));
#8045=IFCAXIS2PLACEMENT3D(#8042,#8043,#8044);
#8046=IFCDIRECTION((0.,0.,-1.));
#8047=IFCEXTRUDEDAREASOLID(#8041,#8045,#8046,0.01);
#8048=IFCSHAPEREPRESENTATION(#11,'Body','SweptSolid',(#8016,#8027,#8038,#8047));
#8049=IFCSHAPEREPRESENTATION(#11,'Body','SweptSolid',(#8016,#8027));
#8050=IFCSHAPEASPECT((#8049),'Lining',$,.T.,#7902);
#8051=IFCSHAPEREPRESENTATION(#11,'Body','SweptSolid',(#8038));
#8052=IFCSHAPEASPECT((#8051),'Framing',$,.T.,#7902);
#8053=IFCSHAPEREPRESENTATION(#11,'Body','SweptSolid',(#8047));
#8054=IFCSHAPEASPECT((#8053),'Glazing',$,.T.,#7902);
#8055=IFCCARTESIANPOINTLIST2D(((0.05000000074505806,0.05000000074505806),(0.74794228002429008,0.05000000074505806)));
#8056=IFCINDEXEDPOLYCURVE(#8055,$,$);
#8057=IFCCARTESIANPOINTLIST2D(((0.,0.10000000149011612),(0.02500000037252903,0.10000000149011612),(0.02500000037252903,0.090000001713633537),(0.05000000074505806,0.090000001713633537),(0.05000000074505806,0.05000000074505806),(0.,0.05000000074505806)));
#8058=IFCINDEXEDPOLYCURVE(#8057,(IFCLINEINDEX((1,2,3,4,5,6,1))),$);
#8059=IFCCARTESIANPOINTLIST2D(((0.79794228076934814,0.10000000149011612),(0.77294228039681911,0.10000000149011612),(0.77294228039681911,0.090000001713633537),(0.74794228002429008,0.090000001713633537),(0.74794228002429008,0.05000000074505806),(0.79794228076934814,0.05000000074505806)));
#8060=IFCINDEXEDPOLYCURVE(#8059,(IFCLINEINDEX((1,2,3,4,5,6,1))),$);
#8061=IFCCARTESIANPOINTLIST2D(((0.02500000037252903,0.090000001713633537),(0.060000000521540642,0.090000001713633537),(0.060000000521540642,0.12500000186264515),(0.02500000037252903,0.12500000186264515)));
#8062=IFCINDEXEDPOLYCURVE(#8061,(IFCLINEINDEX((1,2,3,4,1))),$);
#8063=IFCINDEXEDPOLYCURVE(#8064,(IFCLINEINDEX((1,2,3,4,1))),$);
#8064=IFCCARTESIANPOINTLIST2D(((0.77294228039681911,0.090000001713633537),(0.7379422802478075,0.090000001713633537),(0.7379422802478075,0.12500000186264515),(0.77294228039681911,0.12500000186264515)));
#8065=IFCCARTESIANPOINTLIST2D(((0.060000000521540642,0.090000001713633537),(0.7379422802478075,0.090000001713633537)));
#8066=IFCINDEXEDPOLYCURVE(#8065,$,$);
#8067=IFCINDEXEDPOLYCURVE(#8068,$,$);
#8068=IFCCARTESIANPOINTLIST2D(((0.060000000521540642,0.12500000186264515),(0.7379422802478075,0.12500000186264515)));
#8069=IFCINDEXEDPOLYCURVE(#8070,$,$);
#8070=IFCCARTESIANPOINTLIST2D(((0.060000000521540642,0.10750000178813934),(0.7379422802478075,0.10750000178813934)));
#8071=IFCSHAPEREPRESENTATION(#24,'Body','Curve2D',(#8056,#8058,#8060,#8062,#8063,#8066,#8067,#8069));
#8072=IFCCARTESIANPOINTLIST2D(((0.,0.),(0.79794228076934814,0.),(0.79794228076934814,0.89999997615814209),(0.,0.89999997615814209)));
#8073=IFCINDEXEDPOLYCURVE(#8072,(IFCLINEINDEX((1,2,3,4,1))),$);
#8074=IFCARBITRARYCLOSEDPROFILEDEF(.AREA.,$,#8073);
#8075=IFCCARTESIANPOINT((0.,-0.60000002384185791,0.));
#8076=IFCDIRECTION((0.,-1.,0.));
#8077=IFCDIRECTION((1.,0.,0.));
#8078=IFCAXIS2PLACEMENT3D(#8075,#8076,#8077);
#8079=IFCDIRECTION((0.,0.,-1.));
#8080=IFCEXTRUDEDAREASOLID(#8074,#8078,#8079,1.2);
#8081=IFCSHAPEREPRESENTATION(#11,'Body','SweptSolid',(#8080));
#8087=IFCCARTESIANPOINT((6.1669601718492633,1.4417561495783104E-06,1.));
#8088=IFCDIRECTION((0.,0.,1.));
#8089=IFCDIRECTION((0.99999999999999289,1.1920928244535129E-07,0.));
#8090=IFCAXIS2PLACEMENT3D(#8087,#8088,#8089);
#8091=IFCLOCALPLACEMENT(#4521,#8090);
#8092=IFCCARTESIANPOINT((0.,0.,0.));
#8093=IFCDIRECTION((0.,0.,1.));
#8094=IFCDIRECTION((1.,0.,0.));
#8095=IFCAXIS2PLACEMENT3D(#8092,#8093,#8094);
#8096=IFCLOCALPLACEMENT(#8091,#8095);
#8125=IFCWINDOWTYPE('1L9Adl_0H55hEosqqw1BN1',$,'Master-2F-2',$,$,(#8126),(#8128,#8136,#8184),$,$,.WINDOW.,.SINGLE_PANEL.,$,$);
#8126=IFCPROPERTYSET('1KMlanwPnAWBkH9rsphVtD',$,'BBIM_Window',$,(#8127));
#8127=IFCPROPERTYSINGLEVALUE('Data',$,IFCTEXT('{"window_type": "SINGLE_PANEL", "overall_height": 0.8999999761581421, "overall_width": 0.7923333644866943, "lining_properties": {"lining_depth": 0.05000000074505806, "lining_thickness": 0.05000000074505806, "lining_offset": 0.05000000074505806, "lining_to_panel_offset_x": 0.02500000037252903, "lining_to_panel_offset_y": 0.02500000037252903}, "panel_properties": {"frame_depth": [0.03500000014901161, 0.03500000014901161, 0.03500000014901161], "frame_thickness": [0.03500000014901161, 0.03500000014901161, 0.03500000014901161]}}'),$);
#8128=IFCREPRESENTATIONMAP(#8129,#8288);
#8129=IFCAXIS2PLACEMENT3D(#8130,#8131,#8132);
#8130=IFCCARTESIANPOINT((0.,0.,0.));
#8131=IFCDIRECTION((0.,0.,1.));
#8132=IFCDIRECTION((1.,0.,0.));
#8136=IFCREPRESENTATIONMAP(#8137,#8331);
#8137=IFCAXIS2PLACEMENT3D(#8138,#8139,#8140);
#8138=IFCCARTESIANPOINT((0.,0.,0.));
#8139=IFCDIRECTION((0.,0.,1.));
#8140=IFCDIRECTION((1.,0.,0.));
#8184=IFCREPRESENTATIONMAP(#8185,#8354);
#8185=IFCAXIS2PLACEMENT3D(#8186,#8187,#8188);
#8186=IFCCARTESIANPOINT((0.,0.,0.));
#8187=IFCDIRECTION((0.,0.,1.));
#8188=IFCDIRECTION((1.,0.,0.));
#8206=IFCWINDOW('2hfdQET3P7PQCvfpUVkhXq',$,'Window',$,$,#8379,#8215,$,0.89999997615814209,0.79233336448669434,$,.SINGLE_PANEL.,$);
#8207=IFCRELDEFINESBYTYPE('2AbibLhzD18fw1oQSLJGIY',$,$,$,(#8206),#8125);
#8208=IFCCARTESIANPOINT((0.,0.,0.));
#8209=IFCDIRECTION((1.,0.,0.));
#8210=IFCDIRECTION((0.,1.,0.));
#8211=IFCDIRECTION((0.,0.,1.));
#8212=IFCCARTESIANTRANSFORMATIONOPERATOR3D(#8209,#8210,#8208,1.,#8211);
#8213=IFCMAPPEDITEM(#8128,#8212);
#8214=IFCSHAPEREPRESENTATION(#18,'Profile','MappedRepresentation',(#8213));
#8215=IFCPRODUCTDEFINITIONSHAPE($,$,(#8214,#8222,#8229));
#8216=IFCCARTESIANPOINT((0.,0.,0.));
#8217=IFCDIRECTION((1.,0.,0.));
#8218=IFCDIRECTION((0.,1.,0.));
#8219=IFCDIRECTION((0.,0.,1.));
#8220=IFCCARTESIANTRANSFORMATIONOPERATOR3D(#8217,#8218,#8216,1.,#8219);
#8221=IFCMAPPEDITEM(#8136,#8220);
#8222=IFCSHAPEREPRESENTATION(#11,'Body','MappedRepresentation',(#8221));
#8223=IFCCARTESIANPOINT((0.,0.,0.));
#8224=IFCDIRECTION((1.,0.,0.));
#8225=IFCDIRECTION((0.,1.,0.));
#8226=IFCDIRECTION((0.,0.,1.));
#8227=IFCCARTESIANTRANSFORMATIONOPERATOR3D(#8224,#8225,#8223,1.,#8226);
#8228=IFCMAPPEDITEM(#8184,#8227);
#8229=IFCSHAPEREPRESENTATION(#24,'Body','MappedRepresentation',(#8228));
#8230=IFCOPENINGELEMENT('3ku89xoaXB0BsPVQkyNcEb',$,'Opening',$,$,#8374,#8258,$,.OPENING.);
#8246=IFCCARTESIANPOINT((0.,0.,0.));
#8247=IFCDIRECTION((1.,0.,0.));
#8248=IFCDIRECTION((0.,0.,1.));
#8249=IFCAXIS2PLACEMENT3D(#8246,#8248,#8247);
#8250=IFCREPRESENTATIONMAP(#8249,#8364);
#8251=IFCCARTESIANPOINT((0.,0.,0.));
#8252=IFCDIRECTION((1.,0.,0.));
#8253=IFCDIRECTION((0.,1.,0.));
#8254=IFCDIRECTION((0.,0.,1.));
#8255=IFCCARTESIANTRANSFORMATIONOPERATOR3D(#8252,#8253,#8251,1.,#8254);
#8256=IFCMAPPEDITEM(#8250,#8255);
#8257=IFCSHAPEREPRESENTATION(#11,'Body','MappedRepresentation',(#8256));
#8258=IFCPRODUCTDEFINITIONSHAPE($,$,(#8257));
#8259=IFCRELVOIDSELEMENT('0n4AJBTsTDFO_Nj4fXjESe',$,$,$,#4184,#8230);
#8265=IFCRELFILLSELEMENT('0Y01tOcYH3PQAvR6WDmVxG',$,$,$,#8230,#8206);
#8286=IFCCARTESIANPOINTLIST3D(((0.,0.,0.),(0.79233336448669434,0.,0.),(0.79233336448669434,0.,0.89999997615814209),(0.,0.,0.89999997615814209)));
#8287=IFCINDEXEDPOLYCURVE(#8286,(IFCLINEINDEX((1,2,3,4,1))),$);
#8288=IFCSHAPEREPRESENTATION(#18,'Profile','Curve3D',(#8287));
#8289=IFCCARTESIANPOINTLIST2D(((0.,0.),(0.79233336448669434,0.),(0.79233336448669434,0.89999997615814209),(0.,0.89999997615814209)));
#8290=IFCINDEXEDPOLYCURVE(#8289,(IFCLINEINDEX((1,2,3,4,1))),$);
#8291=IFCCARTESIANPOINTLIST2D(((0.02500000037252903,0.02500000037252903),(0.76733336411416531,0.02500000037252903),(0.76733336411416531,0.87499997578561306),(0.02500000037252903,0.87499997578561306)));
#8292=IFCINDEXEDPOLYCURVE(#8291,(IFCLINEINDEX((1,2,3,4,1))),$);
#8293=IFCARBITRARYPROFILEDEFWITHVOIDS(.AREA.,$,#8290,(#8292));
#8294=IFCCARTESIANPOINT((0.,0.090000001713633537,0.));
#8295=IFCDIRECTION((0.,-1.,0.));
#8296=IFCDIRECTION((1.,0.,0.));
#8297=IFCAXIS2PLACEMENT3D(#8294,#8295,#8296);
#8298=IFCDIRECTION((0.,0.,-1.));
#8299=IFCEXTRUDEDAREASOLID(#8293,#8297,#8298,0.0099999997764825821);
#8300=IFCCARTESIANPOINTLIST2D(((0.,0.),(0.79233336448669434,0.),(0.79233336448669434,0.89999997615814209),(0.,0.89999997615814209)));
#8301=IFCINDEXEDPOLYCURVE(#8300,(IFCLINEINDEX((1,2,3,4,1))),$);
#8302=IFCCARTESIANPOINTLIST2D(((0.05000000074505806,0.05000000074505806),(0.74233336374163628,0.05000000074505806),(0.74233336374163628,0.84999997541308403),(0.05000000074505806,0.84999997541308403)));
#8303=IFCINDEXEDPOLYCURVE(#8302,(IFCLINEINDEX((1,2,3,4,1))),$);
#8304=IFCARBITRARYPROFILEDEFWITHVOIDS(.AREA.,$,#8301,(#8303));
#8305=IFCCARTESIANPOINT((0.,0.05000000074505806,0.));
#8306=IFCDIRECTION((0.,-1.,0.));
#8307=IFCDIRECTION((1.,0.,0.));
#8308=IFCAXIS2PLACEMENT3D(#8305,#8306,#8307);
#8309=IFCDIRECTION((0.,0.,-1.));
#8310=IFCEXTRUDEDAREASOLID(#8304,#8308,#8309,0.040000000968575478);
#8311=IFCCARTESIANPOINTLIST2D(((0.,0.),(0.74233336374163628,0.),(0.74233336374163628,0.84999997541308403),(0.,0.84999997541308403)));
#8312=IFCINDEXEDPOLYCURVE(#8311,(IFCLINEINDEX((1,2,3,4,1))),$);
#8313=IFCCARTESIANPOINTLIST2D(((0.035000000149011612,0.035000000149011612),(0.70733336359262466,0.035000000149011612),(0.70733336359262466,0.81499997526407242),(0.035000000149011612,0.81499997526407242)));
#8314=IFCINDEXEDPOLYCURVE(#8313,(IFCLINEINDEX((1,2,3,4,1))),$);
#8315=IFCARBITRARYPROFILEDEFWITHVOIDS(.AREA.,$,#8312,(#8314));
#8316=IFCCARTESIANPOINT((0.02500000037252903,0.090000001713633537,0.02500000037252903));
#8317=IFCDIRECTION((0.,-1.,0.));
#8318=IFCDIRECTION((1.,0.,0.));
#8319=IFCAXIS2PLACEMENT3D(#8316,#8317,#8318);
#8320=IFCDIRECTION((0.,0.,-1.));
#8321=IFCEXTRUDEDAREASOLID(#8315,#8319,#8320,0.035000000149011612);
#8322=IFCINDEXEDPOLYCURVE(#8323,(IFCLINEINDEX((1,2,3,4,1))),$);
#8323=IFCCARTESIANPOINTLIST2D(((0.035000000149011612,0.035000000149011612),(0.70733336359262466,0.035000000149011612),(0.70733336359262466,0.81499997526407242),(0.035000000149011612,0.81499997526407242)));
#8324=IFCARBITRARYCLOSEDPROFILEDEF(.AREA.,$,#8322);
#8325=IFCCARTESIANPOINT((0.02500000037252903,0.10250000178813934,0.02500000037252903));
#8326=IFCDIRECTION((0.,-1.,0.));
#8327=IFCDIRECTION((1.,0.,0.));
#8328=IFCAXIS2PLACEMENT3D(#8325,#8326,#8327);
#8329=IFCDIRECTION((0.,0.,-1.));
#8330=IFCEXTRUDEDAREASOLID(#8324,#8328,#8329,0.01);
#8331=IFCSHAPEREPRESENTATION(#11,'Body','SweptSolid',(#8299,#8310,#8321,#8330));
#8332=IFCSHAPEREPRESENTATION(#11,'Body','SweptSolid',(#8299,#8310));
#8333=IFCSHAPEASPECT((#8332),'Lining',$,.T.,#8215);
#8334=IFCSHAPEREPRESENTATION(#11,'Body','SweptSolid',(#8321));
#8335=IFCSHAPEASPECT((#8334),'Framing',$,.T.,#8215);
#8336=IFCSHAPEREPRESENTATION(#11,'Body','SweptSolid',(#8330));
#8337=IFCSHAPEASPECT((#8336),'Glazing',$,.T.,#8215);
#8338=IFCCARTESIANPOINTLIST2D(((0.05000000074505806,0.05000000074505806),(0.74233336374163628,0.05000000074505806)));
#8339=IFCINDEXEDPOLYCURVE(#8338,$,$);
#8340=IFCCARTESIANPOINTLIST2D(((0.,0.10000000149011612),(0.02500000037252903,0.10000000149011612),(0.02500000037252903,0.090000001713633537),(0.05000000074505806,0.090000001713633537),(0.05000000074505806,0.05000000074505806),(0.,0.05000000074505806)));
#8341=IFCINDEXEDPOLYCURVE(#8340,(IFCLINEINDEX((1,2,3,4,5,6,1))),$);
#8342=IFCCARTESIANPOINTLIST2D(((0.79233336448669434,0.10000000149011612),(0.76733336411416531,0.10000000149011612),(0.76733336411416531,0.090000001713633537),(0.74233336374163628,0.090000001713633537),(0.74233336374163628,0.05000000074505806),(0.79233336448669434,0.05000000074505806)));
#8343=IFCINDEXEDPOLYCURVE(#8342,(IFCLINEINDEX((1,2,3,4,5,6,1))),$);
#8344=IFCCARTESIANPOINTLIST2D(((0.02500000037252903,0.090000001713633537),(0.060000000521540642,0.090000001713633537),(0.060000000521540642,0.12500000186264515),(0.02500000037252903,0.12500000186264515)));
#8345=IFCINDEXEDPOLYCURVE(#8344,(IFCLINEINDEX((1,2,3,4,1))),$);
#8346=IFCINDEXEDPOLYCURVE(#8347,(IFCLINEINDEX((1,2,3,4,1))),$);
#8347=IFCCARTESIANPOINTLIST2D(((0.76733336411416531,0.090000001713633537),(0.73233336396515369,0.090000001713633537),(0.73233336396515369,0.12500000186264515),(0.76733336411416531,0.12500000186264515)));
#8348=IFCCARTESIANPOINTLIST2D(((0.060000000521540642,0.090000001713633537),(0.73233336396515369,0.090000001713633537)));
#8349=IFCINDEXEDPOLYCURVE(#8348,$,$);
#8350=IFCINDEXEDPOLYCURVE(#8351,$,$);
#8351=IFCCARTESIANPOINTLIST2D(((0.060000000521540642,0.12500000186264515),(0.73233336396515369,0.12500000186264515)));
#8352=IFCINDEXEDPOLYCURVE(#8353,$,$);
#8353=IFCCARTESIANPOINTLIST2D(((0.060000000521540642,0.10750000178813934),(0.73233336396515369,0.10750000178813934)));
#8354=IFCSHAPEREPRESENTATION(#24,'Body','Curve2D',(#8339,#8341,#8343,#8345,#8346,#8349,#8350,#8352));
#8355=IFCCARTESIANPOINTLIST2D(((0.,0.),(0.79233336448669434,0.),(0.79233336448669434,0.89999997615814209),(0.,0.89999997615814209)));
#8356=IFCINDEXEDPOLYCURVE(#8355,(IFCLINEINDEX((1,2,3,4,1))),$);
#8357=IFCARBITRARYCLOSEDPROFILEDEF(.AREA.,$,#8356);
#8358=IFCCARTESIANPOINT((0.,-0.60000002384185791,0.));
#8359=IFCDIRECTION((0.,-1.,0.));
#8360=IFCDIRECTION((1.,0.,0.));
#8361=IFCAXIS2PLACEMENT3D(#8358,#8359,#8360);
#8362=IFCDIRECTION((0.,0.,-1.));
#8363=IFCEXTRUDEDAREASOLID(#8357,#8361,#8362,1.2);
#8364=IFCSHAPEREPRESENTATION(#11,'Body','SweptSolid',(#8363));
#8370=IFCCARTESIANPOINT((3.6128898183412028,6.8090878446724901E-07,1.));
#8371=IFCDIRECTION((0.,0.,1.));
#8372=IFCDIRECTION((0.99999999999999289,1.1920928244535129E-07,0.));
#8373=IFCAXIS2PLACEMENT3D(#8370,#8371,#8372);
#8374=IFCLOCALPLACEMENT(#4521,#8373);
#8375=IFCCARTESIANPOINT((4.4408920985006262E-16,0.,0.));
#8376=IFCDIRECTION((0.,0.,1.));
#8377=IFCDIRECTION((1.,0.,0.));
#8378=IFCAXIS2PLACEMENT3D(#8375,#8376,#8377);
#8379=IFCLOCALPLACEMENT(#8374,#8378);
#8380=IFCWINDOWTYPE('1eSHHLfjr9NhGZbs3l$q_H',$,'BR1-2F-1',$,$,(#8381),(#8383,#8391,#8439),$,$,.WINDOW.,.SINGLE_PANEL.,$,$);
#8381=IFCPROPERTYSET('2zDd_1phD4PuJ3W4Hms62Y',$,'BBIM_Window',$,(#8382));
#8382=IFCPROPERTYSINGLEVALUE('Data',$,IFCTEXT('{"window_type": "SINGLE_PANEL", "overall_height": 0.8999999761581421, "overall_width": 0.7923333644866943, "lining_properties": {"lining_depth": 0.05000000074505806, "lining_thickness": 0.05000000074505806, "lining_offset": 0.05000000074505806, "lining_to_panel_offset_x": 0.02500000037252903, "lining_to_panel_offset_y": 0.02500000037252903}, "panel_properties": {"frame_depth": [0.03500000014901161, 0.03500000014901161, 0.03500000014901161], "frame_thickness": [0.03500000014901161, 0.03500000014901161, 0.03500000014901161]}}'),$);
#8383=IFCREPRESENTATIONMAP(#8384,#8543);
#8384=IFCAXIS2PLACEMENT3D(#8385,#8386,#8387);
#8385=IFCCARTESIANPOINT((0.,0.,0.));
#8386=IFCDIRECTION((0.,0.,1.));
#8387=IFCDIRECTION((1.,0.,0.));
#8391=IFCREPRESENTATIONMAP(#8392,#8586);
#8392=IFCAXIS2PLACEMENT3D(#8393,#8394,#8395);
#8393=IFCCARTESIANPOINT((0.,0.,0.));
#8394=IFCDIRECTION((0.,0.,1.));
#8395=IFCDIRECTION((1.,0.,0.));
#8439=IFCREPRESENTATIONMAP(#8440,#8609);
#8440=IFCAXIS2PLACEMENT3D(#8441,#8442,#8443);
#8441=IFCCARTESIANPOINT((0.,0.,0.));
#8442=IFCDIRECTION((0.,0.,1.));
#8443=IFCDIRECTION((1.,0.,0.));
#8461=IFCWINDOW('3yJ4LWknD6ywRrwPiT$Lbi',$,'Window',$,$,#8634,#8470,$,0.89999997615814209,0.79233336448669434,$,.SINGLE_PANEL.,$);
#8462=IFCRELDEFINESBYTYPE('1M6Ssol790ywrzVG3b0aTP',$,$,$,(#8461),#8380);
#8463=IFCCARTESIANPOINT((0.,0.,0.));
#8464=IFCDIRECTION((1.,0.,0.));
#8465=IFCDIRECTION((0.,1.,0.));
#8466=IFCDIRECTION((0.,0.,1.));
#8467=IFCCARTESIANTRANSFORMATIONOPERATOR3D(#8464,#8465,#8463,1.,#8466);
#8468=IFCMAPPEDITEM(#8383,#8467);
#8469=IFCSHAPEREPRESENTATION(#18,'Profile','MappedRepresentation',(#8468));
#8470=IFCPRODUCTDEFINITIONSHAPE($,$,(#8469,#8477,#8484));
#8471=IFCCARTESIANPOINT((0.,0.,0.));
#8472=IFCDIRECTION((1.,0.,0.));
#8473=IFCDIRECTION((0.,1.,0.));
#8474=IFCDIRECTION((0.,0.,1.));
#8475=IFCCARTESIANTRANSFORMATIONOPERATOR3D(#8472,#8473,#8471,1.,#8474);
#8476=IFCMAPPEDITEM(#8391,#8475);
#8477=IFCSHAPEREPRESENTATION(#11,'Body','MappedRepresentation',(#8476));
#8478=IFCCARTESIANPOINT((0.,0.,0.));
#8479=IFCDIRECTION((1.,0.,0.));
#8480=IFCDIRECTION((0.,1.,0.));
#8481=IFCDIRECTION((0.,0.,1.));
#8482=IFCCARTESIANTRANSFORMATIONOPERATOR3D(#8479,#8480,#8478,1.,#8481);
#8483=IFCMAPPEDITEM(#8439,#8482);
#8484=IFCSHAPEREPRESENTATION(#24,'Body','MappedRepresentation',(#8483));
#8485=IFCOPENINGELEMENT('30EYl$Otv0UQwBzONzWmAg',$,'Opening',$,$,#8629,#8513,$,.OPENING.);
#8501=IFCCARTESIANPOINT((0.,0.,0.));
#8502=IFCDIRECTION((1.,0.,0.));
#8503=IFCDIRECTION((0.,0.,1.));
#8504=IFCAXIS2PLACEMENT3D(#8501,#8503,#8502);
#8505=IFCREPRESENTATIONMAP(#8504,#8619);
#8506=IFCCARTESIANPOINT((0.,0.,0.));
#8507=IFCDIRECTION((1.,0.,0.));
#8508=IFCDIRECTION((0.,1.,0.));
#8509=IFCDIRECTION((0.,0.,1.));
#8510=IFCCARTESIANTRANSFORMATIONOPERATOR3D(#8507,#8508,#8506,1.,#8509);
#8511=IFCMAPPEDITEM(#8505,#8510);
#8512=IFCSHAPEREPRESENTATION(#11,'Body','MappedRepresentation',(#8511));
#8513=IFCPRODUCTDEFINITIONSHAPE($,$,(#8512));
#8514=IFCRELVOIDSELEMENT('1uhelu6JTAXes_K1x3nkrX',$,$,$,#4184,#8485);
#8520=IFCRELFILLSELEMENT('3lNsl8aUr5oOHBt3Wgf8NR',$,$,$,#8485,#8461);
#8541=IFCCARTESIANPOINTLIST3D(((0.,0.,0.),(0.79233336448669434,0.,0.),(0.79233336448669434,0.,0.89999997615814209),(0.,0.,0.89999997615814209)));
#8542=IFCINDEXEDPOLYCURVE(#8541,(IFCLINEINDEX((1,2,3,4,1))),$);
#8543=IFCSHAPEREPRESENTATION(#18,'Profile','Curve3D',(#8542));
#8544=IFCCARTESIANPOINTLIST2D(((0.,0.),(0.79233336448669434,0.),(0.79233336448669434,0.89999997615814209),(0.,0.89999997615814209)));
#8545=IFCINDEXEDPOLYCURVE(#8544,(IFCLINEINDEX((1,2,3,4,1))),$);
#8546=IFCCARTESIANPOINTLIST2D(((0.02500000037252903,0.02500000037252903),(0.76733336411416531,0.02500000037252903),(0.76733336411416531,0.87499997578561306),(0.02500000037252903,0.87499997578561306)));
#8547=IFCINDEXEDPOLYCURVE(#8546,(IFCLINEINDEX((1,2,3,4,1))),$);
#8548=IFCARBITRARYPROFILEDEFWITHVOIDS(.AREA.,$,#8545,(#8547));
#8549=IFCCARTESIANPOINT((0.,0.090000001713633537,0.));
#8550=IFCDIRECTION((0.,-1.,0.));
#8551=IFCDIRECTION((1.,0.,0.));
#8552=IFCAXIS2PLACEMENT3D(#8549,#8550,#8551);
#8553=IFCDIRECTION((0.,0.,-1.));
#8554=IFCEXTRUDEDAREASOLID(#8548,#8552,#8553,0.0099999997764825821);
#8555=IFCCARTESIANPOINTLIST2D(((0.,0.),(0.79233336448669434,0.),(0.79233336448669434,0.89999997615814209),(0.,0.89999997615814209)));
#8556=IFCINDEXEDPOLYCURVE(#8555,(IFCLINEINDEX((1,2,3,4,1))),$);
#8557=IFCCARTESIANPOINTLIST2D(((0.05000000074505806,0.05000000074505806),(0.74233336374163628,0.05000000074505806),(0.74233336374163628,0.84999997541308403),(0.05000000074505806,0.84999997541308403)));
#8558=IFCINDEXEDPOLYCURVE(#8557,(IFCLINEINDEX((1,2,3,4,1))),$);
#8559=IFCARBITRARYPROFILEDEFWITHVOIDS(.AREA.,$,#8556,(#8558));
#8560=IFCCARTESIANPOINT((0.,0.05000000074505806,0.));
#8561=IFCDIRECTION((0.,-1.,0.));
#8562=IFCDIRECTION((1.,0.,0.));
#8563=IFCAXIS2PLACEMENT3D(#8560,#8561,#8562);
#8564=IFCDIRECTION((0.,0.,-1.));
#8565=IFCEXTRUDEDAREASOLID(#8559,#8563,#8564,0.040000000968575478);
#8566=IFCCARTESIANPOINTLIST2D(((0.,0.),(0.74233336374163628,0.),(0.74233336374163628,0.84999997541308403),(0.,0.84999997541308403)));
#8567=IFCINDEXEDPOLYCURVE(#8566,(IFCLINEINDEX((1,2,3,4,1))),$);
#8568=IFCCARTESIANPOINTLIST2D(((0.035000000149011612,0.035000000149011612),(0.70733336359262466,0.035000000149011612),(0.70733336359262466,0.81499997526407242),(0.035000000149011612,0.81499997526407242)));
#8569=IFCINDEXEDPOLYCURVE(#8568,(IFCLINEINDEX((1,2,3,4,1))),$);
#8570=IFCARBITRARYPROFILEDEFWITHVOIDS(.AREA.,$,#8567,(#8569));
#8571=IFCCARTESIANPOINT((0.02500000037252903,0.090000001713633537,0.02500000037252903));
#8572=IFCDIRECTION((0.,-1.,0.));
#8573=IFCDIRECTION((1.,0.,0.));
#8574=IFCAXIS2PLACEMENT3D(#8571,#8572,#8573);
#8575=IFCDIRECTION((0.,0.,-1.));
#8576=IFCEXTRUDEDAREASOLID(#8570,#8574,#8575,0.035000000149011612);
#8577=IFCINDEXEDPOLYCURVE(#8578,(IFCLINEINDEX((1,2,3,4,1))),$);
#8578=IFCCARTESIANPOINTLIST2D(((0.035000000149011612,0.035000000149011612),(0.70733336359262466,0.035000000149011612),(0.70733336359262466,0.81499997526407242),(0.035000000149011612,0.81499997526407242)));
#8579=IFCARBITRARYCLOSEDPROFILEDEF(.AREA.,$,#8577);
#8580=IFCCARTESIANPOINT((0.02500000037252903,0.10250000178813934,0.02500000037252903));
#8581=IFCDIRECTION((0.,-1.,0.));
#8582=IFCDIRECTION((1.,0.,0.));
#8583=IFCAXIS2PLACEMENT3D(#8580,#8581,#8582);
#8584=IFCDIRECTION((0.,0.,-1.));
#8585=IFCEXTRUDEDAREASOLID(#8579,#8583,#8584,0.01);
#8586=IFCSHAPEREPRESENTATION(#11,'Body','SweptSolid',(#8554,#8565,#8576,#8585));
#8587=IFCSHAPEREPRESENTATION(#11,'Body','SweptSolid',(#8554,#8565));
#8588=IFCSHAPEASPECT((#8587),'Lining',$,.T.,#8470);
#8589=IFCSHAPEREPRESENTATION(#11,'Body','SweptSolid',(#8576));
#8590=IFCSHAPEASPECT((#8589),'Framing',$,.T.,#8470);
#8591=IFCSHAPEREPRESENTATION(#11,'Body','SweptSolid',(#8585));
#8592=IFCSHAPEASPECT((#8591),'Glazing',$,.T.,#8470);
#8593=IFCCARTESIANPOINTLIST2D(((0.05000000074505806,0.05000000074505806),(0.74233336374163628,0.05000000074505806)));
#8594=IFCINDEXEDPOLYCURVE(#8593,$,$);
#8595=IFCCARTESIANPOINTLIST2D(((0.,0.10000000149011612),(0.02500000037252903,0.10000000149011612),(0.02500000037252903,0.090000001713633537),(0.05000000074505806,0.090000001713633537),(0.05000000074505806,0.05000000074505806),(0.,0.05000000074505806)));
#8596=IFCINDEXEDPOLYCURVE(#8595,(IFCLINEINDEX((1,2,3,4,5,6,1))),$);
#8597=IFCCARTESIANPOINTLIST2D(((0.79233336448669434,0.10000000149011612),(0.76733336411416531,0.10000000149011612),(0.76733336411416531,0.090000001713633537),(0.74233336374163628,0.090000001713633537),(0.74233336374163628,0.05000000074505806),(0.79233336448669434,0.05000000074505806)));
#8598=IFCINDEXEDPOLYCURVE(#8597,(IFCLINEINDEX((1,2,3,4,5,6,1))),$);
#8599=IFCCARTESIANPOINTLIST2D(((0.02500000037252903,0.090000001713633537),(0.060000000521540642,0.090000001713633537),(0.060000000521540642,0.12500000186264515),(0.02500000037252903,0.12500000186264515)));
#8600=IFCINDEXEDPOLYCURVE(#8599,(IFCLINEINDEX((1,2,3,4,1))),$);
#8601=IFCINDEXEDPOLYCURVE(#8602,(IFCLINEINDEX((1,2,3,4,1))),$);
#8602=IFCCARTESIANPOINTLIST2D(((0.76733336411416531,0.090000001713633537),(0.73233336396515369,0.090000001713633537),(0.73233336396515369,0.12500000186264515),(0.76733336411416531,0.12500000186264515)));
#8603=IFCCARTESIANPOINTLIST2D(((0.060000000521540642,0.090000001713633537),(0.73233336396515369,0.090000001713633537)));
#8604=IFCINDEXEDPOLYCURVE(#8603,$,$);
#8605=IFCINDEXEDPOLYCURVE(#8606,$,$);
#8606=IFCCARTESIANPOINTLIST2D(((0.060000000521540642,0.12500000186264515),(0.73233336396515369,0.12500000186264515)));
#8607=IFCINDEXEDPOLYCURVE(#8608,$,$);
#8608=IFCCARTESIANPOINTLIST2D(((0.060000000521540642,0.10750000178813934),(0.73233336396515369,0.10750000178813934)));
#8609=IFCSHAPEREPRESENTATION(#24,'Body','Curve2D',(#8594,#8596,#8598,#8600,#8601,#8604,#8605,#8607));
#8610=IFCCARTESIANPOINTLIST2D(((0.,0.),(0.79233336448669434,0.),(0.79233336448669434,0.89999997615814209),(0.,0.89999997615814209)));
#8611=IFCINDEXEDPOLYCURVE(#8610,(IFCLINEINDEX((1,2,3,4,1))),$);
#8612=IFCARBITRARYCLOSEDPROFILEDEF(.AREA.,$,#8611);
#8613=IFCCARTESIANPOINT((0.,-0.60000002384185791,0.));
#8614=IFCDIRECTION((0.,-1.,0.));
#8615=IFCDIRECTION((1.,0.,0.));
#8616=IFCAXIS2PLACEMENT3D(#8613,#8614,#8615);
#8617=IFCDIRECTION((0.,0.,-1.));
#8618=IFCEXTRUDEDAREASOLID(#8612,#8616,#8617,1.2);
#8619=IFCSHAPEREPRESENTATION(#11,'Body','SweptSolid',(#8618));
#8625=IFCCARTESIANPOINT((1.5821470538682112,3.5738844328392361E-07,1.));
#8626=IFCDIRECTION((0.,0.,1.));
#8627=IFCDIRECTION((0.99999999999999289,1.1920928244535129E-07,0.));
#8628=IFCAXIS2PLACEMENT3D(#8625,#8626,#8627);
#8629=IFCLOCALPLACEMENT(#4521,#8628);
#8630=IFCCARTESIANPOINT((4.4408920985006262E-16,0.,0.));
#8631=IFCDIRECTION((0.,0.,1.));
#8632=IFCDIRECTION((1.,0.,0.));
#8633=IFCAXIS2PLACEMENT3D(#8630,#8631,#8632);
#8634=IFCLOCALPLACEMENT(#8629,#8633);
#8635=IFCWINDOWTYPE('0iPKNcDZn7NOdVI9CWn7y3',$,'BR1-2F-2',$,$,(#8636),(#8638,#8646,#8732),$,$,.WINDOW.,.SINGLE_PANEL.,$,$);
#8636=IFCPROPERTYSET('00Sh5Qu8jBoxyMOoYgZEG$',$,'BBIM_Window',$,(#8637));
#8637=IFCPROPERTYSINGLEVALUE('Data',$,IFCTEXT('{"window_type": "DOUBLE_PANEL_VERTICAL", "overall_height": 0.8999999761581421, "overall_width": 1.2093137502670288, "lining_properties": {"lining_depth": 0.05000000074505806, "lining_thickness": 0.05000000074505806, "lining_offset": 0.05000000074505806, "lining_to_panel_offset_x": 0.02500000037252903, "lining_to_panel_offset_y": 0.02500000037252903, "mullion_thickness": 0.05000000074505806, "first_mullion_offset": 0.6234245300292969}, "panel_properties": {"frame_depth": [0.03500000014901161, 0.03500000014901161, 0.03500000014901161], "frame_thickness": [0.03500000014901161, 0.03500000014901161, 0.03500000014901161]}}'),$);
#8638=IFCREPRESENTATIONMAP(#8639,#9000);
#8639=IFCAXIS2PLACEMENT3D(#8640,#8641,#8642);
#8640=IFCCARTESIANPOINT((0.,0.,0.));
#8641=IFCDIRECTION((0.,0.,1.));
#8642=IFCDIRECTION((1.,0.,0.));
#8646=IFCREPRESENTATIONMAP(#8647,#9081);
#8647=IFCAXIS2PLACEMENT3D(#8648,#8649,#8650);
#8648=IFCCARTESIANPOINT((0.,0.,0.));
#8649=IFCDIRECTION((0.,0.,1.));
#8650=IFCDIRECTION((1.,0.,0.));
#8732=IFCREPRESENTATIONMAP(#8733,#9114);
#8733=IFCAXIS2PLACEMENT3D(#8734,#8735,#8736);
#8734=IFCCARTESIANPOINT((0.,0.,0.));
#8735=IFCDIRECTION((0.,0.,1.));
#8736=IFCDIRECTION((1.,0.,0.));
#8770=IFCWINDOW('2R6JUuU4jA2gDH0kaWVCO$',$,'Window',$,$,#9139,#8779,$,0.89999997615814209,1.2093137502670288,$,.DOUBLE_PANEL_VERTICAL.,$);
#8771=IFCRELDEFINESBYTYPE('1nEFnoTarE4vnPhZ5ajQVz',$,$,$,(#8770),#8635);
#8772=IFCCARTESIANPOINT((0.,0.,0.));
#8773=IFCDIRECTION((1.,0.,0.));
#8774=IFCDIRECTION((0.,1.,0.));
#8775=IFCDIRECTION((0.,0.,1.));
#8776=IFCCARTESIANTRANSFORMATIONOPERATOR3D(#8773,#8774,#8772,1.,#8775);
#8777=IFCMAPPEDITEM(#8638,#8776);
#8778=IFCSHAPEREPRESENTATION(#18,'Profile','MappedRepresentation',(#8777));
#8779=IFCPRODUCTDEFINITIONSHAPE($,$,(#8778,#8786,#8793));
#8780=IFCCARTESIANPOINT((0.,0.,0.));
#8781=IFCDIRECTION((1.,0.,0.));
#8782=IFCDIRECTION((0.,1.,0.));
#8783=IFCDIRECTION((0.,0.,1.));
#8784=IFCCARTESIANTRANSFORMATIONOPERATOR3D(#8781,#8782,#8780,1.,#8783);
#8785=IFCMAPPEDITEM(#8646,#8784);
#8786=IFCSHAPEREPRESENTATION(#11,'Body','MappedRepresentation',(#8785));
#8787=IFCCARTESIANPOINT((0.,0.,0.));
#8788=IFCDIRECTION((1.,0.,0.));
#8789=IFCDIRECTION((0.,1.,0.));
#8790=IFCDIRECTION((0.,0.,1.));
#8791=IFCCARTESIANTRANSFORMATIONOPERATOR3D(#8788,#8789,#8787,1.,#8790);
#8792=IFCMAPPEDITEM(#8732,#8791);
#8793=IFCSHAPEREPRESENTATION(#24,'Body','MappedRepresentation',(#8792));
#8794=IFCOPENINGELEMENT('2c$XKrWnb7iPW4xR1Nhkuy',$,'Opening',$,$,#9134,#8822,$,.OPENING.);
#8810=IFCCARTESIANPOINT((0.,0.,0.));
#8811=IFCDIRECTION((1.,0.,0.));
#8812=IFCDIRECTION((0.,0.,1.));
#8813=IFCAXIS2PLACEMENT3D(#8810,#8812,#8811);
#8814=IFCREPRESENTATIONMAP(#8813,#9124);
#8815=IFCCARTESIANPOINT((0.,0.,0.));
#8816=IFCDIRECTION((1.,0.,0.));
#8817=IFCDIRECTION((0.,1.,0.));
#8818=IFCDIRECTION((0.,0.,1.));
#8819=IFCCARTESIANTRANSFORMATIONOPERATOR3D(#8816,#8817,#8815,1.,#8818);
#8820=IFCMAPPEDITEM(#8814,#8819);
#8821=IFCSHAPEREPRESENTATION(#11,'Body','MappedRepresentation',(#8820));
#8822=IFCPRODUCTDEFINITIONSHAPE($,$,(#8821));
#8823=IFCRELVOIDSELEMENT('1Z$lCO2LnAFAZ_$hv4PMJO',$,$,$,#4159,#8794);
#8829=IFCRELFILLSELEMENT('2s$cviMY5AqP6QDa5V6Xap',$,$,$,#8794,#8770);
#8853=IFCCARTESIANPOINTLIST2D(((0.53929144144058228,0.),(0.,0.),(0.,0.89999997615814209),(0.53929144144058228,0.89999997615814209),(0.53929144144058228,0.87499997578561306),(0.02500000037252903,0.87499997578561306),(0.02500000037252903,0.02500000037252903),(0.53929144144058228,0.02500000037252903)));
#8854=IFCINDEXEDPOLYCURVE(#8853,(IFCLINEINDEX((1,2,3,4,5,6,7,8,1))),$);
#8855=IFCARBITRARYCLOSEDPROFILEDEF(.AREA.,$,#8854);
#8856=IFCCARTESIANPOINT((0.,0.090000001713633537,0.));
#8857=IFCDIRECTION((0.,-1.,0.));
#8858=IFCDIRECTION((1.,0.,0.));
#8859=IFCAXIS2PLACEMENT3D(#8856,#8857,#8858);
#8860=IFCDIRECTION((0.,0.,-1.));
#8861=IFCEXTRUDEDAREASOLID(#8855,#8859,#8860,0.0099999997764825821);
#8862=IFCCARTESIANPOINTLIST2D(((0.,0.),(0.53929144144058228,0.),(0.53929144144058228,0.89999997615814209),(0.,0.89999997615814209)));
#8863=IFCINDEXEDPOLYCURVE(#8862,(IFCLINEINDEX((1,2,3,4,1))),$);
#8864=IFCCARTESIANPOINTLIST2D(((0.05000000074505806,0.05000000074505806),(0.51429144106805325,0.05000000074505806),(0.51429144106805325,0.84999997541308403),(0.05000000074505806,0.84999997541308403)));
#8865=IFCINDEXEDPOLYCURVE(#8864,(IFCLINEINDEX((1,2,3,4,1))),$);
#8866=IFCARBITRARYPROFILEDEFWITHVOIDS(.AREA.,$,#8863,(#8865));
#8867=IFCCARTESIANPOINT((0.,0.05000000074505806,0.));
#8868=IFCDIRECTION((0.,-1.,0.));
#8869=IFCDIRECTION((1.,0.,0.));
#8870=IFCAXIS2PLACEMENT3D(#8867,#8868,#8869);
#8871=IFCDIRECTION((0.,0.,-1.));
#8872=IFCEXTRUDEDAREASOLID(#8866,#8870,#8871,0.040000000968575478);
#8873=IFCCARTESIANPOINTLIST2D(((0.,0.),(0.51429144106805325,0.),(0.51429144106805325,0.84999997541308403),(0.,0.84999997541308403)));
#8874=IFCINDEXEDPOLYCURVE(#8873,(IFCLINEINDEX((1,2,3,4,1))),$);
#8875=IFCCARTESIANPOINTLIST2D(((0.035000000149011612,0.035000000149011612),(0.47929144091904163,0.035000000149011612),(0.47929144091904163,0.81499997526407242),(0.035000000149011612,0.81499997526407242)));
#8876=IFCINDEXEDPOLYCURVE(#8875,(IFCLINEINDEX((1,2,3,4,1))),$);
#8877=IFCARBITRARYPROFILEDEFWITHVOIDS(.AREA.,$,#8874,(#8876));
#8878=IFCCARTESIANPOINT((0.02500000037252903,0.090000001713633537,0.02500000037252903));
#8879=IFCDIRECTION((0.,-1.,0.));
#8880=IFCDIRECTION((1.,0.,0.));
#8881=IFCAXIS2PLACEMENT3D(#8878,#8879,#8880);
#8882=IFCDIRECTION((0.,0.,-1.));
#8883=IFCEXTRUDEDAREASOLID(#8877,#8881,#8882,0.035000000149011612);
#8884=IFCINDEXEDPOLYCURVE(#8885,(IFCLINEINDEX((1,2,3,4,1))),$);
#8885=IFCCARTESIANPOINTLIST2D(((0.035000000149011612,0.035000000149011612),(0.47929144091904163,0.035000000149011612),(0.47929144091904163,0.81499997526407242),(0.035000000149011612,0.81499997526407242)));
#8886=IFCARBITRARYCLOSEDPROFILEDEF(.AREA.,$,#8884);
#8887=IFCCARTESIANPOINT((0.02500000037252903,0.10250000178813934,0.02500000037252903));
#8888=IFCDIRECTION((0.,-1.,0.));
#8889=IFCDIRECTION((1.,0.,0.));
#8890=IFCAXIS2PLACEMENT3D(#8887,#8888,#8889);
#8891=IFCDIRECTION((0.,0.,-1.));
#8892=IFCEXTRUDEDAREASOLID(#8886,#8890,#8891,0.01);
#8893=IFCCARTESIANPOINTLIST2D(((0.,0.89999997615814209),(0.67002230882644653,0.89999997615814209),(0.67002230882644653,0.),(0.,0.),(0.,0.02500000037252903),(0.6450223084539175,0.02500000037252903),(0.6450223084539175,0.87499997578561306),(0.,0.87499997578561306)));
#8894=IFCINDEXEDPOLYCURVE(#8893,(IFCLINEINDEX((1,2,3,4,5,6,7,8,1))),$);
#8895=IFCARBITRARYCLOSEDPROFILEDEF(.AREA.,$,#8894);
#8896=IFCCARTESIANPOINT((0.53929144144058228,0.090000001713633537,0.));
#8897=IFCDIRECTION((0.,-1.,0.));
#8898=IFCDIRECTION((1.,0.,0.));
#8899=IFCAXIS2PLACEMENT3D(#8896,#8897,#8898);
#8900=IFCDIRECTION((0.,0.,-1.));
#8901=IFCEXTRUDEDAREASOLID(#8895,#8899,#8900,0.0099999997764825821);
#8902=IFCCARTESIANPOINTLIST2D(((0.,0.),(0.67002230882644653,0.),(0.67002230882644653,0.89999997615814209),(0.,0.89999997615814209)));
#8903=IFCINDEXEDPOLYCURVE(#8902,(IFCLINEINDEX((1,2,3,4,1))),$);
#8904=IFCCARTESIANPOINTLIST2D(((0.02500000037252903,0.05000000074505806),(0.62002230808138847,0.05000000074505806),(0.62002230808138847,0.84999997541308403),(0.02500000037252903,0.84999997541308403)));
#8905=IFCINDEXEDPOLYCURVE(#8904,(IFCLINEINDEX((1,2,3,4,1))),$);
#8906=IFCARBITRARYPROFILEDEFWITHVOIDS(.AREA.,$,#8903,(#8905));
#8907=IFCCARTESIANPOINT((0.53929144144058228,0.05000000074505806,0.));
#8908=IFCDIRECTION((0.,-1.,0.));
#8909=IFCDIRECTION((1.,0.,0.));
#8910=IFCAXIS2PLACEMENT3D(#8907,#8908,#8909);
#8911=IFCDIRECTION((0.,0.,-1.));
#8912=IFCEXTRUDEDAREASOLID(#8906,#8910,#8911,0.040000000968575478);
#8913=IFCCARTESIANPOINTLIST2D(((0.,0.),(0.6450223084539175,0.),(0.6450223084539175,0.84999997541308403),(0.,0.84999997541308403)));
#8914=IFCINDEXEDPOLYCURVE(#8913,(IFCLINEINDEX((1,2,3,4,1))),$);
#8915=IFCCARTESIANPOINTLIST2D(((0.035000000149011612,0.035000000149011612),(0.61002230830490589,0.035000000149011612),(0.61002230830490589,0.81499997526407242),(0.035000000149011612,0.81499997526407242)));
#8916=IFCINDEXEDPOLYCURVE(#8915,(IFCLINEINDEX((1,2,3,4,1))),$);
#8917=IFCARBITRARYPROFILEDEFWITHVOIDS(.AREA.,$,#8914,(#8916));
#8918=IFCCARTESIANPOINT((0.53929144144058228,0.090000001713633537,0.02500000037252903));
#8919=IFCDIRECTION((0.,-1.,0.));
#8920=IFCDIRECTION((1.,0.,0.));
#8921=IFCAXIS2PLACEMENT3D(#8918,#8919,#8920);
#8922=IFCDIRECTION((0.,0.,-1.));
#8923=IFCEXTRUDEDAREASOLID(#8917,#8921,#8922,0.035000000149011612);
#8924=IFCINDEXEDPOLYCURVE(#8925,(IFCLINEINDEX((1,2,3,4,1))),$);
#8925=IFCCARTESIANPOINTLIST2D(((0.035000000149011612,0.035000000149011612),(0.61002230830490589,0.035000000149011612),(0.61002230830490589,0.81499997526407242),(0.035000000149011612,0.81499997526407242)));
#8926=IFCARBITRARYCLOSEDPROFILEDEF(.AREA.,$,#8924);
#8927=IFCCARTESIANPOINT((0.53929144144058228,0.10250000178813934,0.02500000037252903));
#8928=IFCDIRECTION((0.,-1.,0.));
#8929=IFCDIRECTION((1.,0.,0.));
#8930=IFCAXIS2PLACEMENT3D(#8927,#8928,#8929);
#8931=IFCDIRECTION((0.,0.,-1.));
#8932=IFCEXTRUDEDAREASOLID(#8926,#8930,#8931,0.01);
#8934=IFCSHAPEREPRESENTATION(#11,'Body','SweptSolid',(#8901,#8872,#9049,#8912,#9009,#9020,#8861,#9060));
#8935=IFCSHAPEASPECT((#8934),'Lining',$,.T.,#8779);
#8936=IFCSHAPEREPRESENTATION(#11,'Body','SweptSolid',(#9031,#8923,#8883,#9071));
#8937=IFCSHAPEASPECT((#8936),'Framing',$,.T.,#8779);
#8938=IFCSHAPEREPRESENTATION(#11,'Body','SweptSolid',(#9080,#9040,#8932,#8892));
#8939=IFCSHAPEASPECT((#8938),'Glazing',$,.T.,#8779);
#8998=IFCCARTESIANPOINTLIST3D(((0.,0.,0.),(1.2093137502670288,0.,0.),(1.2093137502670288,0.,0.89999997615814209),(0.,0.,0.89999997615814209)));
#8999=IFCINDEXEDPOLYCURVE(#8998,(IFCLINEINDEX((1,2,3,4,1))),$);
#9000=IFCSHAPEREPRESENTATION(#18,'Profile','Curve3D',(#8999));
#9001=IFCCARTESIANPOINTLIST2D(((0.62342453002929688,0.),(0.,0.),(0.,0.89999997615814209),(0.62342453002929688,0.89999997615814209),(0.62342453002929688,0.87499997578561306),(0.02500000037252903,0.87499997578561306),(0.02500000037252903,0.02500000037252903),(0.62342453002929688,0.02500000037252903)));
#9002=IFCINDEXEDPOLYCURVE(#9001,(IFCLINEINDEX((1,2,3,4,5,6,7,8,1))),$);
#9003=IFCARBITRARYCLOSEDPROFILEDEF(.AREA.,$,#9002);
#9004=IFCCARTESIANPOINT((0.,0.090000001713633537,0.));
#9005=IFCDIRECTION((0.,-1.,0.));
#9006=IFCDIRECTION((1.,0.,0.));
#9007=IFCAXIS2PLACEMENT3D(#9004,#9005,#9006);
#9008=IFCDIRECTION((0.,0.,-1.));
#9009=IFCEXTRUDEDAREASOLID(#9003,#9007,#9008,0.0099999997764825821);
#9010=IFCCARTESIANPOINTLIST2D(((0.,0.),(0.62342453002929688,0.),(0.62342453002929688,0.89999997615814209),(0.,0.89999997615814209)));
#9011=IFCINDEXEDPOLYCURVE(#9010,(IFCLINEINDEX((1,2,3,4,1))),$);
#9012=IFCCARTESIANPOINTLIST2D(((0.05000000074505806,0.05000000074505806),(0.59842452965676785,0.05000000074505806),(0.59842452965676785,0.84999997541308403),(0.05000000074505806,0.84999997541308403)));
#9013=IFCINDEXEDPOLYCURVE(#9012,(IFCLINEINDEX((1,2,3,4,1))),$);
#9014=IFCARBITRARYPROFILEDEFWITHVOIDS(.AREA.,$,#9011,(#9013));
#9015=IFCCARTESIANPOINT((0.,0.05000000074505806,0.));
#9016=IFCDIRECTION((0.,-1.,0.));
#9017=IFCDIRECTION((1.,0.,0.));
#9018=IFCAXIS2PLACEMENT3D(#9015,#9016,#9017);
#9019=IFCDIRECTION((0.,0.,-1.));
#9020=IFCEXTRUDEDAREASOLID(#9014,#9018,#9019,0.040000000968575478);
#9021=IFCCARTESIANPOINTLIST2D(((0.,0.),(0.59842452965676785,0.),(0.59842452965676785,0.84999997541308403),(0.,0.84999997541308403)));
#9022=IFCINDEXEDPOLYCURVE(#9021,(IFCLINEINDEX((1,2,3,4,1))),$);
#9023=IFCCARTESIANPOINTLIST2D(((0.035000000149011612,0.035000000149011612),(0.56342452950775623,0.035000000149011612),(0.56342452950775623,0.81499997526407242),(0.035000000149011612,0.81499997526407242)));
#9024=IFCINDEXEDPOLYCURVE(#9023,(IFCLINEINDEX((1,2,3,4,1))),$);
#9025=IFCARBITRARYPROFILEDEFWITHVOIDS(.AREA.,$,#9022,(#9024));
#9026=IFCCARTESIANPOINT((0.02500000037252903,0.090000001713633537,0.02500000037252903));
#9027=IFCDIRECTION((0.,-1.,0.));
#9028=IFCDIRECTION((1.,0.,0.));
#9029=IFCAXIS2PLACEMENT3D(#9026,#9027,#9028);
#9030=IFCDIRECTION((0.,0.,-1.));
#9031=IFCEXTRUDEDAREASOLID(#9025,#9029,#9030,0.035000000149011612);
#9032=IFCINDEXEDPOLYCURVE(#9033,(IFCLINEINDEX((1,2,3,4,1))),$);
#9033=IFCCARTESIANPOINTLIST2D(((0.035000000149011612,0.035000000149011612),(0.56342452950775623,0.035000000149011612),(0.56342452950775623,0.81499997526407242),(0.035000000149011612,0.81499997526407242)));
#9034=IFCARBITRARYCLOSEDPROFILEDEF(.AREA.,$,#9032);
#9035=IFCCARTESIANPOINT((0.02500000037252903,0.10250000178813934,0.02500000037252903));
#9036=IFCDIRECTION((0.,-1.,0.));
#9037=IFCDIRECTION((1.,0.,0.));
#9038=IFCAXIS2PLACEMENT3D(#9035,#9036,#9037);
#9039=IFCDIRECTION((0.,0.,-1.));
#9040=IFCEXTRUDEDAREASOLID(#9034,#9038,#9039,0.01);
#9041=IFCCARTESIANPOINTLIST2D(((0.,0.89999997615814209),(0.58588922023773193,0.89999997615814209),(0.58588922023773193,0.),(0.,0.),(0.,0.02500000037252903),(0.5608892198652029,0.02500000037252903),(0.5608892198652029,0.87499997578561306),(0.,0.87499997578561306)));
#9042=IFCINDEXEDPOLYCURVE(#9041,(IFCLINEINDEX((1,2,3,4,5,6,7,8,1))),$);
#9043=IFCARBITRARYCLOSEDPROFILEDEF(.AREA.,$,#9042);
#9044=IFCCARTESIANPOINT((0.62342453002929688,0.090000001713633537,0.));
#9045=IFCDIRECTION((0.,-1.,0.));
#9046=IFCDIRECTION((1.,0.,0.));
#9047=IFCAXIS2PLACEMENT3D(#9044,#9045,#9046);
#9048=IFCDIRECTION((0.,0.,-1.));
#9049=IFCEXTRUDEDAREASOLID(#9043,#9047,#9048,0.0099999997764825821);
#9050=IFCCARTESIANPOINTLIST2D(((0.,0.),(0.58588922023773193,0.),(0.58588922023773193,0.89999997615814209),(0.,0.89999997615814209)));
#9051=IFCINDEXEDPOLYCURVE(#9050,(IFCLINEINDEX((1,2,3,4,1))),$);
#9052=IFCCARTESIANPOINTLIST2D(((0.02500000037252903,0.05000000074505806),(0.53588921949267387,0.05000000074505806),(0.53588921949267387,0.84999997541308403),(0.02500000037252903,0.84999997541308403)));
#9053=IFCINDEXEDPOLYCURVE(#9052,(IFCLINEINDEX((1,2,3,4,1))),$);
#9054=IFCARBITRARYPROFILEDEFWITHVOIDS(.AREA.,$,#9051,(#9053));
#9055=IFCCARTESIANPOINT((0.62342453002929688,0.05000000074505806,0.));
#9056=IFCDIRECTION((0.,-1.,0.));
#9057=IFCDIRECTION((1.,0.,0.));
#9058=IFCAXIS2PLACEMENT3D(#9055,#9056,#9057);
#9059=IFCDIRECTION((0.,0.,-1.));
#9060=IFCEXTRUDEDAREASOLID(#9054,#9058,#9059,0.040000000968575478);
#9061=IFCCARTESIANPOINTLIST2D(((0.,0.),(0.5608892198652029,0.),(0.5608892198652029,0.84999997541308403),(0.,0.84999997541308403)));
#9062=IFCINDEXEDPOLYCURVE(#9061,(IFCLINEINDEX((1,2,3,4,1))),$);
#9063=IFCCARTESIANPOINTLIST2D(((0.035000000149011612,0.035000000149011612),(0.52588921971619129,0.035000000149011612),(0.52588921971619129,0.81499997526407242),(0.035000000149011612,0.81499997526407242)));
#9064=IFCINDEXEDPOLYCURVE(#9063,(IFCLINEINDEX((1,2,3,4,1))),$);
#9065=IFCARBITRARYPROFILEDEFWITHVOIDS(.AREA.,$,#9062,(#9064));
#9066=IFCCARTESIANPOINT((0.62342453002929688,0.090000001713633537,0.02500000037252903));
#9067=IFCDIRECTION((0.,-1.,0.));
#9068=IFCDIRECTION((1.,0.,0.));
#9069=IFCAXIS2PLACEMENT3D(#9066,#9067,#9068);
#9070=IFCDIRECTION((0.,0.,-1.));
#9071=IFCEXTRUDEDAREASOLID(#9065,#9069,#9070,0.035000000149011612);
#9072=IFCINDEXEDPOLYCURVE(#9073,(IFCLINEINDEX((1,2,3,4,1))),$);
#9073=IFCCARTESIANPOINTLIST2D(((0.035000000149011612,0.035000000149011612),(0.52588921971619129,0.035000000149011612),(0.52588921971619129,0.81499997526407242),(0.035000000149011612,0.81499997526407242)));
#9074=IFCARBITRARYCLOSEDPROFILEDEF(.AREA.,$,#9072);
#9075=IFCCARTESIANPOINT((0.62342453002929688,0.10250000178813934,0.02500000037252903));
#9076=IFCDIRECTION((0.,-1.,0.));
#9077=IFCDIRECTION((1.,0.,0.));
#9078=IFCAXIS2PLACEMENT3D(#9075,#9076,#9077);
#9079=IFCDIRECTION((0.,0.,-1.));
#9080=IFCEXTRUDEDAREASOLID(#9074,#9078,#9079,0.01);
#9081=IFCSHAPEREPRESENTATION(#11,'Body','SweptSolid',(#9009,#9020,#9031,#9040,#9049,#9060,#9071,#9080));
#9082=IFCCARTESIANPOINTLIST2D(((0.05000000074505806,0.05000000074505806),(0.59842452965676785,0.05000000074505806)));
#9083=IFCINDEXEDPOLYCURVE(#9082,$,$);
#9084=IFCCARTESIANPOINTLIST2D(((0.,0.10000000149011612),(0.02500000037252903,0.10000000149011612),(0.02500000037252903,0.090000001713633537),(0.05000000074505806,0.090000001713633537),(0.05000000074505806,0.05000000074505806),(0.,0.05000000074505806)));
#9085=IFCINDEXEDPOLYCURVE(#9084,(IFCLINEINDEX((1,2,3,4,5,6,1))),$);
#9086=IFCCARTESIANPOINTLIST2D(((0.62342453002929688,0.10000000149011612),(0.62342453002929688,0.10000000149011612),(0.62342453002929688,0.090000001713633537),(0.59842452965676785,0.090000001713633537),(0.59842452965676785,0.05000000074505806),(0.62342453002929688,0.05000000074505806)));
#9087=IFCINDEXEDPOLYCURVE(#9086,$,$);
#9088=IFCCARTESIANPOINTLIST2D(((0.02500000037252903,0.090000001713633537),(0.060000000521540642,0.090000001713633537),(0.060000000521540642,0.12500000186264515),(0.02500000037252903,0.12500000186264515)));
#9089=IFCINDEXEDPOLYCURVE(#9088,(IFCLINEINDEX((1,2,3,4,1))),$);
#9090=IFCINDEXEDPOLYCURVE(#9091,(IFCLINEINDEX((1,2,3,4,1))),$);
#9091=IFCCARTESIANPOINTLIST2D(((0.62342453002929688,0.090000001713633537),(0.58842452988028526,0.090000001713633537),(0.58842452988028526,0.12500000186264515),(0.62342453002929688,0.12500000186264515)));
#9092=IFCCARTESIANPOINTLIST2D(((0.060000000521540642,0.090000001713633537),(0.58842452988028526,0.090000001713633537)));
#9093=IFCINDEXEDPOLYCURVE(#9092,$,$);
#9094=IFCINDEXEDPOLYCURVE(#9095,$,$);
#9095=IFCCARTESIANPOINTLIST2D(((0.060000000521540642,0.12500000186264515),(0.58842452988028526,0.12500000186264515)));
#9096=IFCINDEXEDPOLYCURVE(#9097,$,$);
#9097=IFCCARTESIANPOINTLIST2D(((0.060000000521540642,0.10750000178813934),(0.58842452988028526,0.10750000178813934)));
#9098=IFCCARTESIANPOINTLIST2D(((0.6484245304018259,0.05000000074505806),(1.1593137495219707,0.05000000074505806)));
#9099=IFCINDEXEDPOLYCURVE(#9098,$,$);
#9100=IFCCARTESIANPOINTLIST2D(((0.62342453002929688,0.10000000149011612),(0.62342453002929688,0.10000000149011612),(0.62342453002929688,0.090000001713633537),(0.6484245304018259,0.090000001713633537),(0.6484245304018259,0.05000000074505806),(0.62342453002929688,0.05000000074505806)));
#9101=IFCINDEXEDPOLYCURVE(#9100,$,$);
#9102=IFCCARTESIANPOINTLIST2D(((1.2093137502670288,0.10000000149011612),(1.1843137498944998,0.10000000149011612),(1.1843137498944998,0.090000001713633537),(1.1593137495219707,0.090000001713633537),(1.1593137495219707,0.05000000074505806),(1.2093137502670288,0.05000000074505806)));
#9103=IFCINDEXEDPOLYCURVE(#9102,(IFCLINEINDEX((1,2,3,4,5,6,1))),$);
#9104=IFCCARTESIANPOINTLIST2D(((0.62342453002929688,0.090000001713633537),(0.65842453017830849,0.090000001713633537),(0.65842453017830849,0.12500000186264515),(0.62342453002929688,0.12500000186264515)));
#9105=IFCINDEXEDPOLYCURVE(#9104,(IFCLINEINDEX((1,2,3,4,1))),$);
#9106=IFCINDEXEDPOLYCURVE(#9107,(IFCLINEINDEX((1,2,3,4,1))),$);
#9107=IFCCARTESIANPOINTLIST2D(((1.1843137498944998,0.090000001713633537),(1.1493137497454882,0.090000001713633537),(1.1493137497454882,0.12500000186264515),(1.1843137498944998,0.12500000186264515)));
#9108=IFCCARTESIANPOINTLIST2D(((0.65842453017830849,0.090000001713633537),(1.1493137497454882,0.090000001713633537)));
#9109=IFCINDEXEDPOLYCURVE(#9108,$,$);
#9110=IFCINDEXEDPOLYCURVE(#9111,$,$);
#9111=IFCCARTESIANPOINTLIST2D(((0.65842453017830849,0.12500000186264515),(1.1493137497454882,0.12500000186264515)));
#9112=IFCINDEXEDPOLYCURVE(#9113,$,$);
#9113=IFCCARTESIANPOINTLIST2D(((0.65842453017830849,0.10750000178813934),(1.1493137497454882,0.10750000178813934)));
#9114=IFCSHAPEREPRESENTATION(#24,'Body','Curve2D',(#9083,#9085,#9087,#9089,#9090,#9093,#9094,#9096,#9099,#9101,#9103,#9105,#9106,#9109,#9110,#9112));
#9115=IFCCARTESIANPOINTLIST2D(((0.,0.),(1.2093137502670288,0.),(1.2093137502670288,0.89999997615814209),(0.,0.89999997615814209)));
#9116=IFCINDEXEDPOLYCURVE(#9115,(IFCLINEINDEX((1,2,3,4,1))),$);
#9117=IFCARBITRARYCLOSEDPROFILEDEF(.AREA.,$,#9116);
#9118=IFCCARTESIANPOINT((0.,-0.60000002384185791,0.));
#9119=IFCDIRECTION((0.,-1.,0.));
#9120=IFCDIRECTION((1.,0.,0.));
#9121=IFCAXIS2PLACEMENT3D(#9118,#9119,#9120);
#9122=IFCDIRECTION((0.,0.,-1.));
#9123=IFCEXTRUDEDAREASOLID(#9117,#9121,#9122,1.2);
#9124=IFCSHAPEREPRESENTATION(#11,'Body','SweptSolid',(#9123));
#9130=IFCCARTESIANPOINT((0.51307734866821419,-2.9650874200370936E-07,1.));
#9131=IFCDIRECTION((0.,0.,1.));
#9132=IFCDIRECTION((0.99999999999997158,-2.3841857910149749E-07,0.));
#9133=IFCAXIS2PLACEMENT3D(#9130,#9131,#9132);
#9134=IFCLOCALPLACEMENT(#5334,#9133);
#9135=IFCCARTESIANPOINT((5.5511151231257827E-17,8.8817841970012523E-16,0.));
#9136=IFCDIRECTION((0.,0.,1.));
#9137=IFCDIRECTION((1.,0.,0.));
#9138=IFCAXIS2PLACEMENT3D(#9135,#9136,#9137);
#9139=IFCLOCALPLACEMENT(#9134,#9138);
#9140=IFCBUILDINGSTOREY('05gQQ5f59F7890z4aBGzhp',$,'Roof',$,$,#9161,$,$,$,$);
#9157=IFCCARTESIANPOINT((0.,0.,6.));
#9158=IFCDIRECTION((0.,0.,1.));
#9159=IFCDIRECTION((1.,0.,0.));
#9160=IFCAXIS2PLACEMENT3D(#9157,#9158,#9159);
#9161=IFCLOCALPLACEMENT(#56,#9160);
#9162=IFCSLABTYPE('2Agk79M$1DZuV7_xc5WHIc',$,'Slab Roof',$,$,(#9163),$,$,$,.FLOOR.);
#9163=IFCPROPERTYSET('1dIcq2Qkj3Hwb2ikuYl9Jx',$,'EPset_Parametric',$,(#9164));
#9164=IFCPROPERTYSINGLEVALUE('LayerSetDirection',$,IFCLABEL('AXIS3'),$);
#9165=IFCRELASSOCIATESMATERIAL('2bjZ_4VZP7mObbCoONhDTm',$,$,$,(#9162),#9166);
#9166=IFCMATERIALLAYERSET((#9167),$,$);
#9167=IFCMATERIALLAYER(#81,0.10000000000000001,$,$,$,$,$);
#9168=IFCSLAB('3ev$AFklvA1ONQM17NwZaM',$,'Slab',$,$,#9177,#9184,$,$);
#9169=IFCRELCONTAINEDINSPATIALSTRUCTURE('3hBUpDjdT8DwXWyNnzcZOZ',$,$,$,(#9192,#9168),#9140);
#9170=IFCRELDEFINESBYTYPE('1uYnQfKUnE8x6V$MjHcIvm',$,$,$,(#9168),#9162);
#9171=IFCMATERIALLAYERSETUSAGE(#9166,.AXIS3.,.POSITIVE.,-0.10000000149011612,$);
#9172=IFCRELASSOCIATESMATERIAL('0sK3UgkDfFRRcq8wfVxm2$',$,$,$,(#9168),#9171);
#9173=IFCCARTESIANPOINT((4.2266058921813965,-3.100104808807373,0.));
#9174=IFCDIRECTION((0.,0.,1.));
#9175=IFCDIRECTION((1.,0.,0.));
#9176=IFCAXIS2PLACEMENT3D(#9173,#9174,#9175);
#9177=IFCLOCALPLACEMENT(#9161,#9176);
#9178=IFCCARTESIANPOINTLIST2D(((0.,0.),(9.5367431640625E-07,9.5999984741210938),(-3.9499990940093994,9.5999994277954102),(-3.9499990940093994,8.6499996185302734),(-7.5,8.6500015258789062),(-7.5,1.5),(-3.9499998092651367,1.5),(-3.9499998092651367,0.90000009536743164),(-2.3999998569488525,0.90000009536743164),(-2.4000000953674316,0.),(0.,0.)));
#9179=IFCINDEXEDPOLYCURVE(#9178,$,$);
#9180=IFCDIRECTION((0.,0.,1.));
#9181=IFCARBITRARYCLOSEDPROFILEDEF(.AREA.,$,#9179);
#9182=IFCEXTRUDEDAREASOLID(#9181,#9191,#9180,0.10000000000000001);
#9183=IFCSHAPEREPRESENTATION(#11,'Body','SweptSolid',(#9182));
#9184=IFCPRODUCTDEFINITIONSHAPE($,$,(#9183));
#9185=IFCPROPERTYSET('3_HtydpGrDMetpzECCgywa',$,'EPset_Parametric',$,(#9187));
#9186=IFCRELDEFINESBYPROPERTIES('2ymQ381Y9B0uXaqkxNDMvk',$,$,$,(#9168),#9185);
#9187=IFCPROPERTYSINGLEVALUE('Engine',$,IFCLABEL('Bonsai.DumbLayer3'),$);
#9188=IFCCARTESIANPOINT((-0.,-0.,-0.10000000149011612));
#9189=IFCDIRECTION((0.,0.,1.));
#9190=IFCDIRECTION((1.,0.,0.));
#9191=IFCAXIS2PLACEMENT3D(#9188,#9189,#9190);
#9192=IFCROOF('1LwqOdVUj5MgPp9uDfVYDq',$,'Roof',$,$,#9468,#9201,$,$);
#9193=IFCRELDEFINESBYTYPE('1uMisBqdDBcOawqRtQmXj$',$,$,$,(#9192),#3904);
#9194=IFCCARTESIANPOINT((0.,0.,0.));
#9195=IFCDIRECTION((1.,0.,0.));
#9196=IFCDIRECTION((0.,1.,0.));
#9197=IFCDIRECTION((0.,0.,1.));
#9198=IFCCARTESIANTRANSFORMATIONOPERATOR3D(#9195,#9196,#9194,1.,#9197);
#9199=IFCMAPPEDITEM(#3934,#9198);
#9200=IFCSHAPEREPRESENTATION(#11,'Body','MappedRepresentation',(#9199));
#9201=IFCPRODUCTDEFINITIONSHAPE($,$,(#9200,#9208));
#9202=IFCCARTESIANPOINT((0.,0.,0.));
#9203=IFCDIRECTION((1.,0.,0.));
#9204=IFCDIRECTION((0.,1.,0.));
#9205=IFCDIRECTION((0.,0.,1.));
#9206=IFCCARTESIANTRANSFORMATIONOPERATOR3D(#9203,#9204,#9202,1.,#9205);
#9207=IFCMAPPEDITEM(#3962,#9206);
#9208=IFCSHAPEREPRESENTATION(#13,'Box','MappedRepresentation',(#9207));
#9217=IFCCARTESIANPOINTLIST2D(((0.,0.),(0.,2.),(0.764140784740448,2.),(0.764140784740448,0.),(0.71414078399538994,0.),(0.71414078399538994,1.9499999992549419),(0.05000000074505806,1.9499999992549419),(0.05000000074505806,0.)));
#9218=IFCINDEXEDPOLYCURVE(#9217,(IFCLINEINDEX((1,2,3,4,5,6,7,8,1))),$);
#9219=IFCARBITRARYCLOSEDPROFILEDEF(.AREA.,$,#9218);
#9220=IFCCARTESIANPOINT((0.,0.,0.));
#9221=IFCDIRECTION((0.,-1.,0.));
#9222=IFCDIRECTION((1.,0.,0.));
#9223=IFCAXIS2PLACEMENT3D(#9220,#9221,#9222);
#9224=IFCDIRECTION((0.,0.,-1.));
#9225=IFCEXTRUDEDAREASOLID(#9219,#9223,#9224,0.05000000074505806);
#9226=IFCCARTESIANPOINTLIST2D(((0.,0.),(0.66414078325033188,0.),(0.66414078325033188,0.10000000149011612),(0.,0.10000000149011612)));
#9227=IFCINDEXEDPOLYCURVE(#9226,(IFCLINEINDEX((1,2,3,4,1))),$);
#9228=IFCARBITRARYCLOSEDPROFILEDEF(.AREA.,$,#9227);
#9229=IFCCARTESIANPOINT((0.05000000074505806,0.,0.));
#9230=IFCDIRECTION((0.,0.,1.));
#9231=IFCDIRECTION((1.,0.,0.));
#9232=IFCAXIS2PLACEMENT3D(#9229,#9230,#9231);
#9233=IFCDIRECTION((0.,0.,1.));
#9234=IFCEXTRUDEDAREASOLID(#9228,#9232,#9233,0.02500000037252903);
#9235=IFCCARTESIANPOINTLIST2D(((0.,0.),(0.,2.0250000022351742),(0.81414078921079636,2.0250000022351742),(0.81414078921079636,0.),(0.73914078623056412,0.),(0.73914078623056412,1.9499999992549419),(0.075000002980232239,1.9499999992549419),(0.075000002980232239,0.)));
#9236=IFCINDEXEDPOLYCURVE(#9235,(IFCLINEINDEX((1,2,3,4,5,6,7,8,1))),$);
#9237=IFCARBITRARYCLOSEDPROFILEDEF(.AREA.,$,#9236);
#9238=IFCCARTESIANPOINT((-0.025000002235174179,-0.004999999888241291,0.));
#9239=IFCDIRECTION((0.,-1.,0.));
#9240=IFCDIRECTION((1.,0.,0.));
#9241=IFCAXIS2PLACEMENT3D(#9238,#9239,#9240);
#9242=IFCDIRECTION((0.,0.,-1.));
#9243=IFCEXTRUDEDAREASOLID(#9237,#9241,#9242,0.004999999888241291);
#9244=IFCCARTESIANPOINTLIST2D(((0.,0.),(0.,2.0250000022351742),(0.81414078921079636,2.0250000022351742),(0.81414078921079636,0.),(0.73914078623056412,0.),(0.73914078623056412,1.9499999992549419),(0.075000002980232239,1.9499999992549419),(0.075000002980232239,0.)));
#9245=IFCINDEXEDPOLYCURVE(#9244,(IFCLINEINDEX((1,2,3,4,5,6,7,8,1))),$);
#9246=IFCARBITRARYCLOSEDPROFILEDEF(.AREA.,$,#9245);
#9247=IFCCARTESIANPOINT((-0.025000002235174179,0.05000000074505806,0.));
#9248=IFCDIRECTION((0.,-1.,0.));
#9249=IFCDIRECTION((1.,0.,0.));
#9250=IFCAXIS2PLACEMENT3D(#9247,#9248,#9249);
#9251=IFCDIRECTION((0.,0.,-1.));
#9252=IFCEXTRUDEDAREASOLID(#9246,#9250,#9251,0.004999999888241291);
#9253=IFCCARTESIANPOINTLIST2D(((0.,0.),(0.66414078325033188,0.),(0.66414078325033188,0.035000000149011612),(0.,0.035000000149011612)));
#9254=IFCINDEXEDPOLYCURVE(#9253,(IFCLINEINDEX((1,2,3,4,1))),$);
#9255=IFCARBITRARYCLOSEDPROFILEDEF(.AREA.,$,#9254);
#9256=IFCCARTESIANPOINT((0.05000000074505806,-0.035000000149011612,0.02500000037252903));
#9257=IFCDIRECTION((0.,0.,1.));
#9258=IFCDIRECTION((1.,0.,0.));
#9259=IFCAXIS2PLACEMENT3D(#9256,#9257,#9258);
#9260=IFCDIRECTION((0.,0.,1.));
#9261=IFCEXTRUDEDAREASOLID(#9255,#9259,#9260,1.9249999988824129);
#9262=IFCCARTESIANPOINTLIST2D(((0.,0.),(0.,-0.040000000000000008),(-0.11999999999999988,-0.040000000000000008),(-0.11999999999999988,-0.020000000000000004),(-0.020000000000000018,-0.020000000000000004),(-0.020000000000000018,0.)));
#9263=IFCINDEXEDPOLYCURVE(#9262,(IFCLINEINDEX((1,2,3,4,5,6,1))),$);
#9264=IFCARBITRARYCLOSEDPROFILEDEF(.AREA.,$,#9263);
#9265=IFCCARTESIANPOINT((0.66414078399538989,-0.035000000149011612,1.015000000372529));
#9266=IFCDIRECTION((0.,0.,1.));
#9267=IFCDIRECTION((1.,0.,0.));
#9268=IFCAXIS2PLACEMENT3D(#9265,#9266,#9267);
#9269=IFCDIRECTION((0.,0.,1.));
#9270=IFCEXTRUDEDAREASOLID(#9264,#9268,#9269,0.02);
#9271=IFCEXTRUDEDAREASOLID(#9272,#9275,#9279,0.02);
#9272=IFCARBITRARYCLOSEDPROFILEDEF(.AREA.,$,#9273);
#9273=IFCINDEXEDPOLYCURVE(#9274,(IFCLINEINDEX((1,2,3,4,5,6,1))),$);
#9274=IFCCARTESIANPOINTLIST2D(((0.,0.),(0.,0.040000000000000008),(-0.11999999999999988,0.040000000000000008),(-0.11999999999999988,0.020000000000000004),(-0.020000000000000018,0.020000000000000004),(-0.020000000000000018,0.)));
#9275=IFCAXIS2PLACEMENT3D(#9276,#9277,#9278);
#9276=IFCCARTESIANPOINT((0.66414078399538989,0.,1.015000000372529));
#9277=IFCDIRECTION((0.,0.,1.));
#9278=IFCDIRECTION((1.,0.,0.));
#9279=IFCDIRECTION((0.,0.,1.));
#9293=IFCCARTESIANPOINT((0.,0.,0.));
#9294=IFCDIRECTION((1.,0.,0.));
#9295=IFCDIRECTION((0.,0.,1.));
#9296=IFCAXIS2PLACEMENT3D(#9293,#9295,#9294);
#9297=IFCREPRESENTATIONMAP(#9296,#9547);
#9298=IFCCARTESIANPOINT((0.,0.,0.));
#9299=IFCDIRECTION((1.,0.,0.));
#9300=IFCDIRECTION((0.,1.,0.));
#9301=IFCDIRECTION((0.,0.,1.));
#9302=IFCCARTESIANTRANSFORMATIONOPERATOR3D(#9299,#9300,#9298,1.,#9301);
#9303=IFCMAPPEDITEM(#9297,#9302);
#9304=IFCSHAPEREPRESENTATION(#25,'Annotation','MappedRepresentation',(#9303));
#9464=IFCCARTESIANPOINT((0.45949721336364746,1.6831345558166504,0.10154247283935547));
#9465=IFCDIRECTION((0.,0.,1.));
#9466=IFCDIRECTION((1.,0.,0.));
#9467=IFCAXIS2PLACEMENT3D(#9464,#9465,#9466);
#9468=IFCLOCALPLACEMENT(#9161,#9467);
#9469=IFCCARTESIANPOINTLIST3D(((0.,0.,0.),(1.4405727386474609,0.,0.),(1.4405727386474609,0.,2.),(0.,0.,2.)));
#9470=IFCINDEXEDPOLYCURVE(#9469,(IFCLINEINDEX((1,2,3,4,1))),$);
#9471=IFCSHAPEREPRESENTATION(#18,'Profile','Curve3D',(#9470));
#9472=IFCCARTESIANPOINTLIST2D(((0.,0.),(0.,2.),(1.4405727386474609,2.),(1.4405727386474609,0.),(1.3905727379024029,0.),(1.3905727379024029,1.9499999992549419),(0.05000000074505806,1.9499999992549419),(0.05000000074505806,0.)));
#9473=IFCINDEXEDPOLYCURVE(#9472,(IFCLINEINDEX((1,2,3,4,5,6,7,8,1))),$);
#9474=IFCARBITRARYCLOSEDPROFILEDEF(.AREA.,$,#9473);
#9475=IFCCARTESIANPOINT((0.,0.,0.));
#9476=IFCDIRECTION((0.,-1.,0.));
#9477=IFCDIRECTION((1.,0.,0.));
#9478=IFCAXIS2PLACEMENT3D(#9475,#9476,#9477);
#9479=IFCDIRECTION((0.,0.,-1.));
#9480=IFCEXTRUDEDAREASOLID(#9474,#9478,#9479,0.05000000074505806);
#9481=IFCCARTESIANPOINTLIST2D(((0.,0.),(1.3405727371573448,0.),(1.3405727371573448,0.10000000149011612),(0.,0.10000000149011612)));
#9482=IFCINDEXEDPOLYCURVE(#9481,(IFCLINEINDEX((1,2,3,4,1))),$);
#9483=IFCARBITRARYCLOSEDPROFILEDEF(.AREA.,$,#9482);
#9484=IFCCARTESIANPOINT((0.05000000074505806,0.,0.));
#9485=IFCDIRECTION((0.,0.,1.));
#9486=IFCDIRECTION((1.,0.,0.));
#9487=IFCAXIS2PLACEMENT3D(#9484,#9485,#9486);
#9488=IFCDIRECTION((0.,0.,1.));
#9489=IFCEXTRUDEDAREASOLID(#9483,#9487,#9488,0.02500000037252903);
#9490=IFCCARTESIANPOINTLIST2D(((0.,0.),(0.,2.0250000022351742),(1.4905727431178093,2.0250000022351742),(1.4905727431178093,0.),(1.4155727401375771,0.),(1.4155727401375771,1.9499999992549419),(0.075000002980232239,1.9499999992549419),(0.075000002980232239,0.)));
#9491=IFCINDEXEDPOLYCURVE(#9490,(IFCLINEINDEX((1,2,3,4,5,6,7,8,1))),$);
#9492=IFCARBITRARYCLOSEDPROFILEDEF(.AREA.,$,#9491);
#9493=IFCCARTESIANPOINT((-0.025000002235174179,-0.004999999888241291,0.));
#9494=IFCDIRECTION((0.,-1.,0.));
#9495=IFCDIRECTION((1.,0.,0.));
#9496=IFCAXIS2PLACEMENT3D(#9493,#9494,#9495);
#9497=IFCDIRECTION((0.,0.,-1.));
#9498=IFCEXTRUDEDAREASOLID(#9492,#9496,#9497,0.004999999888241291);
#9499=IFCCARTESIANPOINTLIST2D(((0.,0.),(0.,2.0250000022351742),(1.4905727431178093,2.0250000022351742),(1.4905727431178093,0.),(1.4155727401375771,0.),(1.4155727401375771,1.9499999992549419),(0.075000002980232239,1.9499999992549419),(0.075000002980232239,0.)));
#9500=IFCINDEXEDPOLYCURVE(#9499,(IFCLINEINDEX((1,2,3,4,5,6,7,8,1))),$);
#9501=IFCARBITRARYCLOSEDPROFILEDEF(.AREA.,$,#9500);
#9502=IFCCARTESIANPOINT((-0.025000002235174179,0.05000000074505806,0.));
#9503=IFCDIRECTION((0.,-1.,0.));
#9504=IFCDIRECTION((1.,0.,0.));
#9505=IFCAXIS2PLACEMENT3D(#9502,#9503,#9504);
#9506=IFCDIRECTION((0.,0.,-1.));
#9507=IFCEXTRUDEDAREASOLID(#9501,#9505,#9506,0.004999999888241291);
#9508=IFCCARTESIANPOINTLIST2D(((0.,0.),(1.3405727371573448,0.),(1.3405727371573448,0.035000000149011612),(0.,0.035000000149011612)));
#9509=IFCINDEXEDPOLYCURVE(#9508,(IFCLINEINDEX((1,2,3,4,1))),$);
#9510=IFCARBITRARYCLOSEDPROFILEDEF(.AREA.,$,#9509);
#9511=IFCCARTESIANPOINT((0.05000000074505806,-0.035000000149011612,0.02500000037252903));
#9512=IFCDIRECTION((0.,0.,1.));
#9513=IFCDIRECTION((1.,0.,0.));
#9514=IFCAXIS2PLACEMENT3D(#9511,#9512,#9513);
#9515=IFCDIRECTION((0.,0.,1.));
#9516=IFCEXTRUDEDAREASOLID(#9510,#9514,#9515,1.9249999988824129);
#9517=IFCCARTESIANPOINTLIST2D(((0.,0.),(0.,-0.040000000000000008),(-0.11999999999999988,-0.040000000000000008),(-0.11999999999999988,-0.020000000000000004),(-0.020000000000000018,-0.020000000000000004),(-0.020000000000000018,0.)));
#9518=IFCINDEXEDPOLYCURVE(#9517,(IFCLINEINDEX((1,2,3,4,5,6,1))),$);
#9519=IFCARBITRARYCLOSEDPROFILEDEF(.AREA.,$,#9518);
#9520=IFCCARTESIANPOINT((1.3405727379024028,-0.035000000149011612,1.015000000372529));
#9521=IFCDIRECTION((0.,0.,1.));
#9522=IFCDIRECTION((1.,0.,0.));
#9523=IFCAXIS2PLACEMENT3D(#9520,#9521,#9522);
#9524=IFCDIRECTION((0.,0.,1.));
#9525=IFCEXTRUDEDAREASOLID(#9519,#9523,#9524,0.02);
#9526=IFCEXTRUDEDAREASOLID(#9527,#9530,#9534,0.02);
#9527=IFCARBITRARYCLOSEDPROFILEDEF(.AREA.,$,#9528);
#9528=IFCINDEXEDPOLYCURVE(#9529,(IFCLINEINDEX((1,2,3,4,5,6,1))),$);
#9529=IFCCARTESIANPOINTLIST2D(((0.,0.),(0.,0.040000000000000008),(-0.11999999999999988,0.040000000000000008),(-0.11999999999999988,0.020000000000000004),(-0.020000000000000018,0.020000000000000004),(-0.020000000000000018,0.)));
#9530=IFCAXIS2PLACEMENT3D(#9531,#9532,#9533);
#9531=IFCCARTESIANPOINT((1.3405727379024028,0.,1.015000000372529));
#9532=IFCDIRECTION((0.,0.,1.));
#9533=IFCDIRECTION((1.,0.,0.));
#9534=IFCDIRECTION((0.,0.,1.));
#9535=IFCSHAPEREPRESENTATION(#11,'Body','SweptSolid',(#9480,#9516,#9525,#9526,#9489,#9498,#9507));
#9536=IFCCARTESIANPOINTLIST2D(((0.,0.),(0.05000000074505806,0.),(0.05000000074505806,0.05000000074505806),(0.,0.05000000074505806)));
#9537=IFCINDEXEDPOLYCURVE(#9536,(IFCLINEINDEX((1,2,3,4,1))),$);
#9538=IFCINDEXEDPOLYCURVE(#9539,(IFCLINEINDEX((1,2,3,4,1))),$);
#9539=IFCCARTESIANPOINTLIST2D(((1.4405727386474609,0.),(1.3905727379024029,0.),(1.3905727379024029,0.05000000074505806),(1.4405727386474609,0.05000000074505806)));
#9540=IFCCARTESIANPOINTLIST2D(((-0.62028636783361435,-0.035000000149011612),(0.72028636932373047,-0.035000000149011612),(0.72028636932373047,0.),(-0.62028636783361435,0.)));
#9541=IFCINDEXEDPOLYCURVE(#9540,(IFCLINEINDEX((1,2,3,4,1))),$);
#9542=IFCSHAPEREPRESENTATION(#24,'Body','Curve2D',(#9537,#9538,#9541));
#9543=IFCCARTESIANPOINTLIST2D(((0.51920045875012866,-0.081587428267465345),(0.92137227989733217,-0.081587428267465345)));
#9544=IFCINDEXEDPOLYCURVE(#9543,$,$);
#9545=IFCCARTESIANPOINTLIST2D(((0.54920045875012868,-0.050529142855162856),(0.51920045875012866,-0.081587428267465345),(0.54920045875012868,-0.11264571367976783)));
#9546=IFCINDEXEDPOLYCURVE(#9545,$,$);
#9547=IFCSHAPEREPRESENTATION(#25,'Annotation','Curve2D',(#9544,#9546));
#9548=IFCCARTESIANPOINTLIST2D(((0.,0.),(1.4405727386474609,0.),(1.4405727386474609,2.),(0.,2.)));
#9549=IFCINDEXEDPOLYCURVE(#9548,(IFCLINEINDEX((1,2,3,4,1))),$);
#9550=IFCARBITRARYCLOSEDPROFILEDEF(.AREA.,$,#9549);
#9551=IFCCARTESIANPOINT((0.,-0.60000002384185791,0.));
#9552=IFCDIRECTION((0.,-1.,0.));
#9553=IFCDIRECTION((1.,0.,0.));
#9554=IFCAXIS2PLACEMENT3D(#9551,#9552,#9553);
#9555=IFCDIRECTION((0.,0.,-1.));
#9556=IFCEXTRUDEDAREASOLID(#9550,#9554,#9555,1.2);
#9557=IFCSHAPEREPRESENTATION(#11,'Body','SweptSolid',(#9556));
#9563=IFCCARTESIANPOINT((1.451149826247327,0.099999039219629715,0.));
#9564=IFCDIRECTION((0.,0.,1.));
#9565=IFCDIRECTION((-0.9999999999996777,8.0267852808838693E-07,0.));
#9566=IFCAXIS2PLACEMENT3D(#9563,#9564,#9565);
#9567=IFCLOCALPLACEMENT(#1085,#9566);
#9568=IFCCARTESIANPOINT((1.1102230246251565E-16,4.4408920985006262E-16,0.));
#9569=IFCDIRECTION((0.,0.,1.));
#9570=IFCDIRECTION((0.99999999999999989,4.2351647362715017E-22,0.));
#9571=IFCAXIS2PLACEMENT3D(#9568,#9569,#9570);
#9572=IFCLOCALPLACEMENT(#9567,#9571);
#9574=IFCDOORTYPE('0C82_zpDT2j9DrRLgxrVLM',$,'Master-Balcony-2F',$,$,(#9575),(#9577,#9585,#9654,#9666),$,$,.DOOR.,.SINGLE_SWING_LEFT.,$,$);
#9575=IFCPROPERTYSET('3OwaHdug10kQBjSko6dN21',$,'BBIM_Door',$,(#9576));
#9576=IFCPROPERTYSINGLEVALUE('Data',$,IFCTEXT('{"door_type": "SLIDING_TO_LEFT", "overall_height": 2.0, "overall_width": 1.9958525896072388, "lining_properties": {"lining_depth": 0.05000000074505806, "lining_thickness": 0.05000000074505806, "lining_offset": 0.0, "transom_thickness": 0.0, "casing_thickness": 0.07500000298023224, "casing_depth": 0.004999999888241291, "threshold_thickness": 0.02500000037252903, "threshold_depth": 0.10000000149011612, "threshold_offset": 0.0}, "panel_properties": {"panel_depth": 0.03500000014901161, "panel_width_ratio": 1.0}}'),$);
#9577=IFCREPRESENTATIONMAP(#9578,#9750);
#9578=IFCAXIS2PLACEMENT3D(#9579,#9580,#9581);
#9579=IFCCARTESIANPOINT((0.,0.,0.));
#9580=IFCDIRECTION((0.,0.,1.));
#9581=IFCDIRECTION((1.,0.,0.));
#9585=IFCREPRESENTATIONMAP(#9586,#9814);
#9586=IFCAXIS2PLACEMENT3D(#9587,#9588,#9589);
#9587=IFCCARTESIANPOINT((0.,0.,0.));
#9588=IFCDIRECTION((0.,0.,1.));
#9589=IFCDIRECTION((1.,0.,0.));
#9654=IFCREPRESENTATIONMAP(#9655,#9825);
#9655=IFCAXIS2PLACEMENT3D(#9656,#9657,#9658);
#9656=IFCCARTESIANPOINT((0.,0.,0.));
#9657=IFCDIRECTION((0.,0.,1.));
#9658=IFCDIRECTION((1.,0.,0.));
#9666=IFCREPRESENTATIONMAP(#9667,#9830);
#9667=IFCAXIS2PLACEMENT3D(#9668,#9669,#9670);
#9668=IFCCARTESIANPOINT((0.,0.,0.));
#9669=IFCDIRECTION((0.,0.,1.));
#9670=IFCDIRECTION((1.,0.,0.));
#9676=IFCDOOR('1kBZ8xgErFhR9PmGgufc5V',$,'Door',$,$,#9855,#9685,$,2.,1.9958525896072388,$,.SLIDING_TO_LEFT.,$);
#9677=IFCRELDEFINESBYTYPE('2hv2lguE534fQXbbXvdc0o',$,$,$,(#9676),#9574);
#9678=IFCCARTESIANPOINT((0.,0.,0.));
#9679=IFCDIRECTION((1.,0.,0.));
#9680=IFCDIRECTION((0.,1.,0.));
#9681=IFCDIRECTION((0.,0.,1.));
#9682=IFCCARTESIANTRANSFORMATIONOPERATOR3D(#9679,#9680,#9678,1.,#9681);
#9683=IFCMAPPEDITEM(#9577,#9682);
#9684=IFCSHAPEREPRESENTATION(#18,'Profile','MappedRepresentation',(#9683));
#9685=IFCPRODUCTDEFINITIONSHAPE($,$,(#9684,#9692,#9699,#9706));
#9686=IFCCARTESIANPOINT((0.,0.,0.));
#9687=IFCDIRECTION((1.,0.,0.));
#9688=IFCDIRECTION((0.,1.,0.));
#9689=IFCDIRECTION((0.,0.,1.));
#9690=IFCCARTESIANTRANSFORMATIONOPERATOR3D(#9687,#9688,#9686,1.,#9689);
#9691=IFCMAPPEDITEM(#9585,#9690);
#9692=IFCSHAPEREPRESENTATION(#11,'Body','MappedRepresentation',(#9691));
#9693=IFCCARTESIANPOINT((0.,0.,0.));
#9694=IFCDIRECTION((1.,0.,0.));
#9695=IFCDIRECTION((0.,1.,0.));
#9696=IFCDIRECTION((0.,0.,1.));
#9697=IFCCARTESIANTRANSFORMATIONOPERATOR3D(#9694,#9695,#9693,1.,#9696);
#9698=IFCMAPPEDITEM(#9654,#9697);
#9699=IFCSHAPEREPRESENTATION(#24,'Body','MappedRepresentation',(#9698));
#9700=IFCCARTESIANPOINT((0.,0.,0.));
#9701=IFCDIRECTION((1.,0.,0.));
#9702=IFCDIRECTION((0.,1.,0.));
#9703=IFCDIRECTION((0.,0.,1.));
#9704=IFCCARTESIANTRANSFORMATIONOPERATOR3D(#9701,#9702,#9700,1.,#9703);
#9705=IFCMAPPEDITEM(#9666,#9704);
#9706=IFCSHAPEREPRESENTATION(#25,'Annotation','MappedRepresentation',(#9705));
#9707=IFCOPENINGELEMENT('2dzxyMzuvAy9nuWYVC0e1Q',$,'Opening',$,$,#9850,#9735,$,.OPENING.);
#9723=IFCCARTESIANPOINT((0.,0.,0.));
#9724=IFCDIRECTION((1.,0.,0.));
#9725=IFCDIRECTION((0.,0.,1.));
#9726=IFCAXIS2PLACEMENT3D(#9723,#9725,#9724);
#9727=IFCREPRESENTATIONMAP(#9726,#9840);
#9728=IFCCARTESIANPOINT((0.,0.,0.));
#9729=IFCDIRECTION((1.,0.,0.));
#9730=IFCDIRECTION((0.,1.,0.));
#9731=IFCDIRECTION((0.,0.,1.));
#9732=IFCCARTESIANTRANSFORMATIONOPERATOR3D(#9729,#9730,#9728,1.,#9731);
#9733=IFCMAPPEDITEM(#9727,#9732);
#9734=IFCSHAPEREPRESENTATION(#11,'Body','MappedRepresentation',(#9733));
#9735=IFCPRODUCTDEFINITIONSHAPE($,$,(#9734));
#9736=IFCRELVOIDSELEMENT('2Lb83OI4nCRBbKgPnNPWI1',$,$,$,#4209,#9707);
#9742=IFCRELFILLSELEMENT('2i2Lc_sDn8AfjdnuKLbMHq',$,$,$,#9707,#9676);
#9748=IFCCARTESIANPOINTLIST3D(((0.,0.,0.),(1.9958525896072388,0.,0.),(1.9958525896072388,0.,2.),(0.,0.,2.)));
#9749=IFCINDEXEDPOLYCURVE(#9748,(IFCLINEINDEX((1,2,3,4,1))),$);
#9750=IFCSHAPEREPRESENTATION(#18,'Profile','Curve3D',(#9749));
#9751=IFCCARTESIANPOINTLIST2D(((0.,0.),(0.,2.),(1.9958525896072388,2.),(1.9958525896072388,0.),(1.9458525888621807,0.),(1.9458525888621807,1.9499999992549419),(0.05000000074505806,1.9499999992549419),(0.05000000074505806,0.)));
#9752=IFCINDEXEDPOLYCURVE(#9751,(IFCLINEINDEX((1,2,3,4,5,6,7,8,1))),$);
#9753=IFCARBITRARYCLOSEDPROFILEDEF(.AREA.,$,#9752);
#9754=IFCCARTESIANPOINT((0.,0.,0.));
#9755=IFCDIRECTION((0.,-1.,0.));
#9756=IFCDIRECTION((1.,0.,0.));
#9757=IFCAXIS2PLACEMENT3D(#9754,#9755,#9756);
#9758=IFCDIRECTION((0.,0.,-1.));
#9759=IFCEXTRUDEDAREASOLID(#9753,#9757,#9758,0.05000000074505806);
#9760=IFCCARTESIANPOINTLIST2D(((0.,0.),(1.8958525881171227,0.),(1.8958525881171227,0.10000000149011612),(0.,0.10000000149011612)));
#9761=IFCINDEXEDPOLYCURVE(#9760,(IFCLINEINDEX((1,2,3,4,1))),$);
#9762=IFCARBITRARYCLOSEDPROFILEDEF(.AREA.,$,#9761);
#9763=IFCCARTESIANPOINT((0.05000000074505806,0.,0.));
#9764=IFCDIRECTION((0.,0.,1.));
#9765=IFCDIRECTION((1.,0.,0.));
#9766=IFCAXIS2PLACEMENT3D(#9763,#9764,#9765);
#9767=IFCDIRECTION((0.,0.,1.));
#9768=IFCEXTRUDEDAREASOLID(#9762,#9766,#9767,0.02500000037252903);
#9769=IFCCARTESIANPOINTLIST2D(((0.,0.),(0.,2.0250000022351742),(2.0458525940775871,2.0250000022351742),(2.0458525940775871,0.),(1.9708525910973549,0.),(1.9708525910973549,1.9499999992549419),(0.075000002980232239,1.9499999992549419),(0.075000002980232239,0.)));
#9770=IFCINDEXEDPOLYCURVE(#9769,(IFCLINEINDEX((1,2,3,4,5,6,7,8,1))),$);
#9771=IFCARBITRARYCLOSEDPROFILEDEF(.AREA.,$,#9770);
#9772=IFCCARTESIANPOINT((-0.025000002235174179,-0.004999999888241291,0.));
#9773=IFCDIRECTION((0.,-1.,0.));
#9774=IFCDIRECTION((1.,0.,0.));
#9775=IFCAXIS2PLACEMENT3D(#9772,#9773,#9774);
#9776=IFCDIRECTION((0.,0.,-1.));
#9777=IFCEXTRUDEDAREASOLID(#9771,#9775,#9776,0.004999999888241291);
#9778=IFCCARTESIANPOINTLIST2D(((0.,0.),(0.,2.0250000022351742),(2.0458525940775871,2.0250000022351742),(2.0458525940775871,0.),(1.9708525910973549,0.),(1.9708525910973549,1.9499999992549419),(0.075000002980232239,1.9499999992549419),(0.075000002980232239,0.)));
#9779=IFCINDEXEDPOLYCURVE(#9778,(IFCLINEINDEX((1,2,3,4,5,6,7,8,1))),$);
#9780=IFCARBITRARYCLOSEDPROFILEDEF(.AREA.,$,#9779);
#9781=IFCCARTESIANPOINT((-0.025000002235174179,0.05000000074505806,0.));
#9782=IFCDIRECTION((0.,-1.,0.));
#9783=IFCDIRECTION((1.,0.,0.));
#9784=IFCAXIS2PLACEMENT3D(#9781,#9782,#9783);
#9785=IFCDIRECTION((0.,0.,-1.));
#9786=IFCEXTRUDEDAREASOLID(#9780,#9784,#9785,0.004999999888241291);
#9787=IFCCARTESIANPOINTLIST2D(((0.,0.),(1.8958525881171227,0.),(1.8958525881171227,0.035000000149011612),(0.,0.035000000149011612)));
#9788=IFCINDEXEDPOLYCURVE(#9787,(IFCLINEINDEX((1,2,3,4,1))),$);
#9789=IFCARBITRARYCLOSEDPROFILEDEF(.AREA.,$,#9788);
#9790=IFCCARTESIANPOINT((0.05000000074505806,-0.035000000149011612,0.02500000037252903));
#9791=IFCDIRECTION((0.,0.,1.));
#9792=IFCDIRECTION((1.,0.,0.));
#9793=IFCAXIS2PLACEMENT3D(#9790,#9791,#9792);
#9794=IFCDIRECTION((0.,0.,1.));
#9795=IFCEXTRUDEDAREASOLID(#9789,#9793,#9794,1.9249999988824129);
#9796=IFCCARTESIANPOINTLIST2D(((0.,0.),(0.,-0.040000000000000008),(-0.11999999999999988,-0.040000000000000008),(-0.11999999999999988,-0.020000000000000004),(-0.020000000000000018,-0.020000000000000004),(-0.020000000000000018,0.)));
#9797=IFCINDEXEDPOLYCURVE(#9796,(IFCLINEINDEX((1,2,3,4,5,6,1))),$);
#9798=IFCARBITRARYCLOSEDPROFILEDEF(.AREA.,$,#9797);
#9799=IFCCARTESIANPOINT((1.8958525888621807,-0.035000000149011612,1.015000000372529));
#9800=IFCDIRECTION((0.,0.,1.));
#9801=IFCDIRECTION((1.,0.,0.));
#9802=IFCAXIS2PLACEMENT3D(#9799,#9800,#9801);
#9803=IFCDIRECTION((0.,0.,1.));
#9804=IFCEXTRUDEDAREASOLID(#9798,#9802,#9803,0.02);
#9805=IFCEXTRUDEDAREASOLID(#9806,#9809,#9813,0.02);
#9806=IFCARBITRARYCLOSEDPROFILEDEF(.AREA.,$,#9807);
#9807=IFCINDEXEDPOLYCURVE(#9808,(IFCLINEINDEX((1,2,3,4,5,6,1))),$);
#9808=IFCCARTESIANPOINTLIST2D(((0.,0.),(0.,0.040000000000000008),(-0.11999999999999988,0.040000000000000008),(-0.11999999999999988,0.020000000000000004),(-0.020000000000000018,0.020000000000000004),(-0.020000000000000018,0.)));
#9809=IFCAXIS2PLACEMENT3D(#9810,#9811,#9812);
#9810=IFCCARTESIANPOINT((1.8958525888621807,0.,1.015000000372529));
#9811=IFCDIRECTION((0.,0.,1.));
#9812=IFCDIRECTION((1.,0.,0.));
#9813=IFCDIRECTION((0.,0.,1.));
#9814=IFCSHAPEREPRESENTATION(#11,'Body','SweptSolid',(#9759,#9795,#9804,#9805,#9768,#9777,#9786));
#9815=IFCSHAPEREPRESENTATION(#11,'Body','SweptSolid',(#9759,#9768,#9777,#9786));
#9816=IFCSHAPEASPECT((#9815),'Lining',$,.T.,#9685);
#9817=IFCSHAPEREPRESENTATION(#11,'Body','SweptSolid',(#9795,#9804,#9805));
#9818=IFCSHAPEASPECT((#9817),'Framing',$,.T.,#9685);
#9819=IFCCARTESIANPOINTLIST2D(((0.,0.),(0.05000000074505806,0.),(0.05000000074505806,0.05000000074505806),(0.,0.05000000074505806)));
#9820=IFCINDEXEDPOLYCURVE(#9819,(IFCLINEINDEX((1,2,3,4,1))),$);
#9821=IFCINDEXEDPOLYCURVE(#9822,(IFCLINEINDEX((1,2,3,4,1))),$);
#9822=IFCCARTESIANPOINTLIST2D(((1.9958525896072388,0.),(1.9458525888621807,0.),(1.9458525888621807,0.05000000074505806),(1.9958525896072388,0.05000000074505806)));
#9823=IFCCARTESIANPOINTLIST2D(((-0.89792629331350327,-0.035000000149011612),(0.99792629480361938,-0.035000000149011612),(0.99792629480361938,0.),(-0.89792629331350327,0.)));
#9824=IFCINDEXEDPOLYCURVE(#9823,(IFCLINEINDEX((1,2,3,4,1))),$);
#9825=IFCSHAPEREPRESENTATION(#24,'Body','Curve2D',(#9820,#9821,#9824));
#9826=IFCCARTESIANPOINTLIST2D(((0.7135484065860509,-0.081587428267465345),(1.2823041830211879,-0.081587428267465345)));
#9827=IFCINDEXEDPOLYCURVE(#9826,$,$);
#9828=IFCCARTESIANPOINTLIST2D(((0.74354840658605093,-0.050529142855162856),(0.7135484065860509,-0.081587428267465345),(0.74354840658605093,-0.11264571367976783)));
#9829=IFCINDEXEDPOLYCURVE(#9828,$,$);
#9830=IFCSHAPEREPRESENTATION(#25,'Annotation','Curve2D',(#9827,#9829));
#9831=IFCCARTESIANPOINTLIST2D(((0.,0.),(1.9958525896072388,0.),(1.9958525896072388,2.),(0.,2.)));
#9832=IFCINDEXEDPOLYCURVE(#9831,(IFCLINEINDEX((1,2,3,4,1))),$);
#9833=IFCARBITRARYCLOSEDPROFILEDEF(.AREA.,$,#9832);
#9834=IFCCARTESIANPOINT((0.,-0.60000002384185791,0.));
#9835=IFCDIRECTION((0.,-1.,0.));
#9836=IFCDIRECTION((1.,0.,0.));
#9837=IFCAXIS2PLACEMENT3D(#9834,#9835,#9836);
#9838=IFCDIRECTION((0.,0.,-1.));
#9839=IFCEXTRUDEDAREASOLID(#9833,#9837,#9838,1.2);
#9840=IFCSHAPEREPRESENTATION(#11,'Body','SweptSolid',(#9839));
#9846=IFCCARTESIANPOINT((1.3897392120057948,0.075000762939453125,0.));
#9847=IFCDIRECTION((0.,0.,1.));
#9848=IFCDIRECTION((0.99999999999988631,-4.7683715820307079E-07,0.));
#9849=IFCAXIS2PLACEMENT3D(#9846,#9847,#9848);
#9850=IFCLOCALPLACEMENT(#4553,#9849);
#9851=IFCCARTESIANPOINT((-2.2204460492503131E-16,0.,0.));
#9852=IFCDIRECTION((0.,0.,1.));
#9853=IFCDIRECTION((1.,5.2939559203393771E-23,0.));
#9854=IFCAXIS2PLACEMENT3D(#9851,#9852,#9853);
#9855=IFCLOCALPLACEMENT(#9850,#9854);
ENDSEC;
END-ISO-10303-21;
